graph_id,nP,nE,nC,nD,use_ve,param,scale,jaccard,flipped,n_def_base,n_def_scaled,obj_scaled_opt,obj_scaled_base_strategy,optimality_regret
1,17,36,17,6,False,C_benefit,0.7,1.0,0,2,2,-24.8,-24.8,0.0
1,17,36,17,6,False,C_benefit,0.8,1.0,0,2,2,6.3,6.3,0.0
1,17,36,17,6,False,C_benefit,0.9,1.0,0,2,2,37.4,37.4,0.0
1,17,36,17,6,False,C_benefit,1.1,1.0,0,2,2,99.6,99.6,0.0
1,17,36,17,6,False,C_benefit,1.2,1.0,0,2,2,130.7,130.7,0.0
1,17,36,17,6,False,C_benefit,1.3,1.0,0,2,2,161.8,161.8,0.0
1,17,36,17,6,False,P_loss,0.7,1.0,0,2,2,83.05,83.05,0.0
1,17,36,17,6,False,P_loss,0.8,1.0,0,2,2,78.2,78.2,0.0
1,17,36,17,6,False,P_loss,0.9,1.0,0,2,2,73.35,73.35,0.0
1,17,36,17,6,False,P_loss,1.1,1.0,0,2,2,63.65,63.65,0.0
1,17,36,17,6,False,P_loss,1.2,1.0,0,2,2,58.8,58.8,0.0
1,17,36,17,6,False,P_loss,1.3,1.0,0,2,2,53.95,53.95,0.0
1,17,36,17,6,False,D_cost,0.7,1.0,0,2,2,126.7,126.7,0.0
1,17,36,17,6,False,D_cost,0.8,1.0,0,2,2,107.3,107.3,0.0
1,17,36,17,6,False,D_cost,0.9,1.0,0,2,2,87.9,87.9,0.0
1,17,36,17,6,False,D_cost,1.1,1.0,0,2,2,49.1,49.1,0.0
1,17,36,17,6,False,D_cost,1.2,1.0,0,2,2,29.7,29.7,0.0
1,17,36,17,6,False,D_cost,1.3,1.0,0,2,2,10.3,10.3,0.0
1,17,36,17,6,False,E_prob,0.7,1.0,0,2,2,83.05,83.05,0.0
1,17,36,17,6,False,E_prob,0.8,1.0,0,2,2,78.1999,78.1999,0.0
1,17,36,17,6,False,E_prob,0.9,1.0,0,2,2,73.35,73.35,0.0
1,17,36,17,6,False,E_prob,1.1,1.0,0,2,2,63.65,63.65,0.0
1,17,36,17,6,False,E_prob,1.2,1.0,0,2,2,58.7999,58.7999,0.0
1,17,36,17,6,False,E_prob,1.3,1.0,0,2,2,53.95,53.95,0.0
2,12,19,10,4,False,C_benefit,0.7,0.3333,2,2,2,-113.4,-115.3,0.016755
2,12,19,10,4,False,C_benefit,0.8,0.3333,2,2,2,-106.6,-107.2,0.005629
2,12,19,10,4,False,C_benefit,0.9,1.0,0,2,2,-99.1,-99.1,0.0
2,12,19,10,4,False,C_benefit,1.1,1.0,0,2,2,-82.9,-82.9,0.0
2,12,19,10,4,False,C_benefit,1.2,1.0,0,2,2,-74.8,-74.8,0.0
2,12,19,10,4,False,C_benefit,1.3,1.0,0,2,2,-66.7,-66.7,0.0
2,12,19,10,4,False,P_loss,0.7,1.0,0,2,2,-91.0,-91.0,0.0
2,12,19,10,4,False,P_loss,0.8,1.0,0,2,2,-91.0,-91.0,0.0
2,12,19,10,4,False,P_loss,0.9,1.0,0,2,2,-91.0,-91.0,0.0
2,12,19,10,4,False,P_loss,1.1,1.0,0,2,2,-91.0,-91.0,0.0
2,12,19,10,4,False,P_loss,1.2,1.0,0,2,2,-91.0,-91.0,0.0
2,12,19,10,4,False,P_loss,1.3,1.0,0,2,2,-91.0,-91.0,0.0
2,12,19,10,4,False,D_cost,0.7,1.0,0,2,2,-39.4,-39.4,0.0
2,12,19,10,4,False,D_cost,0.8,1.0,0,2,2,-56.6,-56.6,0.0
2,12,19,10,4,False,D_cost,0.9,1.0,0,2,2,-73.8,-73.8,0.0
2,12,19,10,4,False,D_cost,1.1,1.0,0,2,2,-108.2,-108.2,0.0
2,12,19,10,4,False,D_cost,1.2,0.3333,2,2,2,-125.2,-125.4,0.001597
2,12,19,10,4,False,D_cost,1.3,0.3333,2,2,2,-141.3,-142.6,0.0092
2,12,19,10,4,False,E_prob,0.7,1.0,0,2,2,-91.0,-91.0,0.0
2,12,19,10,4,False,E_prob,0.8,1.0,0,2,2,-91.0,-91.0,0.0
2,12,19,10,4,False,E_prob,0.9,1.0,0,2,2,-91.0,-91.0,0.0
2,12,19,10,4,False,E_prob,1.1,1.0,0,2,2,-91.0,-91.0,0.0
2,12,19,10,4,False,E_prob,1.2,1.0,0,2,2,-91.0,-91.0,0.0
2,12,19,10,4,False,E_prob,1.3,1.0,0,2,2,-91.0,-91.0,0.0
3,12,22,12,4,False,C_benefit,0.7,1.0,0,3,3,-284.4,-284.4,0.0
3,12,22,12,4,False,C_benefit,0.8,1.0,0,3,3,-278.6,-278.6,0.0
3,12,22,12,4,False,C_benefit,0.9,1.0,0,3,3,-272.8,-272.8,0.0
3,12,22,12,4,False,C_benefit,1.1,1.0,0,3,3,-261.2,-261.2,0.0
3,12,22,12,4,False,C_benefit,1.2,1.0,0,3,3,-255.4,-255.4,0.0
3,12,22,12,4,False,C_benefit,1.3,1.0,0,3,3,-249.6,-249.6,0.0
3,12,22,12,4,False,P_loss,0.7,1.0,0,3,3,-267.0,-267.0,0.0
3,12,22,12,4,False,P_loss,0.8,1.0,0,3,3,-267.0,-267.0,0.0
3,12,22,12,4,False,P_loss,0.9,1.0,0,3,3,-267.0,-267.0,0.0
3,12,22,12,4,False,P_loss,1.1,1.0,0,3,3,-267.0,-267.0,0.0
3,12,22,12,4,False,P_loss,1.2,1.0,0,3,3,-267.0,-267.0,0.0
3,12,22,12,4,False,P_loss,1.3,1.0,0,3,3,-267.0,-267.0,0.0
3,12,22,12,4,False,D_cost,0.7,1.0,0,3,3,-169.5,-169.5,0.0
3,12,22,12,4,False,D_cost,0.8,1.0,0,3,3,-202.0,-202.0,0.0
3,12,22,12,4,False,D_cost,0.9,1.0,0,3,3,-234.5,-234.5,0.0
3,12,22,12,4,False,D_cost,1.1,1.0,0,3,3,-299.5,-299.5,0.0
3,12,22,12,4,False,D_cost,1.2,1.0,0,3,3,-332.0,-332.0,0.0
3,12,22,12,4,False,D_cost,1.3,1.0,0,3,3,-364.5,-364.5,0.0
3,12,22,12,4,False,E_prob,0.7,1.0,0,3,3,-267.0,-267.0,0.0
3,12,22,12,4,False,E_prob,0.8,1.0,0,3,3,-267.0,-267.0,0.0
3,12,22,12,4,False,E_prob,0.9,1.0,0,3,3,-267.0,-267.0,0.0
3,12,22,12,4,False,E_prob,1.1,1.0,0,3,3,-267.0,-267.0,0.0
3,12,22,12,4,False,E_prob,1.2,1.0,0,3,3,-267.0,-267.0,0.0
3,12,22,12,4,False,E_prob,1.3,1.0,0,3,3,-267.0,-267.0,0.0
4,17,28,14,5,False,C_benefit,0.7,1.0,0,3,3,-232.2,-232.2,0.0
4,17,28,14,5,False,C_benefit,0.8,1.0,0,3,3,-220.8,-220.8,0.0
4,17,28,14,5,False,C_benefit,0.9,1.0,0,3,3,-209.4,-209.4,0.0
4,17,28,14,5,False,C_benefit,1.1,1.0,0,3,3,-186.6,-186.6,0.0
4,17,28,14,5,False,C_benefit,1.2,1.0,0,3,3,-175.2,-175.2,0.0
4,17,28,14,5,False,C_benefit,1.3,1.0,0,3,3,-163.8,-163.8,0.0
4,17,28,14,5,False,P_loss,0.7,1.0,0,3,3,-198.0,-198.0,0.0
4,17,28,14,5,False,P_loss,0.8,1.0,0,3,3,-198.0,-198.0,0.0
4,17,28,14,5,False,P_loss,0.9,1.0,0,3,3,-198.0,-198.0,0.0
4,17,28,14,5,False,P_loss,1.1,1.0,0,3,3,-198.0,-198.0,0.0
4,17,28,14,5,False,P_loss,1.2,1.0,0,3,3,-198.0,-198.0,0.0
4,17,28,14,5,False,P_loss,1.3,1.0,0,3,3,-198.0,-198.0,0.0
4,17,28,14,5,False,D_cost,0.7,1.0,0,3,3,-104.4,-104.4,0.0
4,17,28,14,5,False,D_cost,0.8,1.0,0,3,3,-135.6,-135.6,0.0
4,17,28,14,5,False,D_cost,0.9,1.0,0,3,3,-166.8,-166.8,0.0
4,17,28,14,5,False,D_cost,1.1,1.0,0,3,3,-229.2,-229.2,0.0
4,17,28,14,5,False,D_cost,1.2,1.0,0,3,3,-260.4,-260.4,0.0
4,17,28,14,5,False,D_cost,1.3,1.0,0,3,3,-291.6,-291.6,0.0
4,17,28,14,5,False,E_prob,0.7,1.0,0,3,3,-198.0,-198.0,0.0
4,17,28,14,5,False,E_prob,0.8,1.0,0,3,3,-198.0,-198.0,0.0
4,17,28,14,5,False,E_prob,0.9,1.0,0,3,3,-198.0,-198.0,0.0
4,17,28,14,5,False,E_prob,1.1,1.0,0,3,3,-198.0,-198.0,0.0
4,17,28,14,5,False,E_prob,1.2,1.0,0,3,3,-198.0,-198.0,0.0
4,17,28,14,5,False,E_prob,1.3,1.0,0,3,3,-198.0,-198.0,0.0
5,14,24,12,4,False,C_benefit,0.7,1.0,0,2,2,-127.0001,-127.0001,0.0
5,14,24,12,4,False,C_benefit,0.8,1.0,0,2,2,-110.0001,-110.0001,0.0
5,14,24,12,4,False,C_benefit,0.9,1.0,0,2,2,-93.0001,-93.0001,0.0
5,14,24,12,4,False,C_benefit,1.1,1.0,0,2,2,-59.0001,-59.0001,0.0
5,14,24,12,4,False,C_benefit,1.2,1.0,0,2,2,-42.0001,-42.0001,0.0
5,14,24,12,4,False,C_benefit,1.3,1.0,0,2,2,-25.0001,-25.0001,0.0
5,14,24,12,4,False,P_loss,0.7,1.0,0,2,2,-76.0001,-76.0001,0.0
5,14,24,12,4,False,P_loss,0.8,1.0,0,2,2,-76.0001,-76.0001,0.0
5,14,24,12,4,False,P_loss,0.9,1.0,0,2,2,-76.0001,-76.0001,0.0
5,14,24,12,4,False,P_loss,1.1,1.0,0,2,2,-76.0001,-76.0001,0.0
5,14,24,12,4,False,P_loss,1.2,1.0,0,2,2,-76.0001,-76.0001,0.0
5,14,24,12,4,False,P_loss,1.3,1.0,0,2,2,-76.0001,-76.0001,0.0
5,14,24,12,4,False,D_cost,0.7,1.0,0,2,2,-2.2001,-2.2001,0.0
5,14,24,12,4,False,D_cost,0.8,1.0,0,2,2,-26.8001,-26.8001,0.0
5,14,24,12,4,False,D_cost,0.9,1.0,0,2,2,-51.4001,-51.4001,0.0
5,14,24,12,4,False,D_cost,1.1,1.0,0,2,2,-100.6001,-100.6001,0.0
5,14,24,12,4,False,D_cost,1.2,1.0,0,2,2,-125.2001,-125.2001,0.0
5,14,24,12,4,False,D_cost,1.3,1.0,0,2,2,-149.8001,-149.8001,0.0
5,14,24,12,4,False,E_prob,0.7,1.0,0,2,2,-76.0001,-76.0001,0.0
5,14,24,12,4,False,E_prob,0.8,1.0,0,2,2,-76.0002,-76.0002,0.0
5,14,24,12,4,False,E_prob,0.9,1.0,0,2,2,-76.0002,-76.0002,0.0
5,14,24,12,4,False,E_prob,1.1,1.0,0,2,2,-76.0001,-76.0001,0.0
5,14,24,12,4,False,E_prob,1.2,1.0,0,2,2,-76.0002,-76.0002,0.0
5,14,24,12,4,False,E_prob,1.3,1.0,0,2,2,-76.0002,-76.0002,0.0
6,13,27,14,5,False,C_benefit,0.7,1.0,0,2,2,-252.2001,-252.2001,0.0
6,13,27,14,5,False,C_benefit,0.8,1.0,0,2,2,-236.4001,-236.4001,0.0
6,13,27,14,5,False,C_benefit,0.9,1.0,0,2,2,-220.6001,-220.6001,0.0
6,13,27,14,5,False,C_benefit,1.1,1.0,0,2,2,-189.0001,-189.0001,0.0
6,13,27,14,5,False,C_benefit,1.2,1.0,0,2,2,-173.2001,-173.2001,0.0
6,13,27,14,5,False,C_benefit,1.3,1.0,0,2,2,-157.4001,-157.4001,0.0
6,13,27,14,5,False,P_loss,0.7,1.0,0,2,2,-162.5601,-162.5601,0.0
6,13,27,14,5,False,P_loss,0.8,1.0,0,2,2,-176.6401,-176.6401,0.0
6,13,27,14,5,False,P_loss,0.9,1.0,0,2,2,-190.7201,-190.7201,0.0
6,13,27,14,5,False,P_loss,1.1,1.0,0,2,2,-218.8801,-218.8801,0.0
6,13,27,14,5,False,P_loss,1.2,1.0,0,2,2,-232.9601,-232.9601,0.0
6,13,27,14,5,False,P_loss,1.3,1.0,0,2,2,-247.0401,-247.0401,0.0
6,13,27,14,5,False,D_cost,0.7,1.0,0,2,2,-138.2001,-138.2001,0.0
6,13,27,14,5,False,D_cost,0.8,1.0,0,2,2,-160.4001,-160.4001,0.0
6,13,27,14,5,False,D_cost,0.9,1.0,0,2,2,-182.6001,-182.6001,0.0
6,13,27,14,5,False,D_cost,1.1,1.0,0,2,2,-227.0001,-227.0001,0.0
6,13,27,14,5,False,D_cost,1.2,1.0,0,2,2,-249.2001,-249.2001,0.0
6,13,27,14,5,False,D_cost,1.3,1.0,0,2,2,-271.4001,-271.4001,0.0
6,13,27,14,5,False,E_prob,0.7,1.0,0,2,2,-162.5602,-162.5602,0.0
6,13,27,14,5,False,E_prob,0.8,1.0,0,2,2,-176.6402,-176.6402,0.0
6,13,27,14,5,False,E_prob,0.9,1.0,0,2,2,-190.7203,-190.7203,0.0
6,13,27,14,5,False,E_prob,1.1,1.0,0,2,2,-218.8801,-218.8801,0.0
6,13,27,14,5,False,E_prob,1.2,1.0,0,2,2,-232.9601,-232.9601,0.0
6,13,27,14,5,False,E_prob,1.3,1.0,0,2,2,-239.8242,-239.8242,0.0
7,13,25,12,4,False,C_benefit,0.7,1.0,0,2,2,-116.0,-116.0,0.0
7,13,25,12,4,False,C_benefit,0.8,1.0,0,2,2,-103.0,-103.0,0.0
7,13,25,12,4,False,C_benefit,0.9,1.0,0,2,2,-90.0,-90.0,0.0
7,13,25,12,4,False,C_benefit,1.1,1.0,0,2,2,-64.0,-64.0,0.0
7,13,25,12,4,False,C_benefit,1.2,1.0,0,2,2,-51.0,-51.0,0.0
7,13,25,12,4,False,C_benefit,1.3,0.5,1,2,1,-4.3745,-38.0,7.686651
7,13,25,12,4,False,P_loss,0.7,0.5,1,2,1,-6.5122,-77.0,10.824016
7,13,25,12,4,False,P_loss,0.8,0.5,1,2,1,-26.2996,-77.0,1.927799
7,13,25,12,4,False,P_loss,0.9,0.5,1,2,1,-46.0871,-77.0,0.670751
7,13,25,12,4,False,P_loss,1.1,1.0,0,2,2,-77.0,-77.0,0.0
7,13,25,12,4,False,P_loss,1.2,1.0,0,2,2,-77.0,-77.0,0.0
7,13,25,12,4,False,P_loss,1.3,1.0,0,2,2,-77.0,-77.0,0.0
7,13,25,12,4,False,D_cost,0.7,1.0,0,2,2,-14.9,-14.9,0.0
7,13,25,12,4,False,D_cost,0.8,1.0,0,2,2,-35.6,-35.6,0.0
7,13,25,12,4,False,D_cost,0.9,1.0,0,2,2,-56.3,-56.3,0.0
7,13,25,12,4,False,D_cost,1.1,1.0,0,2,2,-97.7,-97.7,0.0
7,13,25,12,4,False,D_cost,1.2,0.5,1,2,1,-80.4745,-118.4,0.471273
7,13,25,12,4,False,D_cost,1.3,0.5,1,2,1,-87.7745,-139.1,0.584742
7,13,25,12,4,False,E_prob,0.7,0.5,1,2,1,-4.2933,-77.0,16.934899
7,13,25,12,4,False,E_prob,0.8,0.5,1,2,1,-24.6515,-77.0,2.123537
7,13,25,12,4,False,E_prob,0.9,0.5,1,2,1,-45.1839,-77.0,0.704146
7,13,25,12,4,False,E_prob,1.1,1.0,0,2,2,-77.0,-77.0,0.0
7,13,25,12,4,False,E_prob,1.2,1.0,0,2,2,-77.0,-77.0,0.0
7,13,25,12,4,False,E_prob,1.3,1.0,0,2,2,-77.0,-77.0,0.0
8,13,24,12,4,False,C_benefit,0.7,1.0,0,2,2,-90.3,-90.3,0.0
8,13,24,12,4,False,C_benefit,0.8,1.0,0,2,2,-75.2,-75.2,0.0
8,13,24,12,4,False,C_benefit,0.9,1.0,0,2,2,-60.1,-60.1,0.0
8,13,24,12,4,False,C_benefit,1.1,1.0,0,2,2,-29.9,-29.9,0.0
8,13,24,12,4,False,C_benefit,1.2,1.0,0,2,2,-14.8,-14.8,0.0
8,13,24,12,4,False,C_benefit,1.3,1.0,0,2,2,0.3,0.3,0.0
8,13,24,12,4,False,P_loss,0.7,1.0,0,2,2,-45.0,-45.0,0.0
8,13,24,12,4,False,P_loss,0.8,1.0,0,2,2,-45.0,-45.0,0.0
8,13,24,12,4,False,P_loss,0.9,1.0,0,2,2,-45.0,-45.0,0.0
8,13,24,12,4,False,P_loss,1.1,1.0,0,2,2,-45.0,-45.0,0.0
8,13,24,12,4,False,P_loss,1.2,1.0,0,2,2,-45.0,-45.0,0.0
8,13,24,12,4,False,P_loss,1.3,1.0,0,2,2,-45.0,-45.0,0.0
8,13,24,12,4,False,D_cost,0.7,1.0,0,2,2,13.8,13.8,0.0
8,13,24,12,4,False,D_cost,0.8,1.0,0,2,2,-5.8,-5.8,0.0
8,13,24,12,4,False,D_cost,0.9,1.0,0,2,2,-25.4,-25.4,0.0
8,13,24,12,4,False,D_cost,1.1,1.0,0,2,2,-64.6,-64.6,0.0
8,13,24,12,4,False,D_cost,1.2,1.0,0,2,2,-84.2,-84.2,0.0
8,13,24,12,4,False,D_cost,1.3,1.0,0,2,2,-103.8,-103.8,0.0
8,13,24,12,4,False,E_prob,0.7,1.0,0,2,2,-45.0,-45.0,0.0
8,13,24,12,4,False,E_prob,0.8,1.0,0,2,2,-45.0,-45.0,0.0
8,13,24,12,4,False,E_prob,0.9,1.0,0,2,2,-45.0,-45.0,0.0
8,13,24,12,4,False,E_prob,1.1,1.0,0,2,2,-45.0,-45.0,0.0
8,13,24,12,4,False,E_prob,1.2,1.0,0,2,2,-45.0,-45.0,0.0
8,13,24,12,4,False,E_prob,1.3,1.0,0,2,2,-45.0,-45.0,0.0
9,17,32,18,6,False,C_benefit,0.7,1.0,0,2,2,-75.6,-75.6,0.0
9,17,32,18,6,False,C_benefit,0.8,1.0,0,2,2,-45.4,-45.4,0.0
9,17,32,18,6,False,C_benefit,0.9,1.0,0,2,2,-15.2,-15.2,0.0
9,17,32,18,6,False,C_benefit,1.1,1.0,0,2,2,45.2,45.2,0.0
9,17,32,18,6,False,C_benefit,1.2,1.0,0,2,2,75.4,75.4,0.0
9,17,32,18,6,False,C_benefit,1.3,1.0,0,2,2,105.6,105.6,0.0
9,17,32,18,6,False,P_loss,0.7,1.0,0,2,2,26.1,26.1,0.0
9,17,32,18,6,False,P_loss,0.8,1.0,0,2,2,22.4,22.4,0.0
9,17,32,18,6,False,P_loss,0.9,1.0,0,2,2,18.7,18.7,0.0
9,17,32,18,6,False,P_loss,1.1,1.0,0,2,2,11.3,11.3,0.0
9,17,32,18,6,False,P_loss,1.2,1.0,0,2,2,7.6,7.6,0.0
9,17,32,18,6,False,P_loss,1.3,1.0,0,2,2,3.9,3.9,0.0
9,17,32,18,6,False,D_cost,0.7,1.0,0,2,2,90.0,90.0,0.0
9,17,32,18,6,False,D_cost,0.8,1.0,0,2,2,65.0,65.0,0.0
9,17,32,18,6,False,D_cost,0.9,1.0,0,2,2,40.0,40.0,0.0
9,17,32,18,6,False,D_cost,1.1,1.0,0,2,2,-10.0,-10.0,0.0
9,17,32,18,6,False,D_cost,1.2,1.0,0,2,2,-35.0,-35.0,0.0
9,17,32,18,6,False,D_cost,1.3,1.0,0,2,2,-60.0,-60.0,0.0
9,17,32,18,6,False,E_prob,0.7,1.0,0,2,2,26.1,26.1,0.0
9,17,32,18,6,False,E_prob,0.8,1.0,0,2,2,22.4,22.4,0.0
9,17,32,18,6,False,E_prob,0.9,1.0,0,2,2,18.6999,18.6999,0.0
9,17,32,18,6,False,E_prob,1.1,1.0,0,2,2,11.3,11.3,0.0
9,17,32,18,6,False,E_prob,1.2,1.0,0,2,2,7.6,7.6,0.0
9,17,32,18,6,False,E_prob,1.3,1.0,0,2,2,3.8999,3.8999,0.0
10,12,27,14,5,False,C_benefit,0.7,1.0,0,2,2,-93.2001,-93.2001,0.0
10,12,27,14,5,False,C_benefit,0.8,1.0,0,2,2,-75.8001,-75.8001,0.0
10,12,27,14,5,False,C_benefit,0.9,1.0,0,2,2,-58.4001,-58.4001,0.0
10,12,27,14,5,False,C_benefit,1.1,1.0,0,2,2,-23.6001,-23.6001,0.0
10,12,27,14,5,False,C_benefit,1.2,0.3333,2,2,2,-4.1601,-6.2001,0.49038
10,12,27,14,5,False,C_benefit,1.3,0.3333,2,2,2,17.3399,11.1999,0.354096
10,12,27,14,5,False,P_loss,0.7,0.3333,2,2,2,-33.012,-41.0,0.241973
10,12,27,14,5,False,P_loss,0.8,0.3333,2,2,2,-37.728,-41.0001,0.086726
10,12,27,14,5,False,P_loss,0.9,1.0,0,2,2,-41.0001,-41.0001,0.0
10,12,27,14,5,False,P_loss,1.1,1.0,0,2,2,-41.0001,-41.0001,0.0
10,12,27,14,5,False,P_loss,1.2,1.0,0,2,2,-41.0001,-41.0001,0.0
10,12,27,14,5,False,P_loss,1.3,1.0,0,2,2,-41.0001,-41.0001,0.0
10,12,27,14,5,False,D_cost,0.7,1.0,0,2,2,23.4999,23.4999,0.0
10,12,27,14,5,False,D_cost,0.8,1.0,0,2,2,1.9999,1.9999,0.0
10,12,27,14,5,False,D_cost,0.9,1.0,0,2,2,-19.5001,-19.5001,0.0
10,12,27,14,5,False,D_cost,1.1,1.0,0,2,2,-62.5001,-62.5001,0.0
10,12,27,14,5,False,D_cost,1.2,1.0,0,2,2,-84.0001,-84.0001,0.0
10,12,27,14,5,False,D_cost,1.3,1.0,0,2,2,-105.5001,-105.5001,0.0
10,12,27,14,5,False,E_prob,0.7,0.3333,2,2,2,-33.0121,-41.0001,0.241973
10,12,27,14,5,False,E_prob,0.8,0.3333,2,2,2,-37.7281,-41.0001,0.086725
10,12,27,14,5,False,E_prob,0.9,1.0,0,2,2,-41.0001,-41.0001,0.0
10,12,27,14,5,False,E_prob,1.1,1.0,0,2,2,-41.0001,-41.0001,0.0
10,12,27,14,5,False,E_prob,1.2,1.0,0,2,2,-41.0001,-41.0001,0.0
10,12,27,14,5,False,E_prob,1.3,1.0,0,2,2,-41.0001,-41.0001,0.0
11,17,42,20,7,False,C_benefit,0.7,1.0,0,2,2,-79.8001,-79.8001,0.0
11,17,42,20,7,False,C_benefit,0.8,1.0,0,2,2,-42.6001,-42.6001,0.0
11,17,42,20,7,False,C_benefit,0.9,1.0,0,2,2,-5.4001,-5.4001,0.0
11,17,42,20,7,False,C_benefit,1.1,1.0,0,2,2,68.9999,68.9999,0.0
11,17,42,20,7,False,C_benefit,1.2,1.0,0,2,2,106.1999,106.1999,0.0
11,17,42,20,7,False,C_benefit,1.3,1.0,0,2,2,143.3999,143.3999,0.0
11,17,42,20,7,False,P_loss,0.7,1.0,0,2,2,68.76,68.76,0.0
11,17,42,20,7,False,P_loss,0.8,1.0,0,2,2,56.44,56.44,0.0
11,17,42,20,7,False,P_loss,0.9,1.0,0,2,2,44.1199,44.1199,0.0
11,17,42,20,7,False,P_loss,1.1,1.0,0,2,2,19.4799,19.4799,0.0
11,17,42,20,7,False,P_loss,1.2,1.0,0,2,2,7.1599,7.1599,0.0
11,17,42,20,7,False,P_loss,1.3,1.0,0,2,2,-5.1601,-5.1601,0.0
11,17,42,20,7,False,D_cost,0.7,1.0,0,2,2,96.8999,96.8999,0.0
11,17,42,20,7,False,D_cost,0.8,1.0,0,2,2,75.1999,75.1999,0.0
11,17,42,20,7,False,D_cost,0.9,1.0,0,2,2,53.4999,53.4999,0.0
11,17,42,20,7,False,D_cost,1.1,1.0,0,2,2,10.0999,10.0999,0.0
11,17,42,20,7,False,D_cost,1.2,1.0,0,2,2,-11.6001,-11.6001,0.0
11,17,42,20,7,False,D_cost,1.3,1.0,0,2,2,-33.3001,-33.3001,0.0
11,17,42,20,7,False,E_prob,0.7,1.0,0,2,2,68.7599,68.7599,0.0
11,17,42,20,7,False,E_prob,0.8,1.0,0,2,2,56.4399,56.4399,0.0
11,17,42,20,7,False,E_prob,0.9,1.0,0,2,2,44.12,44.12,0.0
11,17,42,20,7,False,E_prob,1.1,1.0,0,2,2,19.48,19.48,0.0
11,17,42,20,7,False,E_prob,1.2,1.0,0,2,2,7.1599,7.1599,0.0
11,17,42,20,7,False,E_prob,1.3,1.0,0,2,2,-5.1601,-5.1601,0.0
12,17,34,15,5,False,C_benefit,0.7,1.0,0,1,1,116.4998,116.4998,0.0
12,17,34,15,5,False,C_benefit,0.8,1.0,0,1,1,144.9998,144.9998,0.0
12,17,34,15,5,False,C_benefit,0.9,1.0,0,1,1,173.4998,173.4998,0.0
12,17,34,15,5,False,C_benefit,1.1,1.0,0,1,1,230.4998,230.4998,0.0
12,17,34,15,5,False,C_benefit,1.2,1.0,0,1,1,258.9998,258.9998,0.0
12,17,34,15,5,False,C_benefit,1.3,1.0,0,1,1,287.4998,287.4998,0.0
12,17,34,15,5,False,P_loss,0.7,1.0,0,1,1,201.9999,201.9999,0.0
12,17,34,15,5,False,P_loss,0.8,1.0,0,1,1,201.9998,201.9998,0.0
12,17,34,15,5,False,P_loss,0.9,1.0,0,1,1,201.9998,201.9998,0.0
12,17,34,15,5,False,P_loss,1.1,1.0,0,1,1,201.9998,201.9998,0.0
12,17,34,15,5,False,P_loss,1.2,1.0,0,1,1,201.9997,201.9997,0.0
12,17,34,15,5,False,P_loss,1.3,1.0,0,1,1,201.9997,201.9997,0.0
12,17,34,15,5,False,D_cost,0.7,1.0,0,1,1,226.8998,226.8998,0.0
12,17,34,15,5,False,D_cost,0.8,1.0,0,1,1,218.5998,218.5998,0.0
12,17,34,15,5,False,D_cost,0.9,1.0,0,1,1,210.2998,210.2998,0.0
12,17,34,15,5,False,D_cost,1.1,1.0,0,1,1,193.6998,193.6998,0.0
12,17,34,15,5,False,D_cost,1.2,1.0,0,1,1,185.3998,185.3998,0.0
12,17,34,15,5,False,D_cost,1.3,1.0,0,1,1,177.0998,177.0998,0.0
12,17,34,15,5,False,E_prob,0.7,1.0,0,1,1,201.9998,201.9998,0.0
12,17,34,15,5,False,E_prob,0.8,1.0,0,1,1,201.9998,201.9998,0.0
12,17,34,15,5,False,E_prob,0.9,1.0,0,1,1,201.9999,201.9999,0.0
12,17,34,15,5,False,E_prob,1.1,1.0,0,1,1,201.9999,201.9999,0.0
12,17,34,15,5,False,E_prob,1.2,1.0,0,1,1,201.9998,201.9998,0.0
12,17,34,15,5,False,E_prob,1.3,1.0,0,1,1,201.9999,201.9999,0.0
13,16,35,17,6,False,C_benefit,0.7,1.0,0,2,2,-74.6803,-74.6803,0.0
13,16,35,17,6,False,C_benefit,0.8,1.0,0,2,2,-49.8803,-49.8803,0.0
13,16,35,17,6,False,C_benefit,0.9,1.0,0,2,2,-25.0803,-25.0803,0.0
13,16,35,17,6,False,C_benefit,1.1,0.0,4,2,2,24.5799,24.5197,0.002451
13,16,35,17,6,False,C_benefit,1.2,0.0,4,2,2,49.5799,49.3197,0.005249
13,16,35,17,6,False,C_benefit,1.3,0.0,4,2,2,74.5799,74.1197,0.006171
13,16,35,17,6,False,P_loss,0.7,1.0,0,2,2,12.1038,12.1038,0.0
13,16,35,17,6,False,P_loss,0.8,1.0,0,2,2,7.9757,7.9757,0.0
13,16,35,17,6,False,P_loss,0.9,1.0,0,2,2,3.8477,3.8477,0.0
13,16,35,17,6,False,P_loss,1.1,0.0,4,2,2,-3.4621,-4.4083,0.273329
13,16,35,17,6,False,P_loss,1.2,0.0,4,2,2,-6.5041,-8.5364,0.312467
13,16,35,17,6,False,P_loss,1.3,0.0,4,2,2,-9.5461,-12.6644,0.326661
13,16,35,17,6,False,D_cost,0.7,0.0,4,2,2,65.5799,61.8197,0.057338
13,16,35,17,6,False,D_cost,0.8,0.0,4,2,2,43.5799,41.1197,0.056454
13,16,35,17,6,False,D_cost,0.9,0.0,4,2,2,21.5799,20.4197,0.053765
13,16,35,17,6,False,D_cost,1.1,1.0,0,2,2,-20.9803,-20.9803,0.0
13,16,35,17,6,False,D_cost,1.2,1.0,0,2,2,-41.6803,-41.6803,0.0
13,16,35,17,6,False,D_cost,1.3,1.0,0,2,2,-62.3803,-62.3803,0.0
13,16,35,17,6,False,E_prob,0.7,1.0,0,2,2,12.1038,12.1038,0.0
13,16,35,17,6,False,E_prob,0.8,1.0,0,2,2,7.9755,7.9755,0.0
13,16,35,17,6,False,E_prob,0.9,1.0,0,2,2,3.8476,3.8476,0.0
13,16,35,17,6,False,E_prob,1.1,0.0,4,2,2,-3.4621,-4.4082,0.273287
13,16,35,17,6,False,E_prob,1.2,0.0,4,2,2,-6.504,-8.5363,0.312468
13,16,35,17,6,False,E_prob,1.3,0.0,4,2,2,-9.546,-12.6642,0.326643
14,12,25,12,4,False,C_benefit,0.7,1.0,0,2,2,-75.8001,-75.8001,0.0
14,12,25,12,4,False,C_benefit,0.8,1.0,0,2,2,-61.2001,-61.2001,0.0
14,12,25,12,4,False,C_benefit,0.9,1.0,0,2,2,-46.6001,-46.6001,0.0
14,12,25,12,4,False,C_benefit,1.1,0.3333,2,2,2,-17.2,-17.4001,0.011631
14,12,25,12,4,False,C_benefit,1.2,0.3333,2,2,2,-2.4,-2.8001,0.166689
14,12,25,12,4,False,C_benefit,1.3,0.3333,2,2,2,12.4,11.7999,0.048392
14,12,25,12,4,False,P_loss,0.7,1.0,0,2,2,-32.0001,-32.0001,0.0
14,12,25,12,4,False,P_loss,0.8,1.0,0,2,2,-32.0001,-32.0001,0.0
14,12,25,12,4,False,P_loss,0.9,1.0,0,2,2,-32.0001,-32.0001,0.0
14,12,25,12,4,False,P_loss,1.1,1.0,0,2,2,-32.0001,-32.0001,0.0
14,12,25,12,4,False,P_loss,1.2,1.0,0,2,2,-32.0001,-32.0001,0.0
14,12,25,12,4,False,P_loss,1.3,1.0,0,2,2,-32.0001,-32.0001,0.0
14,12,25,12,4,False,D_cost,0.7,0.3333,2,2,2,22.0,21.3999,0.027275
14,12,25,12,4,False,D_cost,0.8,0.3333,2,2,2,4.0,3.5999,0.100016
14,12,25,12,4,False,D_cost,0.9,0.3333,2,2,2,-14.0,-14.2001,0.01429
14,12,25,12,4,False,D_cost,1.1,1.0,0,2,2,-49.8001,-49.8001,0.0
14,12,25,12,4,False,D_cost,1.2,1.0,0,2,2,-67.6001,-67.6001,0.0
14,12,25,12,4,False,D_cost,1.3,1.0,0,2,2,-85.4001,-85.4001,0.0
14,12,25,12,4,False,E_prob,0.7,1.0,0,2,2,-32.0001,-32.0001,0.0
14,12,25,12,4,False,E_prob,0.8,1.0,0,2,2,-32.0001,-32.0001,0.0
14,12,25,12,4,False,E_prob,0.9,1.0,0,2,2,-32.0001,-32.0001,0.0
14,12,25,12,4,False,E_prob,1.1,1.0,0,2,2,-32.0001,-32.0001,0.0
14,12,25,12,4,False,E_prob,1.2,1.0,0,2,2,-32.0001,-32.0001,0.0
14,12,25,12,4,False,E_prob,1.3,1.0,0,2,2,-32.0001,-32.0001,0.0
15,16,38,17,6,False,C_benefit,0.7,1.0,0,3,3,-172.7201,-172.7201,0.0
15,16,38,17,6,False,C_benefit,0.8,1.0,0,3,3,-152.4201,-152.4201,0.0
15,16,38,17,6,False,C_benefit,0.9,1.0,0,3,3,-132.1201,-132.1201,0.0
15,16,38,17,6,False,C_benefit,1.1,1.0,0,3,3,-91.5201,-91.5201,0.0
15,16,38,17,6,False,C_benefit,1.2,1.0,0,3,3,-71.2201,-71.2201,0.0
15,16,38,17,6,False,C_benefit,1.3,1.0,0,3,3,-50.9201,-50.9201,0.0
15,16,38,17,6,False,P_loss,0.7,1.0,0,3,3,-108.874,-108.874,0.0
15,16,38,17,6,False,P_loss,0.8,1.0,0,3,3,-109.8561,-109.8561,0.0
15,16,38,17,6,False,P_loss,0.9,1.0,0,3,3,-110.8381,-110.8381,0.0
15,16,38,17,6,False,P_loss,1.1,1.0,0,3,3,-112.8021,-112.8021,0.0
15,16,38,17,6,False,P_loss,1.2,1.0,0,3,3,-113.7841,-113.7841,0.0
15,16,38,17,6,False,P_loss,1.3,1.0,0,3,3,-114.7661,-114.7661,0.0
15,16,38,17,6,False,D_cost,0.7,1.0,0,3,3,-20.3201,-20.3201,0.0
15,16,38,17,6,False,D_cost,0.8,1.0,0,3,3,-50.8201,-50.8201,0.0
15,16,38,17,6,False,D_cost,0.9,1.0,0,3,3,-81.3201,-81.3201,0.0
15,16,38,17,6,False,D_cost,1.1,1.0,0,3,3,-142.3201,-142.3201,0.0
15,16,38,17,6,False,D_cost,1.2,1.0,0,3,3,-172.8201,-172.8201,0.0
15,16,38,17,6,False,D_cost,1.3,1.0,0,3,3,-203.3201,-203.3201,0.0
15,16,38,17,6,False,E_prob,0.7,1.0,0,3,3,-108.874,-108.874,0.0
15,16,38,17,6,False,E_prob,0.8,1.0,0,3,3,-109.8561,-109.8561,0.0
15,16,38,17,6,False,E_prob,0.9,1.0,0,3,3,-110.838,-110.838,0.0
15,16,38,17,6,False,E_prob,1.1,1.0,0,3,3,-112.802,-112.802,0.0
15,16,38,17,6,False,E_prob,1.2,1.0,0,3,3,-113.784,-113.784,0.0
15,16,38,17,6,False,E_prob,1.3,1.0,0,3,3,-114.7661,-114.7661,0.0
16,15,30,13,5,False,C_benefit,0.7,1.0,0,3,3,-231.6,-231.6,0.0
16,15,30,13,5,False,C_benefit,0.8,1.0,0,3,3,-224.4,-224.4,0.0
16,15,30,13,5,False,C_benefit,0.9,1.0,0,3,3,-217.2,-217.2,0.0
16,15,30,13,5,False,C_benefit,1.1,1.0,0,3,3,-202.8,-202.8,0.0
16,15,30,13,5,False,C_benefit,1.2,1.0,0,3,3,-195.6,-195.6,0.0
16,15,30,13,5,False,C_benefit,1.3,1.0,0,3,3,-188.4,-188.4,0.0
16,15,30,13,5,False,P_loss,0.7,1.0,0,3,3,-210.0,-210.0,0.0
16,15,30,13,5,False,P_loss,0.8,1.0,0,3,3,-210.0,-210.0,0.0
16,15,30,13,5,False,P_loss,0.9,1.0,0,3,3,-210.0,-210.0,0.0
16,15,30,13,5,False,P_loss,1.1,1.0,0,3,3,-210.0,-210.0,0.0
16,15,30,13,5,False,P_loss,1.2,1.0,0,3,3,-210.0,-210.0,0.0
16,15,30,13,5,False,P_loss,1.3,1.0,0,3,3,-210.0,-210.0,0.0
16,15,30,13,5,False,D_cost,0.7,1.0,0,3,3,-125.4,-125.4,0.0
16,15,30,13,5,False,D_cost,0.8,1.0,0,3,3,-153.6,-153.6,0.0
16,15,30,13,5,False,D_cost,0.9,1.0,0,3,3,-181.8,-181.8,0.0
16,15,30,13,5,False,D_cost,1.1,1.0,0,3,3,-238.2,-238.2,0.0
16,15,30,13,5,False,D_cost,1.2,1.0,0,3,3,-266.4,-266.4,0.0
16,15,30,13,5,False,D_cost,1.3,1.0,0,3,3,-294.6,-294.6,0.0
16,15,30,13,5,False,E_prob,0.7,1.0,0,3,3,-210.0,-210.0,0.0
16,15,30,13,5,False,E_prob,0.8,1.0,0,3,3,-210.0,-210.0,0.0
16,15,30,13,5,False,E_prob,0.9,1.0,0,3,3,-210.0,-210.0,0.0
16,15,30,13,5,False,E_prob,1.1,1.0,0,3,3,-210.0,-210.0,0.0
16,15,30,13,5,False,E_prob,1.2,1.0,0,3,3,-210.0,-210.0,0.0
16,15,30,13,5,False,E_prob,1.3,1.0,0,3,3,-210.0,-210.0,0.0
17,12,22,12,4,False,C_benefit,0.7,1.0,0,1,1,-129.64,-129.64,0.0
17,12,22,12,4,False,C_benefit,0.8,1.0,0,1,1,-112.34,-112.34,0.0
17,12,22,12,4,False,C_benefit,0.9,1.0,0,1,1,-95.04,-95.04,0.0
17,12,22,12,4,False,C_benefit,1.1,1.0,0,1,1,-60.44,-60.44,0.0
17,12,22,12,4,False,C_benefit,1.2,1.0,0,1,1,-43.14,-43.14,0.0
17,12,22,12,4,False,C_benefit,1.3,1.0,0,1,1,-25.84,-25.84,0.0
17,12,22,12,4,False,P_loss,0.7,1.0,0,1,1,-46.618,-46.618,0.0
17,12,22,12,4,False,P_loss,0.8,1.0,0,1,1,-56.992,-56.992,0.0
17,12,22,12,4,False,P_loss,0.9,1.0,0,1,1,-67.366,-67.366,0.0
17,12,22,12,4,False,P_loss,1.1,1.0,0,1,1,-88.114,-88.114,0.0
17,12,22,12,4,False,P_loss,1.2,1.0,0,1,1,-98.488,-98.488,0.0
17,12,22,12,4,False,P_loss,1.3,1.0,0,1,1,-108.862,-108.862,0.0
17,12,22,12,4,False,D_cost,0.7,1.0,0,1,1,-33.64,-33.64,0.0
17,12,22,12,4,False,D_cost,0.8,1.0,0,1,1,-48.34,-48.34,0.0
17,12,22,12,4,False,D_cost,0.9,1.0,0,1,1,-63.04,-63.04,0.0
17,12,22,12,4,False,D_cost,1.1,1.0,0,1,1,-92.44,-92.44,0.0
17,12,22,12,4,False,D_cost,1.2,1.0,0,1,1,-107.14,-107.14,0.0
17,12,22,12,4,False,D_cost,1.3,1.0,0,1,1,-121.84,-121.84,0.0
17,12,22,12,4,False,E_prob,0.7,1.0,0,1,1,-46.618,-46.618,0.0
17,12,22,12,4,False,E_prob,0.8,1.0,0,1,1,-56.992,-56.992,0.0
17,12,22,12,4,False,E_prob,0.9,1.0,0,1,1,-67.366,-67.366,0.0
17,12,22,12,4,False,E_prob,1.1,1.0,0,1,1,-88.114,-88.114,0.0
17,12,22,12,4,False,E_prob,1.2,1.0,0,1,1,-98.488,-98.488,0.0
17,12,22,12,4,False,E_prob,1.3,1.0,0,1,1,-108.862,-108.862,0.0
18,12,25,14,5,False,C_benefit,0.7,1.0,0,2,2,-62.9001,-62.9001,0.0
18,12,25,14,5,False,C_benefit,0.8,1.0,0,2,2,-47.6001,-47.6001,0.0
18,12,25,14,5,False,C_benefit,0.9,1.0,0,2,2,-32.3001,-32.3001,0.0
18,12,25,14,5,False,C_benefit,1.1,1.0,0,2,2,-1.7001,-1.7001,0.0
18,12,25,14,5,False,C_benefit,1.2,1.0,0,2,2,13.5999,13.5999,0.0
18,12,25,14,5,False,C_benefit,1.3,1.0,0,2,2,28.8999,28.8999,0.0
18,12,25,14,5,False,P_loss,0.7,1.0,0,2,2,-17.0001,-17.0001,0.0
18,12,25,14,5,False,P_loss,0.8,1.0,0,2,2,-17.0001,-17.0001,0.0
18,12,25,14,5,False,P_loss,0.9,1.0,0,2,2,-17.0001,-17.0001,0.0
18,12,25,14,5,False,P_loss,1.1,1.0,0,2,2,-17.0001,-17.0001,0.0
18,12,25,14,5,False,P_loss,1.2,1.0,0,2,2,-17.0001,-17.0001,0.0
18,12,25,14,5,False,P_loss,1.3,1.0,0,2,2,-17.0002,-17.0002,0.0
18,12,25,14,5,False,D_cost,0.7,1.0,0,2,2,33.9999,33.9999,0.0
18,12,25,14,5,False,D_cost,0.8,1.0,0,2,2,16.9999,16.9999,0.0
18,12,25,14,5,False,D_cost,0.9,1.0,0,2,2,-0.0001,-0.0001,0.0
18,12,25,14,5,False,D_cost,1.1,1.0,0,2,2,-34.0001,-34.0001,0.0
18,12,25,14,5,False,D_cost,1.2,1.0,0,2,2,-51.0001,-51.0001,0.0
18,12,25,14,5,False,D_cost,1.3,1.0,0,2,2,-68.0001,-68.0001,0.0
18,12,25,14,5,False,E_prob,0.7,1.0,0,2,2,-17.0001,-17.0001,0.0
18,12,25,14,5,False,E_prob,0.8,1.0,0,2,2,-17.0001,-17.0001,0.0
18,12,25,14,5,False,E_prob,0.9,1.0,0,2,2,-17.0001,-17.0001,0.0
18,12,25,14,5,False,E_prob,1.1,1.0,0,2,2,-17.0001,-17.0001,0.0
18,12,25,14,5,False,E_prob,1.2,1.0,0,2,2,-17.0001,-17.0001,0.0
18,12,25,14,5,False,E_prob,1.3,1.0,0,2,2,-17.0001,-17.0001,0.0
19,12,23,11,4,False,C_benefit,0.7,1.0,0,2,2,-176.4,-176.4,0.0
19,12,23,11,4,False,C_benefit,0.8,1.0,0,2,2,-165.1,-165.1,0.0
19,12,23,11,4,False,C_benefit,0.9,1.0,0,2,2,-153.8,-153.8,0.0
19,12,23,11,4,False,C_benefit,1.1,1.0,0,2,2,-131.2,-131.2,0.0
19,12,23,11,4,False,C_benefit,1.2,1.0,0,2,2,-119.9,-119.9,0.0
19,12,23,11,4,False,C_benefit,1.3,1.0,0,2,2,-108.6,-108.6,0.0
19,12,23,11,4,False,P_loss,0.7,1.0,0,2,2,-132.45,-132.45,0.0
19,12,23,11,4,False,P_loss,0.8,1.0,0,2,2,-135.8,-135.8,0.0
19,12,23,11,4,False,P_loss,0.9,1.0,0,2,2,-139.15,-139.15,0.0
19,12,23,11,4,False,P_loss,1.1,1.0,0,2,2,-145.85,-145.85,0.0
19,12,23,11,4,False,P_loss,1.2,1.0,0,2,2,-149.2,-149.2,0.0
19,12,23,11,4,False,P_loss,1.3,1.0,0,2,2,-152.55,-152.55,0.0
19,12,23,11,4,False,D_cost,0.7,1.0,0,2,2,-75.9,-75.9,0.0
19,12,23,11,4,False,D_cost,0.8,1.0,0,2,2,-98.1,-98.1,0.0
19,12,23,11,4,False,D_cost,0.9,1.0,0,2,2,-120.3,-120.3,0.0
19,12,23,11,4,False,D_cost,1.1,1.0,0,2,2,-164.7,-164.7,0.0
19,12,23,11,4,False,D_cost,1.2,1.0,0,2,2,-186.9,-186.9,0.0
19,12,23,11,4,False,D_cost,1.3,1.0,0,2,2,-209.1,-209.1,0.0
19,12,23,11,4,False,E_prob,0.7,1.0,0,2,2,-132.24,-132.24,0.0
19,12,23,11,4,False,E_prob,0.8,1.0,0,2,2,-135.6401,-135.6401,0.0
19,12,23,11,4,False,E_prob,0.9,1.0,0,2,2,-139.06,-139.06,0.0
19,12,23,11,4,False,E_prob,1.1,1.0,0,2,2,-145.96,-145.96,0.0
19,12,23,11,4,False,E_prob,1.2,1.0,0,2,2,-149.4401,-149.4401,0.0
19,12,23,11,4,False,E_prob,1.3,1.0,0,2,2,-152.9401,-152.9401,0.0
20,13,24,12,4,False,C_benefit,0.7,1.0,0,2,2,-66.4,-66.4,0.0
20,13,24,12,4,False,C_benefit,0.8,1.0,0,2,2,-51.6,-51.6,0.0
20,13,24,12,4,False,C_benefit,0.9,1.0,0,2,2,-36.8,-36.8,0.0
20,13,24,12,4,False,C_benefit,1.1,1.0,0,2,2,-7.2,-7.2,0.0
20,13,24,12,4,False,C_benefit,1.2,1.0,0,2,2,7.6,7.6,0.0
20,13,24,12,4,False,C_benefit,1.3,1.0,0,2,2,22.4,22.4,0.0
20,13,24,12,4,False,P_loss,0.7,1.0,0,2,2,-22.0,-22.0,0.0
20,13,24,12,4,False,P_loss,0.8,1.0,0,2,2,-22.0,-22.0,0.0
20,13,24,12,4,False,P_loss,0.9,1.0,0,2,2,-22.0,-22.0,0.0
20,13,24,12,4,False,P_loss,1.1,1.0,0,2,2,-22.0,-22.0,0.0
20,13,24,12,4,False,P_loss,1.2,1.0,0,2,2,-22.0,-22.0,0.0
20,13,24,12,4,False,P_loss,1.3,1.0,0,2,2,-22.0,-22.0,0.0
20,13,24,12,4,False,D_cost,0.7,1.0,0,2,2,29.0,29.0,0.0
20,13,24,12,4,False,D_cost,0.8,1.0,0,2,2,12.0,12.0,0.0
20,13,24,12,4,False,D_cost,0.9,1.0,0,2,2,-5.0,-5.0,0.0
20,13,24,12,4,False,D_cost,1.1,1.0,0,2,2,-39.0,-39.0,0.0
20,13,24,12,4,False,D_cost,1.2,1.0,0,2,2,-56.0,-56.0,0.0
20,13,24,12,4,False,D_cost,1.3,1.0,0,2,2,-73.0,-73.0,0.0
20,13,24,12,4,False,E_prob,0.7,1.0,0,2,2,-22.0,-22.0,0.0
20,13,24,12,4,False,E_prob,0.8,1.0,0,2,2,-22.0,-22.0,0.0
20,13,24,12,4,False,E_prob,0.9,1.0,0,2,2,-22.0,-22.0,0.0
20,13,24,12,4,False,E_prob,1.1,1.0,0,2,2,-22.0,-22.0,0.0
20,13,24,12,4,False,E_prob,1.2,1.0,0,2,2,-22.0,-22.0,0.0
20,13,24,12,4,False,E_prob,1.3,1.0,0,2,2,-22.0,-22.0,0.0
21,13,28,13,5,False,C_benefit,0.7,1.0,0,2,2,-130.1001,-130.1001,0.0
21,13,28,13,5,False,C_benefit,0.8,1.0,0,2,2,-118.4001,-118.4001,0.0
21,13,28,13,5,False,C_benefit,0.9,1.0,0,2,2,-106.7001,-106.7001,0.0
21,13,28,13,5,False,C_benefit,1.1,0.3333,2,2,2,-81.7001,-83.3001,0.019584
21,13,28,13,5,False,C_benefit,1.2,0.3333,2,2,2,-68.3001,-71.6001,0.048316
21,13,28,13,5,False,C_benefit,1.3,0.3333,2,2,2,-54.9001,-59.9001,0.091075
21,13,28,13,5,False,P_loss,0.7,0.3333,2,2,2,-86.9701,-95.0001,0.092331
21,13,28,13,5,False,P_loss,0.8,0.3333,2,2,2,-89.6801,-95.0001,0.059322
21,13,28,13,5,False,P_loss,0.9,0.3333,2,2,2,-92.3901,-95.0001,0.02825
21,13,28,13,5,False,P_loss,1.1,1.0,0,2,2,-95.0001,-95.0001,0.0
21,13,28,13,5,False,P_loss,1.2,1.0,0,2,2,-95.0001,-95.0001,0.0
21,13,28,13,5,False,P_loss,1.3,1.0,0,2,2,-95.0001,-95.0001,0.0
21,13,28,13,5,False,D_cost,0.7,1.0,0,2,2,-31.4001,-31.4001,0.0
21,13,28,13,5,False,D_cost,0.8,1.0,0,2,2,-52.6001,-52.6001,0.0
21,13,28,13,5,False,D_cost,0.9,1.0,0,2,2,-73.8001,-73.8001,0.0
21,13,28,13,5,False,D_cost,1.1,0.3333,2,2,2,-115.3001,-116.2001,0.007806
21,13,28,13,5,False,D_cost,1.2,0.3333,2,2,2,-135.5001,-137.4001,0.014022
21,13,28,13,5,False,D_cost,1.3,0.3333,2,2,2,-155.7001,-158.6001,0.018626
21,13,28,13,5,False,E_prob,0.7,0.3333,2,2,2,-86.97,-95.0,0.092331
21,13,28,13,5,False,E_prob,0.8,0.3333,2,2,2,-89.6801,-95.0001,0.059322
21,13,28,13,5,False,E_prob,0.9,0.3333,2,2,2,-92.3901,-95.0001,0.02825
21,13,28,13,5,False,E_prob,1.1,1.0,0,2,2,-95.0001,-95.0001,0.0
21,13,28,13,5,False,E_prob,1.2,1.0,0,2,2,-95.0001,-95.0001,0.0
21,13,28,13,5,False,E_prob,1.3,1.0,0,2,2,-95.0001,-95.0001,0.0
22,16,35,17,6,False,C_benefit,0.7,1.0,0,2,2,-175.0001,-175.0001,0.0
22,16,35,17,6,False,C_benefit,0.8,1.0,0,2,2,-145.9001,-145.9001,0.0
22,16,35,17,6,False,C_benefit,0.9,1.0,0,2,2,-116.8001,-116.8001,0.0
22,16,35,17,6,False,C_benefit,1.1,1.0,0,2,2,-58.6001,-58.6001,0.0
22,16,35,17,6,False,C_benefit,1.2,1.0,0,2,2,-29.5001,-29.5001,0.0
22,16,35,17,6,False,C_benefit,1.3,1.0,0,2,2,-0.4001,-0.4001,0.0
22,16,35,17,6,False,P_loss,0.7,1.0,0,2,2,-56.8901,-56.8901,0.0
22,16,35,17,6,False,P_loss,0.8,1.0,0,2,2,-67.1601,-67.1601,0.0
22,16,35,17,6,False,P_loss,0.9,1.0,0,2,2,-77.4301,-77.4301,0.0
22,16,35,17,6,False,P_loss,1.1,1.0,0,2,2,-97.9701,-97.9701,0.0
22,16,35,17,6,False,P_loss,1.2,1.0,0,2,2,-108.2401,-108.2401,0.0
22,16,35,17,6,False,P_loss,1.3,1.0,0,2,2,-118.5101,-118.5101,0.0
22,16,35,17,6,False,D_cost,0.7,1.0,0,2,2,-4.9001,-4.9001,0.0
22,16,35,17,6,False,D_cost,0.8,1.0,0,2,2,-32.5001,-32.5001,0.0
22,16,35,17,6,False,D_cost,0.9,1.0,0,2,2,-60.1001,-60.1001,0.0
22,16,35,17,6,False,D_cost,1.1,1.0,0,2,2,-115.3001,-115.3001,0.0
22,16,35,17,6,False,D_cost,1.2,1.0,0,2,2,-142.9001,-142.9001,0.0
22,16,35,17,6,False,D_cost,1.3,1.0,0,2,2,-170.5001,-170.5001,0.0
22,16,35,17,6,False,E_prob,0.7,1.0,0,2,2,-51.9131,-51.9131,0.0
22,16,35,17,6,False,E_prob,0.8,1.0,0,2,2,-63.3681,-63.3681,0.0
22,16,35,17,6,False,E_prob,0.9,1.0,0,2,2,-75.2971,-75.2971,0.0
22,16,35,17,6,False,E_prob,1.1,1.0,0,2,2,-100.5771,-100.5771,0.0
22,16,35,17,6,False,E_prob,1.2,1.0,0,2,2,-113.9281,-113.9281,0.0
22,16,35,17,6,False,E_prob,1.3,1.0,0,2,2,-127.7531,-127.7531,0.0
23,16,33,16,6,False,C_benefit,0.7,1.0,0,2,2,34.3598,34.3598,0.0
23,16,33,16,6,False,C_benefit,0.8,1.0,0,2,2,65.5598,65.5598,0.0
23,16,33,16,6,False,C_benefit,0.9,1.0,0,2,2,96.7598,96.7598,0.0
23,16,33,16,6,False,C_benefit,1.1,1.0,0,2,2,159.1598,159.1598,0.0
23,16,33,16,6,False,C_benefit,1.2,1.0,0,2,2,190.3598,190.3598,0.0
23,16,33,16,6,False,C_benefit,1.3,1.0,0,2,2,221.5598,221.5598,0.0
23,16,33,16,6,False,P_loss,0.7,1.0,0,2,2,130.0719,130.0719,0.0
23,16,33,16,6,False,P_loss,0.8,1.0,0,2,2,129.3678,129.3678,0.0
23,16,33,16,6,False,P_loss,0.9,1.0,0,2,2,128.6638,128.6638,0.0
23,16,33,16,6,False,P_loss,1.1,1.0,0,2,2,127.2558,127.2558,0.0
23,16,33,16,6,False,P_loss,1.2,1.0,0,2,2,126.5518,126.5518,0.0
23,16,33,16,6,False,P_loss,1.3,1.0,0,2,2,125.8477,125.8477,0.0
23,16,33,16,6,False,D_cost,0.7,1.0,0,2,2,181.0598,181.0598,0.0
23,16,33,16,6,False,D_cost,0.8,1.0,0,2,2,163.3598,163.3598,0.0
23,16,33,16,6,False,D_cost,0.9,1.0,0,2,2,145.6598,145.6598,0.0
23,16,33,16,6,False,D_cost,1.1,1.0,0,2,2,110.2598,110.2598,0.0
23,16,33,16,6,False,D_cost,1.2,1.0,0,2,2,92.5598,92.5598,0.0
23,16,33,16,6,False,D_cost,1.3,1.0,0,2,2,74.8598,74.8598,0.0
23,16,33,16,6,False,E_prob,0.7,1.0,0,2,2,130.0719,130.0719,0.0
23,16,33,16,6,False,E_prob,0.8,1.0,0,2,2,129.3679,129.3679,0.0
23,16,33,16,6,False,E_prob,0.9,1.0,0,2,2,128.6639,128.6639,0.0
23,16,33,16,6,False,E_prob,1.1,1.0,0,2,2,127.2559,127.2559,0.0
23,16,33,16,6,False,E_prob,1.2,1.0,0,2,2,126.5519,126.5519,0.0
23,16,33,16,6,False,E_prob,1.3,1.0,0,2,2,125.8478,125.8478,0.0
24,12,25,12,4,False,C_benefit,0.7,1.0,0,1,1,-67.4001,-67.4001,0.0
24,12,25,12,4,False,C_benefit,0.8,1.0,0,1,1,-46.8001,-46.8001,0.0
24,12,25,12,4,False,C_benefit,0.9,1.0,0,1,1,-26.2001,-26.2001,0.0
24,12,25,12,4,False,C_benefit,1.1,1.0,0,1,1,14.9999,14.9999,0.0
24,12,25,12,4,False,C_benefit,1.2,1.0,0,1,1,35.5999,35.5999,0.0
24,12,25,12,4,False,C_benefit,1.3,1.0,0,1,1,56.1999,56.1999,0.0
24,12,25,12,4,False,P_loss,0.7,1.0,0,1,1,32.3799,32.3799,0.0
24,12,25,12,4,False,P_loss,0.8,1.0,0,1,1,19.7199,19.7199,0.0
24,12,25,12,4,False,P_loss,0.9,1.0,0,1,1,7.0599,7.0599,0.0
24,12,25,12,4,False,P_loss,1.1,1.0,0,1,1,-18.2601,-18.2601,0.0
24,12,25,12,4,False,P_loss,1.2,1.0,0,1,1,-30.9201,-30.9201,0.0
24,12,25,12,4,False,P_loss,1.3,0.5,1,1,2,-36.0,-43.5801,0.210558
24,12,25,12,4,False,D_cost,0.7,1.0,0,1,1,19.8999,19.8999,0.0
24,12,25,12,4,False,D_cost,0.8,1.0,0,1,1,11.3999,11.3999,0.0
24,12,25,12,4,False,D_cost,0.9,1.0,0,1,1,2.8999,2.8999,0.0
24,12,25,12,4,False,D_cost,1.1,1.0,0,1,1,-14.1001,-14.1001,0.0
24,12,25,12,4,False,D_cost,1.2,1.0,0,1,1,-22.6001,-22.6001,0.0
24,12,25,12,4,False,D_cost,1.3,1.0,0,1,1,-31.1001,-31.1001,0.0
24,12,25,12,4,False,E_prob,0.7,1.0,0,1,1,32.3799,32.3799,0.0
24,12,25,12,4,False,E_prob,0.8,1.0,0,1,1,19.7198,19.7198,0.0
24,12,25,12,4,False,E_prob,0.9,1.0,0,1,1,7.0598,7.0598,0.0
24,12,25,12,4,False,E_prob,1.1,1.0,0,1,1,-18.2601,-18.2601,0.0
24,12,25,12,4,False,E_prob,1.2,1.0,0,1,1,-30.9202,-30.9202,0.0
24,12,25,12,4,False,E_prob,1.3,0.5,1,1,2,-36.0,-43.5802,0.21056
25,16,31,15,5,False,C_benefit,0.7,1.0,0,2,2,-28.5,-28.5,0.0
25,16,31,15,5,False,C_benefit,0.8,1.0,0,2,2,-4.0,-4.0,0.0
25,16,31,15,5,False,C_benefit,0.9,1.0,0,2,2,20.5,20.5,0.0
25,16,31,15,5,False,C_benefit,1.1,1.0,0,2,2,69.5,69.5,0.0
25,16,31,15,5,False,C_benefit,1.2,1.0,0,2,2,94.0,94.0,0.0
25,16,31,15,5,False,C_benefit,1.3,1.0,0,2,2,118.5,118.5,0.0
25,16,31,15,5,False,P_loss,0.7,1.0,0,2,2,45.0,45.0,0.0
25,16,31,15,5,False,P_loss,0.8,1.0,0,2,2,45.0,45.0,0.0
25,16,31,15,5,False,P_loss,0.9,1.0,0,2,2,45.0,45.0,0.0
25,16,31,15,5,False,P_loss,1.1,1.0,0,2,2,44.9999,44.9999,0.0
25,16,31,15,5,False,P_loss,1.2,1.0,0,2,2,44.9999,44.9999,0.0
25,16,31,15,5,False,P_loss,1.3,1.0,0,2,2,44.9999,44.9999,0.0
25,16,31,15,5,False,D_cost,0.7,1.0,0,2,2,105.0,105.0,0.0
25,16,31,15,5,False,D_cost,0.8,1.0,0,2,2,85.0,85.0,0.0
25,16,31,15,5,False,D_cost,0.9,1.0,0,2,2,65.0,65.0,0.0
25,16,31,15,5,False,D_cost,1.1,1.0,0,2,2,25.0,25.0,0.0
25,16,31,15,5,False,D_cost,1.2,1.0,0,2,2,5.0,5.0,0.0
25,16,31,15,5,False,D_cost,1.3,1.0,0,2,2,-15.0,-15.0,0.0
25,16,31,15,5,False,E_prob,0.7,1.0,0,2,2,45.0,45.0,0.0
25,16,31,15,5,False,E_prob,0.8,1.0,0,2,2,44.9999,44.9999,0.0
25,16,31,15,5,False,E_prob,0.9,1.0,0,2,2,44.9999,44.9999,0.0
25,16,31,15,5,False,E_prob,1.1,1.0,0,2,2,44.9999,44.9999,0.0
25,16,31,15,5,False,E_prob,1.2,1.0,0,2,2,44.9999,44.9999,0.0
25,16,31,15,5,False,E_prob,1.3,1.0,0,2,2,44.9999,44.9999,0.0
26,13,23,11,4,False,C_benefit,0.7,1.0,0,2,2,-141.3001,-141.3001,0.0
26,13,23,11,4,False,C_benefit,0.8,1.0,0,2,2,-123.2001,-123.2001,0.0
26,13,23,11,4,False,C_benefit,0.9,1.0,0,2,2,-105.1001,-105.1001,0.0
26,13,23,11,4,False,C_benefit,1.1,1.0,0,2,2,-68.9001,-68.9001,0.0
26,13,23,11,4,False,C_benefit,1.2,1.0,0,2,2,-50.8001,-50.8001,0.0
26,13,23,11,4,False,C_benefit,1.3,1.0,0,2,2,-32.7001,-32.7001,0.0
26,13,23,11,4,False,P_loss,0.7,1.0,0,2,2,-87.0,-87.0,0.0
26,13,23,11,4,False,P_loss,0.8,1.0,0,2,2,-87.0,-87.0,0.0
26,13,23,11,4,False,P_loss,0.9,1.0,0,2,2,-87.0001,-87.0001,0.0
26,13,23,11,4,False,P_loss,1.1,1.0,0,2,2,-87.0001,-87.0001,0.0
26,13,23,11,4,False,P_loss,1.2,1.0,0,2,2,-87.0001,-87.0001,0.0
26,13,23,11,4,False,P_loss,1.3,1.0,0,2,2,-87.0001,-87.0001,0.0
26,13,23,11,4,False,D_cost,0.7,1.0,0,2,2,-6.6001,-6.6001,0.0
26,13,23,11,4,False,D_cost,0.8,1.0,0,2,2,-33.4001,-33.4001,0.0
26,13,23,11,4,False,D_cost,0.9,1.0,0,2,2,-60.2001,-60.2001,0.0
26,13,23,11,4,False,D_cost,1.1,1.0,0,2,2,-113.8001,-113.8001,0.0
26,13,23,11,4,False,D_cost,1.2,1.0,0,2,2,-140.6001,-140.6001,0.0
26,13,23,11,4,False,D_cost,1.3,1.0,0,2,2,-167.4001,-167.4001,0.0
26,13,23,11,4,False,E_prob,0.7,1.0,0,2,2,-87.0,-87.0,0.0
26,13,23,11,4,False,E_prob,0.8,1.0,0,2,2,-87.0001,-87.0001,0.0
26,13,23,11,4,False,E_prob,0.9,1.0,0,2,2,-87.0,-87.0,0.0
26,13,23,11,4,False,E_prob,1.1,1.0,0,2,2,-87.0,-87.0,0.0
26,13,23,11,4,False,E_prob,1.2,1.0,0,2,2,-87.0001,-87.0001,0.0
26,13,23,11,4,False,E_prob,1.3,1.0,0,2,2,-87.0,-87.0,0.0
27,17,34,17,6,False,C_benefit,0.7,1.0,0,2,2,-60.5,-60.5,0.0
27,17,34,17,6,False,C_benefit,0.8,1.0,0,2,2,-32.0,-32.0,0.0
27,17,34,17,6,False,C_benefit,0.9,1.0,0,2,2,-3.5,-3.5,0.0
27,17,34,17,6,False,C_benefit,1.1,1.0,0,2,2,53.5,53.5,0.0
27,17,34,17,6,False,C_benefit,1.2,1.0,0,2,2,82.0,82.0,0.0
27,17,34,17,6,False,C_benefit,1.3,1.0,0,2,2,110.5,110.5,0.0
27,17,34,17,6,False,P_loss,0.7,1.0,0,2,2,37.9,37.9,0.0
27,17,34,17,6,False,P_loss,0.8,1.0,0,2,2,33.6,33.6,0.0
27,17,34,17,6,False,P_loss,0.9,1.0,0,2,2,29.3,29.3,0.0
27,17,34,17,6,False,P_loss,1.1,1.0,0,2,2,20.7,20.7,0.0
27,17,34,17,6,False,P_loss,1.2,1.0,0,2,2,16.4,16.4,0.0
27,17,34,17,6,False,P_loss,1.3,1.0,0,2,2,12.1,12.1,0.0
27,17,34,17,6,False,D_cost,0.7,1.0,0,2,2,90.1,90.1,0.0
27,17,34,17,6,False,D_cost,0.8,1.0,0,2,2,68.4,68.4,0.0
27,17,34,17,6,False,D_cost,0.9,1.0,0,2,2,46.7,46.7,0.0
27,17,34,17,6,False,D_cost,1.1,1.0,0,2,2,3.3,3.3,0.0
27,17,34,17,6,False,D_cost,1.2,1.0,0,2,2,-18.4,-18.4,0.0
27,17,34,17,6,False,D_cost,1.3,1.0,0,2,2,-40.1,-40.1,0.0
27,17,34,17,6,False,E_prob,0.7,1.0,0,2,2,37.9,37.9,0.0
27,17,34,17,6,False,E_prob,0.8,1.0,0,2,2,33.6,33.6,0.0
27,17,34,17,6,False,E_prob,0.9,1.0,0,2,2,29.3,29.3,0.0
27,17,34,17,6,False,E_prob,1.1,1.0,0,2,2,20.7,20.7,0.0
27,17,34,17,6,False,E_prob,1.2,1.0,0,2,2,16.4,16.4,0.0
27,17,34,17,6,False,E_prob,1.3,1.0,0,2,2,12.1,12.1,0.0
28,17,37,19,7,False,C_benefit,0.7,1.0,0,1,1,135.4998,135.4998,0.0
28,17,37,19,7,False,C_benefit,0.8,1.0,0,1,1,166.9998,166.9998,0.0
28,17,37,19,7,False,C_benefit,0.9,1.0,0,1,1,198.4998,198.4998,0.0
28,17,37,19,7,False,C_benefit,1.1,1.0,0,1,1,261.4998,261.4998,0.0
28,17,37,19,7,False,C_benefit,1.2,1.0,0,1,1,292.9998,292.9998,0.0
28,17,37,19,7,False,C_benefit,1.3,1.0,0,1,1,324.4998,324.4998,0.0
28,17,37,19,7,False,P_loss,0.7,1.0,0,1,1,229.9998,229.9998,0.0
28,17,37,19,7,False,P_loss,0.8,1.0,0,1,1,229.9998,229.9998,0.0
28,17,37,19,7,False,P_loss,0.9,1.0,0,1,1,229.9998,229.9998,0.0
28,17,37,19,7,False,P_loss,1.1,1.0,0,1,1,229.9998,229.9998,0.0
28,17,37,19,7,False,P_loss,1.2,1.0,0,1,1,229.9997,229.9997,0.0
28,17,37,19,7,False,P_loss,1.3,1.0,0,1,1,229.9997,229.9997,0.0
28,17,37,19,7,False,D_cost,0.7,1.0,0,1,1,255.4998,255.4998,0.0
28,17,37,19,7,False,D_cost,0.8,1.0,0,1,1,246.9998,246.9998,0.0
28,17,37,19,7,False,D_cost,0.9,1.0,0,1,1,238.4998,238.4998,0.0
28,17,37,19,7,False,D_cost,1.1,1.0,0,1,1,221.4998,221.4998,0.0
28,17,37,19,7,False,D_cost,1.2,1.0,0,1,1,212.9998,212.9998,0.0
28,17,37,19,7,False,D_cost,1.3,1.0,0,1,1,204.4998,204.4998,0.0
28,17,37,19,7,False,E_prob,0.7,1.0,0,1,1,229.9997,229.9997,0.0
28,17,37,19,7,False,E_prob,0.8,1.0,0,1,1,229.9997,229.9997,0.0
28,17,37,19,7,False,E_prob,0.9,1.0,0,1,1,229.9997,229.9997,0.0
28,17,37,19,7,False,E_prob,1.1,1.0,0,1,1,229.9996,229.9996,0.0
28,17,37,19,7,False,E_prob,1.2,1.0,0,1,1,229.9997,229.9997,0.0
28,17,37,19,7,False,E_prob,1.3,1.0,0,1,1,229.9996,229.9996,0.0
29,17,37,20,7,False,C_benefit,0.7,1.0,0,3,3,-112.3,-112.3,0.0
29,17,37,20,7,False,C_benefit,0.8,1.0,0,3,3,-95.2,-95.2,0.0
29,17,37,20,7,False,C_benefit,0.9,1.0,0,3,3,-78.1,-78.1,0.0
29,17,37,20,7,False,C_benefit,1.1,1.0,0,3,3,-43.9,-43.9,0.0
29,17,37,20,7,False,C_benefit,1.2,1.0,0,3,3,-26.8,-26.8,0.0
29,17,37,20,7,False,C_benefit,1.3,0.6667,1,3,2,-6.1502,-9.7,0.577176
29,17,37,20,7,False,P_loss,0.7,0.6667,1,3,2,-28.8152,-61.0,1.116941
29,17,37,20,7,False,P_loss,0.8,0.6667,1,3,2,-42.3602,-61.0,0.440031
29,17,37,20,7,False,P_loss,0.9,0.6667,1,3,2,-55.9052,-61.0,0.091133
29,17,37,20,7,False,P_loss,1.1,1.0,0,3,3,-61.0,-61.0,0.0
29,17,37,20,7,False,P_loss,1.2,1.0,0,3,3,-61.0,-61.0,0.0
29,17,37,20,7,False,P_loss,1.3,1.0,0,3,3,-61.0,-61.0,0.0
29,17,37,20,7,False,D_cost,0.7,1.0,0,3,3,8.6,8.6,0.0
29,17,37,20,7,False,D_cost,0.8,1.0,0,3,3,-14.6,-14.6,0.0
29,17,37,20,7,False,D_cost,0.9,1.0,0,3,3,-37.8,-37.8,0.0
29,17,37,20,7,False,D_cost,1.1,0.6667,1,3,2,-83.9502,-84.2,0.002975
29,17,37,20,7,False,D_cost,1.2,0.6667,1,3,2,-98.4502,-107.4,0.090907
29,17,37,20,7,False,D_cost,1.3,0.6667,1,3,2,-112.9502,-130.6,0.156261
29,17,37,20,7,False,E_prob,0.7,0.6667,1,3,2,-28.8152,-61.0,1.11694
29,17,37,20,7,False,E_prob,0.8,0.6667,1,3,2,-42.3604,-61.0,0.440025
29,17,37,20,7,False,E_prob,0.9,0.6667,1,3,2,-55.9053,-61.0,0.091131
29,17,37,20,7,False,E_prob,1.1,1.0,0,3,3,-61.0,-61.0,0.0
29,17,37,20,7,False,E_prob,1.2,1.0,0,3,3,-61.0,-61.0,0.0
29,17,37,20,7,False,E_prob,1.3,1.0,0,3,3,-61.0,-61.0,0.0
30,16,33,16,6,False,C_benefit,0.7,1.0,0,2,2,-71.1975,-71.1975,0.0
30,16,33,16,6,False,C_benefit,0.8,1.0,0,2,2,-43.0975,-43.0975,0.0
30,16,33,16,6,False,C_benefit,0.9,1.0,0,2,2,-14.9975,-14.9975,0.0
30,16,33,16,6,False,C_benefit,1.1,1.0,0,2,2,41.2025,41.2025,0.0
30,16,33,16,6,False,C_benefit,1.2,1.0,0,2,2,69.3025,69.3025,0.0
30,16,33,16,6,False,C_benefit,1.3,1.0,0,2,2,97.4025,97.4025,0.0
30,16,33,16,6,False,P_loss,0.7,1.0,0,2,2,16.6717,16.6717,0.0
30,16,33,16,6,False,P_loss,0.8,1.0,0,2,2,15.482,15.482,0.0
30,16,33,16,6,False,P_loss,0.9,1.0,0,2,2,14.2922,14.2922,0.0
30,16,33,16,6,False,P_loss,1.1,1.0,0,2,2,11.9127,11.9127,0.0
30,16,33,16,6,False,P_loss,1.2,1.0,0,2,2,10.723,10.723,0.0
30,16,33,16,6,False,P_loss,1.3,1.0,0,2,2,9.5332,9.5332,0.0
30,16,33,16,6,False,D_cost,0.7,1.0,0,2,2,89.9025,89.9025,0.0
30,16,33,16,6,False,D_cost,0.8,1.0,0,2,2,64.3025,64.3025,0.0
30,16,33,16,6,False,D_cost,0.9,1.0,0,2,2,38.7025,38.7025,0.0
30,16,33,16,6,False,D_cost,1.1,1.0,0,2,2,-12.4975,-12.4975,0.0
30,16,33,16,6,False,D_cost,1.2,1.0,0,2,2,-38.0975,-38.0975,0.0
30,16,33,16,6,False,D_cost,1.3,1.0,0,2,2,-63.6975,-63.6975,0.0
30,16,33,16,6,False,E_prob,0.7,1.0,0,2,2,17.0387,17.0387,0.0
30,16,33,16,6,False,E_prob,0.8,1.0,0,2,2,15.7615,15.7615,0.0
30,16,33,16,6,False,E_prob,0.9,1.0,0,2,2,14.4495,14.4495,0.0
30,16,33,16,6,False,E_prob,1.1,1.0,0,2,2,11.7205,11.7205,0.0
30,16,33,16,6,False,E_prob,1.2,1.0,0,2,2,10.3036,10.3036,0.0
30,16,33,16,6,False,E_prob,1.3,1.0,0,2,2,8.8517,8.8517,0.0
31,15,33,16,6,False,C_benefit,0.7,1.0,0,2,2,-48.8001,-48.8001,0.0
31,15,33,16,6,False,C_benefit,0.8,1.0,0,2,2,-27.2001,-27.2001,0.0
31,15,33,16,6,False,C_benefit,0.9,1.0,0,2,2,-5.6001,-5.6001,0.0
31,15,33,16,6,False,C_benefit,1.1,1.0,0,2,2,37.5999,37.5999,0.0
31,15,33,16,6,False,C_benefit,1.2,1.0,0,2,2,59.1999,59.1999,0.0
31,15,33,16,6,False,C_benefit,1.3,1.0,0,2,2,80.7999,80.7999,0.0
31,15,33,16,6,False,P_loss,0.7,1.0,0,2,2,15.9999,15.9999,0.0
31,15,33,16,6,False,P_loss,0.8,1.0,0,2,2,15.9999,15.9999,0.0
31,15,33,16,6,False,P_loss,0.9,1.0,0,2,2,15.9999,15.9999,0.0
31,15,33,16,6,False,P_loss,1.1,1.0,0,2,2,15.9999,15.9999,0.0
31,15,33,16,6,False,P_loss,1.2,1.0,0,2,2,15.9999,15.9999,0.0
31,15,33,16,6,False,P_loss,1.3,1.0,0,2,2,15.9999,15.9999,0.0
31,15,33,16,6,False,D_cost,0.7,1.0,0,2,2,75.9999,75.9999,0.0
31,15,33,16,6,False,D_cost,0.8,1.0,0,2,2,55.9999,55.9999,0.0
31,15,33,16,6,False,D_cost,0.9,1.0,0,2,2,35.9999,35.9999,0.0
31,15,33,16,6,False,D_cost,1.1,1.0,0,2,2,-4.0001,-4.0001,0.0
31,15,33,16,6,False,D_cost,1.2,1.0,0,2,2,-24.0001,-24.0001,0.0
31,15,33,16,6,False,D_cost,1.3,1.0,0,2,2,-44.0001,-44.0001,0.0
31,15,33,16,6,False,E_prob,0.7,1.0,0,2,2,15.9999,15.9999,0.0
31,15,33,16,6,False,E_prob,0.8,1.0,0,2,2,15.9999,15.9999,0.0
31,15,33,16,6,False,E_prob,0.9,1.0,0,2,2,15.9999,15.9999,0.0
31,15,33,16,6,False,E_prob,1.1,1.0,0,2,2,16.0,16.0,0.0
31,15,33,16,6,False,E_prob,1.2,1.0,0,2,2,15.9999,15.9999,0.0
31,15,33,16,6,False,E_prob,1.3,1.0,0,2,2,15.9999,15.9999,0.0
32,13,23,12,4,False,C_benefit,0.7,1.0,0,2,2,-142.4001,-142.4001,0.0
32,13,23,12,4,False,C_benefit,0.8,1.0,0,2,2,-131.6001,-131.6001,0.0
32,13,23,12,4,False,C_benefit,0.9,1.0,0,2,2,-120.8001,-120.8001,0.0
32,13,23,12,4,False,C_benefit,1.1,1.0,0,2,2,-99.2001,-99.2001,0.0
32,13,23,12,4,False,C_benefit,1.2,1.0,0,2,2,-88.4001,-88.4001,0.0
32,13,23,12,4,False,C_benefit,1.3,1.0,0,2,2,-77.6001,-77.6001,0.0
32,13,23,12,4,False,P_loss,0.7,1.0,0,2,2,-110.0001,-110.0001,0.0
32,13,23,12,4,False,P_loss,0.8,1.0,0,2,2,-110.0001,-110.0001,0.0
32,13,23,12,4,False,P_loss,0.9,1.0,0,2,2,-110.0001,-110.0001,0.0
32,13,23,12,4,False,P_loss,1.1,1.0,0,2,2,-110.0001,-110.0001,0.0
32,13,23,12,4,False,P_loss,1.2,1.0,0,2,2,-110.0001,-110.0001,0.0
32,13,23,12,4,False,P_loss,1.3,1.0,0,2,2,-110.0001,-110.0001,0.0
32,13,23,12,4,False,D_cost,0.7,1.0,0,2,2,-44.6001,-44.6001,0.0
32,13,23,12,4,False,D_cost,0.8,1.0,0,2,2,-66.4001,-66.4001,0.0
32,13,23,12,4,False,D_cost,0.9,1.0,0,2,2,-88.2001,-88.2001,0.0
32,13,23,12,4,False,D_cost,1.1,1.0,0,2,2,-131.8001,-131.8001,0.0
32,13,23,12,4,False,D_cost,1.2,1.0,0,2,2,-153.6001,-153.6001,0.0
32,13,23,12,4,False,D_cost,1.3,1.0,0,2,2,-175.4001,-175.4001,0.0
32,13,23,12,4,False,E_prob,0.7,1.0,0,2,2,-110.0001,-110.0001,0.0
32,13,23,12,4,False,E_prob,0.8,1.0,0,2,2,-110.0001,-110.0001,0.0
32,13,23,12,4,False,E_prob,0.9,1.0,0,2,2,-110.0002,-110.0002,0.0
32,13,23,12,4,False,E_prob,1.1,1.0,0,2,2,-110.0001,-110.0001,0.0
32,13,23,12,4,False,E_prob,1.2,1.0,0,2,2,-110.0002,-110.0002,0.0
32,13,23,12,4,False,E_prob,1.3,1.0,0,2,2,-110.0002,-110.0002,0.0
33,15,28,12,4,False,C_benefit,0.7,1.0,0,2,2,-132.2001,-132.2001,0.0
33,15,28,12,4,False,C_benefit,0.8,1.0,0,2,2,-121.8001,-121.8001,0.0
33,15,28,12,4,False,C_benefit,0.9,1.0,0,2,2,-111.4001,-111.4001,0.0
33,15,28,12,4,False,C_benefit,1.1,1.0,0,2,2,-90.6001,-90.6001,0.0
33,15,28,12,4,False,C_benefit,1.2,1.0,0,2,2,-80.2001,-80.2001,0.0
33,15,28,12,4,False,C_benefit,1.3,1.0,0,2,2,-69.8001,-69.8001,0.0
33,15,28,12,4,False,P_loss,0.7,0.5,1,2,1,-86.64,-101.0001,0.165744
33,15,28,12,4,False,P_loss,0.8,1.0,0,2,2,-101.0001,-101.0001,0.0
33,15,28,12,4,False,P_loss,0.9,1.0,0,2,2,-101.0001,-101.0001,0.0
33,15,28,12,4,False,P_loss,1.1,1.0,0,2,2,-101.0001,-101.0001,0.0
33,15,28,12,4,False,P_loss,1.2,1.0,0,2,2,-101.0001,-101.0001,0.0
33,15,28,12,4,False,P_loss,1.3,1.0,0,2,2,-101.0001,-101.0001,0.0
33,15,28,12,4,False,D_cost,0.7,1.0,0,2,2,-39.5001,-39.5001,0.0
33,15,28,12,4,False,D_cost,0.8,1.0,0,2,2,-60.0001,-60.0001,0.0
33,15,28,12,4,False,D_cost,0.9,1.0,0,2,2,-80.5001,-80.5001,0.0
33,15,28,12,4,False,D_cost,1.1,1.0,0,2,2,-121.5001,-121.5001,0.0
33,15,28,12,4,False,D_cost,1.2,1.0,0,2,2,-142.0001,-142.0001,0.0
33,15,28,12,4,False,D_cost,1.3,1.0,0,2,2,-162.5001,-162.5001,0.0
33,15,28,12,4,False,E_prob,0.7,0.5,1,2,1,-86.64,-101.0001,0.165744
33,15,28,12,4,False,E_prob,0.8,1.0,0,2,2,-101.0001,-101.0001,0.0
33,15,28,12,4,False,E_prob,0.9,1.0,0,2,2,-101.0001,-101.0001,0.0
33,15,28,12,4,False,E_prob,1.1,1.0,0,2,2,-101.0001,-101.0001,0.0
33,15,28,12,4,False,E_prob,1.2,1.0,0,2,2,-101.0001,-101.0001,0.0
33,15,28,12,4,False,E_prob,1.3,1.0,0,2,2,-101.0002,-101.0002,0.0
34,16,35,16,6,False,C_benefit,0.7,1.0,0,2,2,-75.9001,-75.9001,0.0
34,16,35,16,6,False,C_benefit,0.8,1.0,0,2,2,-59.6001,-59.6001,0.0
34,16,35,16,6,False,C_benefit,0.9,1.0,0,2,2,-43.3001,-43.3001,0.0
34,16,35,16,6,False,C_benefit,1.1,1.0,0,2,2,-10.7001,-10.7001,0.0
34,16,35,16,6,False,C_benefit,1.2,1.0,0,2,2,5.5999,5.5999,0.0
34,16,35,16,6,False,C_benefit,1.3,1.0,0,2,2,21.8999,21.8999,0.0
34,16,35,16,6,False,P_loss,0.7,1.0,0,2,2,-27.0,-27.0,0.0
34,16,35,16,6,False,P_loss,0.8,1.0,0,2,2,-27.0,-27.0,0.0
34,16,35,16,6,False,P_loss,0.9,1.0,0,2,2,-27.0,-27.0,0.0
34,16,35,16,6,False,P_loss,1.1,1.0,0,2,2,-27.0001,-27.0001,0.0
34,16,35,16,6,False,P_loss,1.2,1.0,0,2,2,-27.0001,-27.0001,0.0
34,16,35,16,6,False,P_loss,1.3,1.0,0,2,2,-27.0001,-27.0001,0.0
34,16,35,16,6,False,D_cost,0.7,1.0,0,2,2,29.9999,29.9999,0.0
34,16,35,16,6,False,D_cost,0.8,1.0,0,2,2,10.9999,10.9999,0.0
34,16,35,16,6,False,D_cost,0.9,1.0,0,2,2,-8.0001,-8.0001,0.0
34,16,35,16,6,False,D_cost,1.1,1.0,0,2,2,-46.0001,-46.0001,0.0
34,16,35,16,6,False,D_cost,1.2,1.0,0,2,2,-65.0001,-65.0001,0.0
34,16,35,16,6,False,D_cost,1.3,1.0,0,2,2,-84.0001,-84.0001,0.0
34,16,35,16,6,False,E_prob,0.7,1.0,0,2,2,-27.0,-27.0,0.0
34,16,35,16,6,False,E_prob,0.8,1.0,0,2,2,-27.0,-27.0,0.0
34,16,35,16,6,False,E_prob,0.9,1.0,0,2,2,-27.0001,-27.0001,0.0
34,16,35,16,6,False,E_prob,1.1,1.0,0,2,2,-27.0001,-27.0001,0.0
34,16,35,16,6,False,E_prob,1.2,1.0,0,2,2,-27.0001,-27.0001,0.0
34,16,35,16,6,False,E_prob,1.3,1.0,0,2,2,-27.0001,-27.0001,0.0
35,14,30,14,5,False,C_benefit,0.7,1.0,0,2,2,-103.5001,-103.5001,0.0
35,14,30,14,5,False,C_benefit,0.8,1.0,0,2,2,-84.8001,-84.8001,0.0
35,14,30,14,5,False,C_benefit,0.9,1.0,0,2,2,-66.1001,-66.1001,0.0
35,14,30,14,5,False,C_benefit,1.1,1.0,0,2,2,-28.7001,-28.7001,0.0
35,14,30,14,5,False,C_benefit,1.2,1.0,0,2,2,-10.0001,-10.0001,0.0
35,14,30,14,5,False,C_benefit,1.3,1.0,0,2,2,8.6999,8.6999,0.0
35,14,30,14,5,False,P_loss,0.7,1.0,0,2,2,-29.2801,-29.2801,0.0
35,14,30,14,5,False,P_loss,0.8,1.0,0,2,2,-35.3201,-35.3201,0.0
35,14,30,14,5,False,P_loss,0.9,1.0,0,2,2,-41.3601,-41.3601,0.0
35,14,30,14,5,False,P_loss,1.1,1.0,0,2,2,-53.4401,-53.4401,0.0
35,14,30,14,5,False,P_loss,1.2,1.0,0,2,2,-59.4801,-59.4801,0.0
35,14,30,14,5,False,P_loss,1.3,1.0,0,2,2,-65.5201,-65.5201,0.0
35,14,30,14,5,False,D_cost,0.7,1.0,0,2,2,4.7999,4.7999,0.0
35,14,30,14,5,False,D_cost,0.8,1.0,0,2,2,-12.6001,-12.6001,0.0
35,14,30,14,5,False,D_cost,0.9,1.0,0,2,2,-30.0001,-30.0001,0.0
35,14,30,14,5,False,D_cost,1.1,1.0,0,2,2,-64.8001,-64.8001,0.0
35,14,30,14,5,False,D_cost,1.2,1.0,0,2,2,-82.2001,-82.2001,0.0
35,14,30,14,5,False,D_cost,1.3,1.0,0,2,2,-99.6001,-99.6001,0.0
35,14,30,14,5,False,E_prob,0.7,1.0,0,2,2,-29.2801,-29.2801,0.0
35,14,30,14,5,False,E_prob,0.8,1.0,0,2,2,-35.3201,-35.3201,0.0
35,14,30,14,5,False,E_prob,0.9,1.0,0,2,2,-41.3602,-41.3602,0.0
35,14,30,14,5,False,E_prob,1.1,1.0,0,2,2,-53.4402,-53.4402,0.0
35,14,30,14,5,False,E_prob,1.2,1.0,0,2,2,-59.4802,-59.4802,0.0
35,14,30,14,5,False,E_prob,1.3,1.0,0,2,2,-65.5203,-65.5203,0.0
36,18,41,21,7,False,C_benefit,0.7,1.0,0,2,2,-75.416,-75.416,0.0
36,18,41,21,7,False,C_benefit,0.8,1.0,0,2,2,-46.916,-46.916,0.0
36,18,41,21,7,False,C_benefit,0.9,1.0,0,2,2,-18.416,-18.416,0.0
36,18,41,21,7,False,C_benefit,1.1,1.0,0,2,2,38.584,38.584,0.0
36,18,41,21,7,False,C_benefit,1.2,1.0,0,2,2,67.084,67.084,0.0
36,18,41,21,7,False,C_benefit,1.3,1.0,0,2,2,95.584,95.584,0.0
36,18,41,21,7,False,P_loss,0.7,1.0,0,2,2,11.2588,11.2588,0.0
36,18,41,21,7,False,P_loss,0.8,1.0,0,2,2,10.8672,10.8672,0.0
36,18,41,21,7,False,P_loss,0.9,1.0,0,2,2,10.4756,10.4756,0.0
36,18,41,21,7,False,P_loss,1.1,1.0,0,2,2,9.6924,9.6924,0.0
36,18,41,21,7,False,P_loss,1.2,1.0,0,2,2,9.3008,9.3008,0.0
36,18,41,21,7,False,P_loss,1.3,1.0,0,2,2,8.9091,8.9091,0.0
36,18,41,21,7,False,D_cost,0.7,1.0,0,2,2,91.384,91.384,0.0
36,18,41,21,7,False,D_cost,0.8,1.0,0,2,2,64.284,64.284,0.0
36,18,41,21,7,False,D_cost,0.9,1.0,0,2,2,37.184,37.184,0.0
36,18,41,21,7,False,D_cost,1.1,1.0,0,2,2,-17.016,-17.016,0.0
36,18,41,21,7,False,D_cost,1.2,1.0,0,2,2,-44.116,-44.116,0.0
36,18,41,21,7,False,D_cost,1.3,1.0,0,2,2,-71.216,-71.216,0.0
36,18,41,21,7,False,E_prob,0.7,1.0,0,2,2,11.4973,11.4973,0.0
36,18,41,21,7,False,E_prob,0.8,1.0,0,2,2,11.0489,11.0489,0.0
36,18,41,21,7,False,E_prob,0.9,1.0,0,2,2,10.5778,10.5778,0.0
36,18,41,21,7,False,E_prob,1.1,1.0,0,2,2,9.5674,9.5674,0.0
36,18,41,21,7,False,E_prob,1.2,1.0,0,2,2,9.0281,9.0281,0.0
36,18,41,21,7,False,E_prob,1.3,1.0,0,2,2,8.4661,8.4661,0.0
37,18,41,20,7,False,C_benefit,0.7,1.0,0,3,3,-69.3,-69.3,0.0
37,18,41,20,7,False,C_benefit,0.8,1.0,0,3,3,-46.2,-46.2,0.0
37,18,41,20,7,False,C_benefit,0.9,1.0,0,3,3,-23.1,-23.1,0.0
37,18,41,20,7,False,C_benefit,1.1,1.0,0,3,3,23.1,23.1,0.0
37,18,41,20,7,False,C_benefit,1.2,1.0,0,3,3,46.2,46.2,0.0
37,18,41,20,7,False,C_benefit,1.3,1.0,0,3,3,69.3,69.3,0.0
37,18,41,20,7,False,P_loss,0.7,1.0,0,3,3,-0.0,-0.0,0.0
37,18,41,20,7,False,P_loss,0.8,1.0,0,3,3,-0.0,-0.0,0.0
37,18,41,20,7,False,P_loss,0.9,1.0,0,3,3,-0.0,-0.0,0.0
37,18,41,20,7,False,P_loss,1.1,1.0,0,3,3,-0.0,-0.0,0.0
37,18,41,20,7,False,P_loss,1.2,1.0,0,3,3,-0.0,-0.0,0.0
37,18,41,20,7,False,P_loss,1.3,1.0,0,3,3,-0.0,-0.0,0.0
37,18,41,20,7,False,D_cost,0.7,1.0,0,3,3,69.3,69.3,0.0
37,18,41,20,7,False,D_cost,0.8,1.0,0,3,3,46.2,46.2,0.0
37,18,41,20,7,False,D_cost,0.9,1.0,0,3,3,23.1,23.1,0.0
37,18,41,20,7,False,D_cost,1.1,1.0,0,3,3,-23.1,-23.1,0.0
37,18,41,20,7,False,D_cost,1.2,1.0,0,3,3,-46.2,-46.2,0.0
37,18,41,20,7,False,D_cost,1.3,1.0,0,3,3,-69.3,-69.3,0.0
37,18,41,20,7,False,E_prob,0.7,1.0,0,3,3,-0.0,-0.0,0.0
37,18,41,20,7,False,E_prob,0.8,1.0,0,3,3,-0.0,-0.0,0.0
37,18,41,20,7,False,E_prob,0.9,1.0,0,3,3,-0.0,-0.0,0.0
37,18,41,20,7,False,E_prob,1.1,1.0,0,3,3,-0.0,-0.0,0.0
37,18,41,20,7,False,E_prob,1.2,1.0,0,3,3,-0.0,-0.0,0.0
37,18,41,20,7,False,E_prob,1.3,1.0,0,3,3,-0.0,-0.0,0.0
38,12,25,12,4,False,C_benefit,0.7,0.5,1,1,2,-101.2001,59.0126,-1.583128
38,12,25,12,4,False,C_benefit,0.8,0.5,1,1,2,-85.8001,81.8126,-1.953526
38,12,25,12,4,False,C_benefit,0.9,1.0,0,1,1,104.6126,104.6126,0.0
38,12,25,12,4,False,C_benefit,1.1,1.0,0,1,1,150.2126,150.2126,0.0
38,12,25,12,4,False,C_benefit,1.2,1.0,0,1,1,173.0126,173.0126,0.0
38,12,25,12,4,False,C_benefit,1.3,1.0,0,1,1,195.8126,195.8126,0.0
38,12,25,12,4,False,P_loss,0.7,1.0,0,1,1,130.5888,130.5888,0.0
38,12,25,12,4,False,P_loss,0.8,1.0,0,1,1,129.5301,129.5301,0.0
38,12,25,12,4,False,P_loss,0.9,1.0,0,1,1,128.4714,128.4714,0.0
38,12,25,12,4,False,P_loss,1.1,0.5,1,1,2,-55.0001,126.3539,-3.297339
38,12,25,12,4,False,P_loss,1.2,0.5,1,1,2,-55.0001,125.2951,-3.278089
38,12,25,12,4,False,P_loss,1.3,0.5,1,1,2,-55.0001,124.2364,-3.258839
38,12,25,12,4,False,D_cost,0.7,0.5,1,1,2,7.6999,154.4126,-19.053804
38,12,25,12,4,False,D_cost,0.8,0.5,1,1,2,-13.2001,145.4126,-12.016037
38,12,25,12,4,False,D_cost,0.9,0.5,1,1,2,-34.1001,136.4126,-5.00036
38,12,25,12,4,False,D_cost,1.1,1.0,0,1,1,118.4126,118.4126,0.0
38,12,25,12,4,False,D_cost,1.2,1.0,0,1,1,109.4126,109.4126,0.0
38,12,25,12,4,False,D_cost,1.3,1.0,0,1,1,100.4126,100.4126,0.0
38,12,25,12,4,False,E_prob,0.7,1.0,0,1,1,131.3379,131.3379,0.0
38,12,25,12,4,False,E_prob,0.8,1.0,0,1,1,130.1005,130.1005,0.0
38,12,25,12,4,False,E_prob,0.9,1.0,0,1,1,128.7922,128.7922,0.0
38,12,25,12,4,False,E_prob,1.1,0.5,1,1,2,-55.0001,125.9617,-3.290207
38,12,25,12,4,False,E_prob,1.2,0.5,1,1,2,-55.0002,124.4391,-3.262524
38,12,25,12,4,False,E_prob,1.3,0.5,1,1,2,-55.0002,122.8453,-3.233543
39,18,41,18,6,False,C_benefit,0.7,1.0,0,3,3,-198.8003,-198.8003,0.0
39,18,41,18,6,False,C_benefit,0.8,1.0,0,3,3,-180.2003,-180.2003,0.0
39,18,41,18,6,False,C_benefit,0.9,1.0,0,3,3,-161.6003,-161.6003,0.0
39,18,41,18,6,False,C_benefit,1.1,1.0,0,3,3,-124.4003,-124.4003,0.0
39,18,41,18,6,False,C_benefit,1.2,1.0,0,3,3,-105.8003,-105.8003,0.0
39,18,41,18,6,False,C_benefit,1.3,1.0,0,3,3,-87.2003,-87.2003,0.0
39,18,41,18,6,False,P_loss,0.7,1.0,0,3,3,-143.0002,-143.0002,0.0
39,18,41,18,6,False,P_loss,0.8,1.0,0,3,3,-143.0002,-143.0002,0.0
39,18,41,18,6,False,P_loss,0.9,1.0,0,3,3,-143.0002,-143.0002,0.0
39,18,41,18,6,False,P_loss,1.1,1.0,0,3,3,-143.0003,-143.0003,0.0
39,18,41,18,6,False,P_loss,1.2,1.0,0,3,3,-143.0003,-143.0003,0.0
39,18,41,18,6,False,P_loss,1.3,1.0,0,3,3,-143.0003,-143.0003,0.0
39,18,41,18,6,False,D_cost,0.7,1.0,0,3,3,-44.3003,-44.3003,0.0
39,18,41,18,6,False,D_cost,0.8,1.0,0,3,3,-77.2003,-77.2003,0.0
39,18,41,18,6,False,D_cost,0.9,1.0,0,3,3,-110.1003,-110.1003,0.0
39,18,41,18,6,False,D_cost,1.1,1.0,0,3,3,-175.9003,-175.9003,0.0
39,18,41,18,6,False,D_cost,1.2,1.0,0,3,3,-208.8003,-208.8003,0.0
39,18,41,18,6,False,D_cost,1.3,1.0,0,3,3,-241.7003,-241.7003,0.0
39,18,41,18,6,False,E_prob,0.7,1.0,0,3,3,-143.0001,-143.0001,0.0
39,18,41,18,6,False,E_prob,0.8,1.0,0,3,3,-143.0001,-143.0001,0.0
39,18,41,18,6,False,E_prob,0.9,1.0,0,3,3,-143.0002,-143.0002,0.0
39,18,41,18,6,False,E_prob,1.1,1.0,0,3,3,-143.0003,-143.0003,0.0
39,18,41,18,6,False,E_prob,1.2,1.0,0,3,3,-143.0001,-143.0001,0.0
39,18,41,18,6,False,E_prob,1.3,1.0,0,3,3,-143.0002,-143.0002,0.0
40,18,39,16,6,False,C_benefit,0.7,1.0,0,3,3,-224.6002,-224.6002,0.0
40,18,39,16,6,False,C_benefit,0.8,1.0,0,3,3,-211.4002,-211.4002,0.0
40,18,39,16,6,False,C_benefit,0.9,1.0,0,3,3,-198.2002,-198.2002,0.0
40,18,39,16,6,False,C_benefit,1.1,1.0,0,3,3,-171.8002,-171.8002,0.0
40,18,39,16,6,False,C_benefit,1.2,1.0,0,3,3,-158.6002,-158.6002,0.0
40,18,39,16,6,False,C_benefit,1.3,1.0,0,3,3,-145.4002,-145.4002,0.0
40,18,39,16,6,False,P_loss,0.7,1.0,0,3,3,-185.0002,-185.0002,0.0
40,18,39,16,6,False,P_loss,0.8,1.0,0,3,3,-185.0002,-185.0002,0.0
40,18,39,16,6,False,P_loss,0.9,1.0,0,3,3,-185.0002,-185.0002,0.0
40,18,39,16,6,False,P_loss,1.1,1.0,0,3,3,-185.0002,-185.0002,0.0
40,18,39,16,6,False,P_loss,1.2,1.0,0,3,3,-185.0003,-185.0003,0.0
40,18,39,16,6,False,P_loss,1.3,1.0,0,3,3,-185.0003,-185.0003,0.0
40,18,39,16,6,False,D_cost,0.7,1.0,0,3,3,-89.9002,-89.9002,0.0
40,18,39,16,6,False,D_cost,0.8,1.0,0,3,3,-121.6002,-121.6002,0.0
40,18,39,16,6,False,D_cost,0.9,1.0,0,3,3,-153.3002,-153.3002,0.0
40,18,39,16,6,False,D_cost,1.1,1.0,0,3,3,-216.7002,-216.7002,0.0
40,18,39,16,6,False,D_cost,1.2,1.0,0,3,3,-248.4002,-248.4002,0.0
40,18,39,16,6,False,D_cost,1.3,1.0,0,3,3,-280.1002,-280.1002,0.0
40,18,39,16,6,False,E_prob,0.7,1.0,0,3,3,-185.0001,-185.0001,0.0
40,18,39,16,6,False,E_prob,0.8,1.0,0,3,3,-185.0003,-185.0003,0.0
40,18,39,16,6,False,E_prob,0.9,1.0,0,3,3,-185.0001,-185.0001,0.0
40,18,39,16,6,False,E_prob,1.1,1.0,0,3,3,-185.0001,-185.0001,0.0
40,18,39,16,6,False,E_prob,1.2,1.0,0,3,3,-185.0002,-185.0002,0.0
40,18,39,16,6,False,E_prob,1.3,1.0,0,3,3,-185.0002,-185.0002,0.0
41,13,24,12,4,False,C_benefit,0.7,1.0,0,2,2,-114.2,-114.2,0.0
41,13,24,12,4,False,C_benefit,0.8,1.0,0,2,2,-106.8,-106.8,0.0
41,13,24,12,4,False,C_benefit,0.9,1.0,0,2,2,-99.4,-99.4,0.0
41,13,24,12,4,False,C_benefit,1.1,1.0,0,2,2,-84.6,-84.6,0.0
41,13,24,12,4,False,C_benefit,1.2,1.0,0,2,2,-77.2,-77.2,0.0
41,13,24,12,4,False,C_benefit,1.3,1.0,0,2,2,-69.8,-69.8,0.0
41,13,24,12,4,False,P_loss,0.7,1.0,0,2,2,-92.0,-92.0,0.0
41,13,24,12,4,False,P_loss,0.8,1.0,0,2,2,-92.0,-92.0,0.0
41,13,24,12,4,False,P_loss,0.9,1.0,0,2,2,-92.0,-92.0,0.0
41,13,24,12,4,False,P_loss,1.1,1.0,0,2,2,-92.0,-92.0,0.0
41,13,24,12,4,False,P_loss,1.2,1.0,0,2,2,-92.0,-92.0,0.0
41,13,24,12,4,False,P_loss,1.3,1.0,0,2,2,-92.0,-92.0,0.0
41,13,24,12,4,False,D_cost,0.7,1.0,0,2,2,-42.2,-42.2,0.0
41,13,24,12,4,False,D_cost,0.8,1.0,0,2,2,-58.8,-58.8,0.0
41,13,24,12,4,False,D_cost,0.9,1.0,0,2,2,-75.4,-75.4,0.0
41,13,24,12,4,False,D_cost,1.1,1.0,0,2,2,-108.6,-108.6,0.0
41,13,24,12,4,False,D_cost,1.2,1.0,0,2,2,-125.2,-125.2,0.0
41,13,24,12,4,False,D_cost,1.3,1.0,0,2,2,-141.8,-141.8,0.0
41,13,24,12,4,False,E_prob,0.7,1.0,0,2,2,-92.0,-92.0,0.0
41,13,24,12,4,False,E_prob,0.8,1.0,0,2,2,-92.0,-92.0,0.0
41,13,24,12,4,False,E_prob,0.9,1.0,0,2,2,-92.0,-92.0,0.0
41,13,24,12,4,False,E_prob,1.1,1.0,0,2,2,-92.0,-92.0,0.0
41,13,24,12,4,False,E_prob,1.2,1.0,0,2,2,-92.0,-92.0,0.0
41,13,24,12,4,False,E_prob,1.3,1.0,0,2,2,-92.0,-92.0,0.0
42,17,37,15,5,False,C_benefit,0.7,1.0,0,3,3,-290.1,-290.1,0.0
42,17,37,15,5,False,C_benefit,0.8,1.0,0,3,3,-280.4,-280.4,0.0
42,17,37,15,5,False,C_benefit,0.9,1.0,0,3,3,-270.7,-270.7,0.0
42,17,37,15,5,False,C_benefit,1.1,0.5,2,3,3,-251.15,-251.3,0.000597
42,17,37,15,5,False,C_benefit,1.2,0.5,2,3,3,-237.25,-241.6,0.018335
42,17,37,15,5,False,C_benefit,1.3,0.5,2,3,3,-223.35,-231.9,0.038281
42,17,37,15,5,False,P_loss,0.7,0.5,2,3,3,-246.135,-261.0,0.060394
42,17,37,15,5,False,P_loss,0.8,0.5,2,3,3,-252.44,-261.0,0.033909
42,17,37,15,5,False,P_loss,0.9,0.5,2,3,3,-258.745,-261.0,0.008715
42,17,37,15,5,False,P_loss,1.1,1.0,0,3,3,-261.0,-261.0,0.0
42,17,37,15,5,False,P_loss,1.2,1.0,0,3,3,-261.0,-261.0,0.0
42,17,37,15,5,False,P_loss,1.3,1.0,0,3,3,-261.0,-261.0,0.0
42,17,37,15,5,False,D_cost,0.7,1.0,0,3,3,-153.6,-153.6,0.0
42,17,37,15,5,False,D_cost,0.8,1.0,0,3,3,-189.4,-189.4,0.0
42,17,37,15,5,False,D_cost,0.9,1.0,0,3,3,-225.2,-225.2,0.0
42,17,37,15,5,False,D_cost,1.1,1.0,0,3,3,-296.8,-296.8,0.0
42,17,37,15,5,False,D_cost,1.2,1.0,0,3,3,-332.6,-332.6,0.0
42,17,37,15,5,False,D_cost,1.3,0.5,2,3,3,-367.35,-368.4,0.002858
42,17,37,15,5,False,E_prob,0.7,0.5,2,3,3,-246.135,-261.0,0.060394
42,17,37,15,5,False,E_prob,0.8,0.5,2,3,3,-252.44,-261.0,0.033909
42,17,37,15,5,False,E_prob,0.9,0.5,2,3,3,-258.745,-261.0,0.008715
42,17,37,15,5,False,E_prob,1.1,1.0,0,3,3,-261.0,-261.0,0.0
42,17,37,15,5,False,E_prob,1.2,1.0,0,3,3,-261.0,-261.0,0.0
42,17,37,15,5,False,E_prob,1.3,1.0,0,3,3,-261.0,-261.0,0.0
43,15,29,15,5,False,C_benefit,0.7,1.0,0,2,2,-103.5003,-103.5003,0.0
43,15,29,15,5,False,C_benefit,0.8,1.0,0,2,2,-86.0003,-86.0003,0.0
43,15,29,15,5,False,C_benefit,0.9,1.0,0,2,2,-68.5003,-68.5003,0.0
43,15,29,15,5,False,C_benefit,1.1,1.0,0,2,2,-33.5003,-33.5003,0.0
43,15,29,15,5,False,C_benefit,1.2,1.0,0,2,2,-16.0003,-16.0003,0.0
43,15,29,15,5,False,C_benefit,1.3,1.0,0,2,2,1.4997,1.4997,0.0
43,15,29,15,5,False,P_loss,0.7,1.0,0,2,2,-51.0002,-51.0002,0.0
43,15,29,15,5,False,P_loss,0.8,1.0,0,2,2,-51.0002,-51.0002,0.0
43,15,29,15,5,False,P_loss,0.9,1.0,0,2,2,-51.0002,-51.0002,0.0
43,15,29,15,5,False,P_loss,1.1,1.0,0,2,2,-51.0003,-51.0003,0.0
43,15,29,15,5,False,P_loss,1.2,1.0,0,2,2,-51.0003,-51.0003,0.0
43,15,29,15,5,False,P_loss,1.3,1.0,0,2,2,-51.0004,-51.0004,0.0
43,15,29,15,5,False,D_cost,0.7,1.0,0,2,2,16.7997,16.7997,0.0
43,15,29,15,5,False,D_cost,0.8,1.0,0,2,2,-5.8003,-5.8003,0.0
43,15,29,15,5,False,D_cost,0.9,1.0,0,2,2,-28.4003,-28.4003,0.0
43,15,29,15,5,False,D_cost,1.1,1.0,0,2,2,-73.6003,-73.6003,0.0
43,15,29,15,5,False,D_cost,1.2,1.0,0,2,2,-96.2003,-96.2003,0.0
43,15,29,15,5,False,D_cost,1.3,1.0,0,2,2,-118.8003,-118.8003,0.0
43,15,29,15,5,False,E_prob,0.7,1.0,0,2,2,-51.0002,-51.0002,0.0
43,15,29,15,5,False,E_prob,0.8,1.0,0,2,2,-51.0003,-51.0003,0.0
43,15,29,15,5,False,E_prob,0.9,1.0,0,2,2,-51.0005,-51.0005,0.0
43,15,29,15,5,False,E_prob,1.1,1.0,0,2,2,-51.0004,-51.0004,0.0
43,15,29,15,5,False,E_prob,1.2,1.0,0,2,2,-51.0005,-51.0005,0.0
43,15,29,15,5,False,E_prob,1.3,1.0,0,2,2,-51.0002,-51.0002,0.0
44,14,25,12,4,False,C_benefit,0.7,1.0,0,2,2,-87.5,-87.5,0.0
44,14,25,12,4,False,C_benefit,0.8,1.0,0,2,2,-74.0,-74.0,0.0
44,14,25,12,4,False,C_benefit,0.9,1.0,0,2,2,-60.5,-60.5,0.0
44,14,25,12,4,False,C_benefit,1.1,1.0,0,2,2,-33.5,-33.5,0.0
44,14,25,12,4,False,C_benefit,1.2,1.0,0,2,2,-20.0,-20.0,0.0
44,14,25,12,4,False,C_benefit,1.3,1.0,0,2,2,-6.5,-6.5,0.0
44,14,25,12,4,False,P_loss,0.7,1.0,0,2,2,-47.0,-47.0,0.0
44,14,25,12,4,False,P_loss,0.8,1.0,0,2,2,-47.0,-47.0,0.0
44,14,25,12,4,False,P_loss,0.9,1.0,0,2,2,-47.0,-47.0,0.0
44,14,25,12,4,False,P_loss,1.1,1.0,0,2,2,-47.0,-47.0,0.0
44,14,25,12,4,False,P_loss,1.2,1.0,0,2,2,-47.0,-47.0,0.0
44,14,25,12,4,False,P_loss,1.3,1.0,0,2,2,-47.0,-47.0,0.0
44,14,25,12,4,False,D_cost,0.7,1.0,0,2,2,7.6,7.6,0.0
44,14,25,12,4,False,D_cost,0.8,1.0,0,2,2,-10.6,-10.6,0.0
44,14,25,12,4,False,D_cost,0.9,1.0,0,2,2,-28.8,-28.8,0.0
44,14,25,12,4,False,D_cost,1.1,1.0,0,2,2,-65.2,-65.2,0.0
44,14,25,12,4,False,D_cost,1.2,1.0,0,2,2,-83.4,-83.4,0.0
44,14,25,12,4,False,D_cost,1.3,1.0,0,2,2,-101.6,-101.6,0.0
44,14,25,12,4,False,E_prob,0.7,1.0,0,2,2,-47.0,-47.0,0.0
44,14,25,12,4,False,E_prob,0.8,1.0,0,2,2,-47.0,-47.0,0.0
44,14,25,12,4,False,E_prob,0.9,1.0,0,2,2,-47.0,-47.0,0.0
44,14,25,12,4,False,E_prob,1.1,1.0,0,2,2,-47.0,-47.0,0.0
44,14,25,12,4,False,E_prob,1.2,1.0,0,2,2,-47.0,-47.0,0.0
44,14,25,12,4,False,E_prob,1.3,1.0,0,2,2,-47.0,-47.0,0.0
45,14,30,14,5,False,C_benefit,0.7,1.0,0,2,2,-53.78,-53.78,0.0
45,14,30,14,5,False,C_benefit,0.8,1.0,0,2,2,-38.48,-38.48,0.0
45,14,30,14,5,False,C_benefit,0.9,1.0,0,2,2,-23.18,-23.18,0.0
45,14,30,14,5,False,C_benefit,1.1,1.0,0,2,2,7.42,7.42,0.0
45,14,30,14,5,False,C_benefit,1.2,1.0,0,2,2,22.72,22.72,0.0
45,14,30,14,5,False,C_benefit,1.3,1.0,0,2,2,38.02,38.02,0.0
45,14,30,14,5,False,P_loss,0.7,1.0,0,2,2,-1.616,-1.616,0.0
45,14,30,14,5,False,P_loss,0.8,1.0,0,2,2,-3.704,-3.704,0.0
45,14,30,14,5,False,P_loss,0.9,1.0,0,2,2,-5.792,-5.792,0.0
45,14,30,14,5,False,P_loss,1.1,1.0,0,2,2,-9.968,-9.968,0.0
45,14,30,14,5,False,P_loss,1.2,1.0,0,2,2,-12.056,-12.056,0.0
45,14,30,14,5,False,P_loss,1.3,1.0,0,2,2,-14.144,-14.144,0.0
45,14,30,14,5,False,D_cost,0.7,1.0,0,2,2,34.12,34.12,0.0
45,14,30,14,5,False,D_cost,0.8,1.0,0,2,2,20.12,20.12,0.0
45,14,30,14,5,False,D_cost,0.9,1.0,0,2,2,6.12,6.12,0.0
45,14,30,14,5,False,D_cost,1.1,1.0,0,2,2,-21.88,-21.88,0.0
45,14,30,14,5,False,D_cost,1.2,1.0,0,2,2,-35.88,-35.88,0.0
45,14,30,14,5,False,D_cost,1.3,1.0,0,2,2,-49.88,-49.88,0.0
45,14,30,14,5,False,E_prob,0.7,1.0,0,2,2,-1.616,-1.616,0.0
45,14,30,14,5,False,E_prob,0.8,1.0,0,2,2,-3.704,-3.704,0.0
45,14,30,14,5,False,E_prob,0.9,1.0,0,2,2,-5.792,-5.792,0.0
45,14,30,14,5,False,E_prob,1.1,1.0,0,2,2,-9.968,-9.968,0.0
45,14,30,14,5,False,E_prob,1.2,1.0,0,2,2,-12.056,-12.056,0.0
45,14,30,14,5,False,E_prob,1.3,1.0,0,2,2,-14.144,-14.144,0.0
46,13,26,13,5,False,C_benefit,0.7,0.3333,2,2,2,-93.4,-103.2002,0.104927
46,13,26,13,5,False,C_benefit,0.8,0.3333,2,2,2,-77.9,-83.1002,0.066754
46,13,26,13,5,False,C_benefit,0.9,0.3333,2,2,2,-62.4,-63.0002,0.009618
46,13,26,13,5,False,C_benefit,1.1,1.0,0,2,2,-22.8002,-22.8002,0.0
46,13,26,13,5,False,C_benefit,1.2,1.0,0,2,2,-2.7002,-2.7002,0.0
46,13,26,13,5,False,C_benefit,1.3,1.0,0,2,2,17.3998,17.3998,0.0
46,13,26,13,5,False,P_loss,0.7,1.0,0,2,2,-33.6301,-33.6301,0.0
46,13,26,13,5,False,P_loss,0.8,1.0,0,2,2,-36.7201,-36.7201,0.0
46,13,26,13,5,False,P_loss,0.9,1.0,0,2,2,-39.8102,-39.8102,0.0
46,13,26,13,5,False,P_loss,1.1,1.0,0,2,2,-45.9902,-45.9902,0.0
46,13,26,13,5,False,P_loss,1.2,1.0,0,2,2,-49.0802,-49.0802,0.0
46,13,26,13,5,False,P_loss,1.3,1.0,0,2,2,-52.1702,-52.1702,0.0
46,13,26,13,5,False,D_cost,0.7,1.0,0,2,2,20.9998,20.9998,0.0
46,13,26,13,5,False,D_cost,0.8,1.0,0,2,2,-0.3002,-0.3002,0.0
46,13,26,13,5,False,D_cost,0.9,1.0,0,2,2,-21.6002,-21.6002,0.0
46,13,26,13,5,False,D_cost,1.1,0.3333,2,2,2,-64.0,-64.2002,0.003128
46,13,26,13,5,False,D_cost,1.2,0.3333,2,2,2,-81.1,-85.5002,0.054256
46,13,26,13,5,False,D_cost,1.3,0.3333,2,2,2,-98.2,-106.8002,0.087578
46,13,26,13,5,False,E_prob,0.7,1.0,0,2,2,-33.6301,-33.6301,0.0
46,13,26,13,5,False,E_prob,0.8,1.0,0,2,2,-36.7201,-36.7201,0.0
46,13,26,13,5,False,E_prob,0.9,1.0,0,2,2,-39.8101,-39.8101,0.0
46,13,26,13,5,False,E_prob,1.1,1.0,0,2,2,-45.9901,-45.9901,0.0
46,13,26,13,5,False,E_prob,1.2,1.0,0,2,2,-49.0801,-49.0801,0.0
46,13,26,13,5,False,E_prob,1.3,1.0,0,2,2,-52.1701,-52.1701,0.0
47,13,23,12,4,False,C_benefit,0.7,1.0,0,2,2,-238.5,-238.5,0.0
47,13,23,12,4,False,C_benefit,0.8,1.0,0,2,2,-226.3,-226.3,0.0
47,13,23,12,4,False,C_benefit,0.9,1.0,0,2,2,-214.1,-214.1,0.0
47,13,23,12,4,False,C_benefit,1.1,1.0,0,2,2,-189.7,-189.7,0.0
47,13,23,12,4,False,C_benefit,1.2,1.0,0,2,2,-177.5,-177.5,0.0
47,13,23,12,4,False,C_benefit,1.3,1.0,0,2,2,-165.3,-165.3,0.0
47,13,23,12,4,False,P_loss,0.7,1.0,0,2,2,-172.83,-172.83,0.0
47,13,23,12,4,False,P_loss,0.8,1.0,0,2,2,-182.52,-182.52,0.0
47,13,23,12,4,False,P_loss,0.9,1.0,0,2,2,-192.21,-192.21,0.0
47,13,23,12,4,False,P_loss,1.1,1.0,0,2,2,-211.59,-211.59,0.0
47,13,23,12,4,False,P_loss,1.2,1.0,0,2,2,-221.28,-221.28,0.0
47,13,23,12,4,False,P_loss,1.3,1.0,0,2,2,-230.97,-230.97,0.0
47,13,23,12,4,False,D_cost,0.7,1.0,0,2,2,-133.8,-133.8,0.0
47,13,23,12,4,False,D_cost,0.8,1.0,0,2,2,-156.5,-156.5,0.0
47,13,23,12,4,False,D_cost,0.9,1.0,0,2,2,-179.2,-179.2,0.0
47,13,23,12,4,False,D_cost,1.1,1.0,0,2,2,-224.6,-224.6,0.0
47,13,23,12,4,False,D_cost,1.2,1.0,0,2,2,-247.3,-247.3,0.0
47,13,23,12,4,False,D_cost,1.3,1.0,0,2,2,-270.0,-270.0,0.0
47,13,23,12,4,False,E_prob,0.7,1.0,0,2,2,-172.83,-172.83,0.0
47,13,23,12,4,False,E_prob,0.8,1.0,0,2,2,-182.52,-182.52,0.0
47,13,23,12,4,False,E_prob,0.9,1.0,0,2,2,-192.21,-192.21,0.0
47,13,23,12,4,False,E_prob,1.1,1.0,0,2,2,-211.59,-211.59,0.0
47,13,23,12,4,False,E_prob,1.2,1.0,0,2,2,-221.28,-221.28,0.0
47,13,23,12,4,False,E_prob,1.3,1.0,0,2,2,-230.97,-230.97,0.0
48,18,39,17,6,False,C_benefit,0.7,1.0,0,3,3,-161.2002,-161.2002,0.0
48,18,39,17,6,False,C_benefit,0.8,1.0,0,3,3,-137.8002,-137.8002,0.0
48,18,39,17,6,False,C_benefit,0.9,1.0,0,3,3,-114.4002,-114.4002,0.0
48,18,39,17,6,False,C_benefit,1.1,1.0,0,3,3,-67.6002,-67.6002,0.0
48,18,39,17,6,False,C_benefit,1.2,1.0,0,3,3,-44.2002,-44.2002,0.0
48,18,39,17,6,False,C_benefit,1.3,1.0,0,3,3,-20.8002,-20.8002,0.0
48,18,39,17,6,False,P_loss,0.7,1.0,0,3,3,-91.0001,-91.0001,0.0
48,18,39,17,6,False,P_loss,0.8,1.0,0,3,3,-91.0001,-91.0001,0.0
48,18,39,17,6,False,P_loss,0.9,1.0,0,3,3,-91.0001,-91.0001,0.0
48,18,39,17,6,False,P_loss,1.1,1.0,0,3,3,-91.0002,-91.0002,0.0
48,18,39,17,6,False,P_loss,1.2,1.0,0,3,3,-91.0002,-91.0002,0.0
48,18,39,17,6,False,P_loss,1.3,1.0,0,3,3,-91.0002,-91.0002,0.0
48,18,39,17,6,False,D_cost,0.7,1.0,0,3,3,6.4998,6.4998,0.0
48,18,39,17,6,False,D_cost,0.8,1.0,0,3,3,-26.0002,-26.0002,0.0
48,18,39,17,6,False,D_cost,0.9,1.0,0,3,3,-58.5002,-58.5002,0.0
48,18,39,17,6,False,D_cost,1.1,1.0,0,3,3,-123.5002,-123.5002,0.0
48,18,39,17,6,False,D_cost,1.2,1.0,0,3,3,-156.0002,-156.0002,0.0
48,18,39,17,6,False,D_cost,1.3,1.0,0,3,3,-188.5002,-188.5002,0.0
48,18,39,17,6,False,E_prob,0.7,1.0,0,3,3,-91.0002,-91.0002,0.0
48,18,39,17,6,False,E_prob,0.8,1.0,0,3,3,-91.0001,-91.0001,0.0
48,18,39,17,6,False,E_prob,0.9,1.0,0,3,3,-91.0001,-91.0001,0.0
48,18,39,17,6,False,E_prob,1.1,1.0,0,3,3,-91.0001,-91.0001,0.0
48,18,39,17,6,False,E_prob,1.2,1.0,0,3,3,-91.0002,-91.0002,0.0
48,18,39,17,6,False,E_prob,1.3,1.0,0,3,3,-91.0001,-91.0001,0.0
49,14,26,13,5,False,C_benefit,0.7,0.3333,2,2,2,-166.9501,-171.78,0.028931
49,14,26,13,5,False,C_benefit,0.8,0.3333,2,2,2,-151.2501,-152.88,0.010777
49,14,26,13,5,False,C_benefit,0.9,1.0,0,2,2,-133.98,-133.98,0.0
49,14,26,13,5,False,C_benefit,1.1,1.0,0,2,2,-96.18,-96.18,0.0
49,14,26,13,5,False,C_benefit,1.2,1.0,0,2,2,-77.28,-77.28,0.0
49,14,26,13,5,False,C_benefit,1.3,1.0,0,2,2,-58.38,-58.38,0.0
49,14,26,13,5,False,P_loss,0.7,1.0,0,2,2,-85.056,-85.056,0.0
49,14,26,13,5,False,P_loss,0.8,1.0,0,2,2,-95.064,-95.064,0.0
49,14,26,13,5,False,P_loss,0.9,1.0,0,2,2,-105.072,-105.072,0.0
49,14,26,13,5,False,P_loss,1.1,1.0,0,2,2,-125.088,-125.088,0.0
49,14,26,13,5,False,P_loss,1.2,1.0,0,2,2,-135.096,-135.096,0.0
49,14,26,13,5,False,P_loss,1.3,0.3333,2,2,2,-145.0051,-145.104,0.000682
49,14,26,13,5,False,D_cost,0.7,1.0,0,2,2,-53.88,-53.88,0.0
49,14,26,13,5,False,D_cost,0.8,1.0,0,2,2,-74.28,-74.28,0.0
49,14,26,13,5,False,D_cost,0.9,1.0,0,2,2,-94.68,-94.68,0.0
49,14,26,13,5,False,D_cost,1.1,1.0,0,2,2,-135.48,-135.48,0.0
49,14,26,13,5,False,D_cost,1.2,1.0,0,2,2,-155.88,-155.88,0.0
49,14,26,13,5,False,D_cost,1.3,1.0,0,2,2,-176.28,-176.28,0.0
49,14,26,13,5,False,E_prob,0.7,1.0,0,2,2,-85.056,-85.056,0.0
49,14,26,13,5,False,E_prob,0.8,1.0,0,2,2,-95.064,-95.064,0.0
49,14,26,13,5,False,E_prob,0.9,1.0,0,2,2,-105.072,-105.072,0.0
49,14,26,13,5,False,E_prob,1.1,1.0,0,2,2,-125.088,-125.088,0.0
49,14,26,13,5,False,E_prob,1.2,1.0,0,2,2,-135.096,-135.096,0.0
49,14,26,13,5,False,E_prob,1.3,0.3333,2,2,2,-145.005,-145.104,0.000683
50,12,22,10,4,False,C_benefit,0.7,1.0,0,2,2,-146.05,-146.05,0.0
50,12,22,10,4,False,C_benefit,0.8,1.0,0,2,2,-131.95,-131.95,0.0
50,12,22,10,4,False,C_benefit,0.9,1.0,0,2,2,-117.85,-117.85,0.0
50,12,22,10,4,False,C_benefit,1.1,1.0,0,2,2,-89.65,-89.65,0.0
50,12,22,10,4,False,C_benefit,1.2,1.0,0,2,2,-75.55,-75.55,0.0
50,12,22,10,4,False,C_benefit,1.3,1.0,0,2,2,-61.45,-61.45,0.0
50,12,22,10,4,False,P_loss,0.7,1.0,0,2,2,-75.925,-75.925,0.0
50,12,22,10,4,False,P_loss,0.8,1.0,0,2,2,-85.2,-85.2,0.0
50,12,22,10,4,False,P_loss,0.9,1.0,0,2,2,-94.475,-94.475,0.0
50,12,22,10,4,False,P_loss,1.1,1.0,0,2,2,-113.025,-113.025,0.0
50,12,22,10,4,False,P_loss,1.2,1.0,0,2,2,-122.3001,-122.3001,0.0
50,12,22,10,4,False,P_loss,1.3,1.0,0,2,2,-131.5751,-131.5751,0.0
50,12,22,10,4,False,D_cost,0.7,1.0,0,2,2,-58.15,-58.15,0.0
50,12,22,10,4,False,D_cost,0.8,1.0,0,2,2,-73.35,-73.35,0.0
50,12,22,10,4,False,D_cost,0.9,1.0,0,2,2,-88.55,-88.55,0.0
50,12,22,10,4,False,D_cost,1.1,1.0,0,2,2,-118.95,-118.95,0.0
50,12,22,10,4,False,D_cost,1.2,1.0,0,2,2,-134.15,-134.15,0.0
50,12,22,10,4,False,D_cost,1.3,1.0,0,2,2,-149.35,-149.35,0.0
50,12,22,10,4,False,E_prob,0.7,1.0,0,2,2,-75.9251,-75.9251,0.0
50,12,22,10,4,False,E_prob,0.8,1.0,0,2,2,-85.2,-85.2,0.0
50,12,22,10,4,False,E_prob,0.9,1.0,0,2,2,-94.475,-94.475,0.0
50,12,22,10,4,False,E_prob,1.1,1.0,0,2,2,-113.0251,-113.0251,0.0
50,12,22,10,4,False,E_prob,1.2,1.0,0,2,2,-122.3001,-122.3001,0.0
50,12,22,10,4,False,E_prob,1.3,1.0,0,2,2,-131.575,-131.575,0.0
51,12,21,11,4,False,C_benefit,0.7,1.0,0,2,2,-149.8003,-149.8003,0.0
51,12,21,11,4,False,C_benefit,0.8,1.0,0,2,2,-142.2003,-142.2003,0.0
51,12,21,11,4,False,C_benefit,0.9,1.0,0,2,2,-134.6003,-134.6003,0.0
51,12,21,11,4,False,C_benefit,1.1,1.0,0,2,2,-119.4003,-119.4003,0.0
51,12,21,11,4,False,C_benefit,1.2,1.0,0,2,2,-111.8003,-111.8003,0.0
51,12,21,11,4,False,C_benefit,1.3,1.0,0,2,2,-104.2003,-104.2003,0.0
51,12,21,11,4,False,P_loss,0.7,1.0,0,2,2,-127.0002,-127.0002,0.0
51,12,21,11,4,False,P_loss,0.8,1.0,0,2,2,-127.0003,-127.0003,0.0
51,12,21,11,4,False,P_loss,0.9,1.0,0,2,2,-127.0003,-127.0003,0.0
51,12,21,11,4,False,P_loss,1.1,1.0,0,2,2,-127.0004,-127.0004,0.0
51,12,21,11,4,False,P_loss,1.2,1.0,0,2,2,-127.0004,-127.0004,0.0
51,12,21,11,4,False,P_loss,1.3,1.0,0,2,2,-127.0004,-127.0004,0.0
51,12,21,11,4,False,D_cost,0.7,1.0,0,2,2,-66.1003,-66.1003,0.0
51,12,21,11,4,False,D_cost,0.8,1.0,0,2,2,-86.4003,-86.4003,0.0
51,12,21,11,4,False,D_cost,0.9,1.0,0,2,2,-106.7003,-106.7003,0.0
51,12,21,11,4,False,D_cost,1.1,1.0,0,2,2,-147.3003,-147.3003,0.0
51,12,21,11,4,False,D_cost,1.2,1.0,0,2,2,-167.6003,-167.6003,0.0
51,12,21,11,4,False,D_cost,1.3,1.0,0,2,2,-187.9003,-187.9003,0.0
51,12,21,11,4,False,E_prob,0.7,1.0,0,2,2,-127.0002,-127.0002,0.0
51,12,21,11,4,False,E_prob,0.8,1.0,0,2,2,-127.0002,-127.0002,0.0
51,12,21,11,4,False,E_prob,0.9,1.0,0,2,2,-127.0003,-127.0003,0.0
51,12,21,11,4,False,E_prob,1.1,1.0,0,2,2,-127.0001,-127.0001,0.0
51,12,21,11,4,False,E_prob,1.2,1.0,0,2,2,-127.0001,-127.0001,0.0
51,12,21,11,4,False,E_prob,1.3,1.0,0,2,2,-127.0001,-127.0001,0.0
52,15,33,15,5,False,C_benefit,0.7,1.0,0,2,2,-151.2001,-151.2001,0.0
52,15,33,15,5,False,C_benefit,0.8,1.0,0,2,2,-132.7001,-132.7001,0.0
52,15,33,15,5,False,C_benefit,0.9,1.0,0,2,2,-114.2001,-114.2001,0.0
52,15,33,15,5,False,C_benefit,1.1,1.0,0,2,2,-77.2001,-77.2001,0.0
52,15,33,15,5,False,C_benefit,1.2,1.0,0,2,2,-58.7001,-58.7001,0.0
52,15,33,15,5,False,C_benefit,1.3,1.0,0,2,2,-40.2001,-40.2001,0.0
52,15,33,15,5,False,P_loss,0.7,1.0,0,2,2,-84.09,-84.09,0.0
52,15,33,15,5,False,P_loss,0.8,1.0,0,2,2,-87.96,-87.96,0.0
52,15,33,15,5,False,P_loss,0.9,1.0,0,2,2,-91.8301,-91.8301,0.0
52,15,33,15,5,False,P_loss,1.1,1.0,0,2,2,-99.5701,-99.5701,0.0
52,15,33,15,5,False,P_loss,1.2,1.0,0,2,2,-103.4401,-103.4401,0.0
52,15,33,15,5,False,P_loss,1.3,1.0,0,2,2,-107.3101,-107.3101,0.0
52,15,33,15,5,False,D_cost,0.7,1.0,0,2,2,-23.1001,-23.1001,0.0
52,15,33,15,5,False,D_cost,0.8,1.0,0,2,2,-47.3001,-47.3001,0.0
52,15,33,15,5,False,D_cost,0.9,1.0,0,2,2,-71.5001,-71.5001,0.0
52,15,33,15,5,False,D_cost,1.1,1.0,0,2,2,-119.9001,-119.9001,0.0
52,15,33,15,5,False,D_cost,1.2,1.0,0,2,2,-144.1001,-144.1001,0.0
52,15,33,15,5,False,D_cost,1.3,1.0,0,2,2,-168.3001,-168.3001,0.0
52,15,33,15,5,False,E_prob,0.7,1.0,0,2,2,-84.09,-84.09,0.0
52,15,33,15,5,False,E_prob,0.8,1.0,0,2,2,-87.9601,-87.9601,0.0
52,15,33,15,5,False,E_prob,0.9,1.0,0,2,2,-91.83,-91.83,0.0
52,15,33,15,5,False,E_prob,1.1,1.0,0,2,2,-99.5701,-99.5701,0.0
52,15,33,15,5,False,E_prob,1.2,1.0,0,2,2,-103.4401,-103.4401,0.0
52,15,33,15,5,False,E_prob,1.3,1.0,0,2,2,-107.3101,-107.3101,0.0
53,12,23,11,4,False,C_benefit,0.7,1.0,0,3,3,-263.8,-263.8,0.0
53,12,23,11,4,False,C_benefit,0.8,1.0,0,3,3,-262.2,-262.2,0.0
53,12,23,11,4,False,C_benefit,0.9,1.0,0,3,3,-260.6,-260.6,0.0
53,12,23,11,4,False,C_benefit,1.1,1.0,0,3,3,-257.4,-257.4,0.0
53,12,23,11,4,False,C_benefit,1.2,1.0,0,3,3,-255.8,-255.8,0.0
53,12,23,11,4,False,C_benefit,1.3,1.0,0,3,3,-254.2,-254.2,0.0
53,12,23,11,4,False,P_loss,0.7,1.0,0,3,3,-259.0,-259.0,0.0
53,12,23,11,4,False,P_loss,0.8,1.0,0,3,3,-259.0,-259.0,0.0
53,12,23,11,4,False,P_loss,0.9,1.0,0,3,3,-259.0,-259.0,0.0
53,12,23,11,4,False,P_loss,1.1,1.0,0,3,3,-259.0,-259.0,0.0
53,12,23,11,4,False,P_loss,1.2,1.0,0,3,3,-259.0,-259.0,0.0
53,12,23,11,4,False,P_loss,1.3,1.0,0,3,3,-259.0,-259.0,0.0
53,12,23,11,4,False,D_cost,0.7,1.0,0,3,3,-176.5,-176.5,0.0
53,12,23,11,4,False,D_cost,0.8,1.0,0,3,3,-204.0,-204.0,0.0
53,12,23,11,4,False,D_cost,0.9,1.0,0,3,3,-231.5,-231.5,0.0
53,12,23,11,4,False,D_cost,1.1,1.0,0,3,3,-286.5,-286.5,0.0
53,12,23,11,4,False,D_cost,1.2,1.0,0,3,3,-314.0,-314.0,0.0
53,12,23,11,4,False,D_cost,1.3,1.0,0,3,3,-341.5,-341.5,0.0
53,12,23,11,4,False,E_prob,0.7,1.0,0,3,3,-259.0,-259.0,0.0
53,12,23,11,4,False,E_prob,0.8,1.0,0,3,3,-259.0,-259.0,0.0
53,12,23,11,4,False,E_prob,0.9,1.0,0,3,3,-259.0,-259.0,0.0
53,12,23,11,4,False,E_prob,1.1,1.0,0,3,3,-259.0,-259.0,0.0
53,12,23,11,4,False,E_prob,1.2,1.0,0,3,3,-259.0,-259.0,0.0
53,12,23,11,4,False,E_prob,1.3,1.0,0,3,3,-259.0,-259.0,0.0
54,14,30,13,5,False,C_benefit,0.7,1.0,0,2,2,-116.2,-116.2,0.0
54,14,30,13,5,False,C_benefit,0.8,1.0,0,2,2,-104.8,-104.8,0.0
54,14,30,13,5,False,C_benefit,0.9,1.0,0,2,2,-93.4,-93.4,0.0
54,14,30,13,5,False,C_benefit,1.1,1.0,0,2,2,-70.6,-70.6,0.0
54,14,30,13,5,False,C_benefit,1.2,1.0,0,2,2,-59.2,-59.2,0.0
54,14,30,13,5,False,C_benefit,1.3,1.0,0,2,2,-47.8,-47.8,0.0
54,14,30,13,5,False,P_loss,0.7,1.0,0,2,2,-82.0,-82.0,0.0
54,14,30,13,5,False,P_loss,0.8,1.0,0,2,2,-82.0,-82.0,0.0
54,14,30,13,5,False,P_loss,0.9,1.0,0,2,2,-82.0,-82.0,0.0
54,14,30,13,5,False,P_loss,1.1,1.0,0,2,2,-82.0,-82.0,0.0
54,14,30,13,5,False,P_loss,1.2,1.0,0,2,2,-82.0001,-82.0001,0.0
54,14,30,13,5,False,P_loss,1.3,1.0,0,2,2,-82.0001,-82.0001,0.0
54,14,30,13,5,False,D_cost,0.7,1.0,0,2,2,-23.2,-23.2,0.0
54,14,30,13,5,False,D_cost,0.8,1.0,0,2,2,-42.8,-42.8,0.0
54,14,30,13,5,False,D_cost,0.9,1.0,0,2,2,-62.4,-62.4,0.0
54,14,30,13,5,False,D_cost,1.1,1.0,0,2,2,-101.6,-101.6,0.0
54,14,30,13,5,False,D_cost,1.2,1.0,0,2,2,-121.2,-121.2,0.0
54,14,30,13,5,False,D_cost,1.3,1.0,0,2,2,-140.8,-140.8,0.0
54,14,30,13,5,False,E_prob,0.7,1.0,0,2,2,-82.0,-82.0,0.0
54,14,30,13,5,False,E_prob,0.8,1.0,0,2,2,-82.0001,-82.0001,0.0
54,14,30,13,5,False,E_prob,0.9,1.0,0,2,2,-82.0,-82.0,0.0
54,14,30,13,5,False,E_prob,1.1,1.0,0,2,2,-82.0001,-82.0001,0.0
54,14,30,13,5,False,E_prob,1.2,1.0,0,2,2,-82.0,-82.0,0.0
54,14,30,13,5,False,E_prob,1.3,1.0,0,2,2,-82.0,-82.0,0.0
55,18,41,17,6,False,C_benefit,0.7,1.0,0,5,5,-378.3,-378.3,0.0
55,18,41,17,6,False,C_benefit,0.8,1.0,0,5,5,-373.2,-373.2,0.0
55,18,41,17,6,False,C_benefit,0.9,1.0,0,5,5,-368.1,-368.1,0.0
55,18,41,17,6,False,C_benefit,1.1,1.0,0,5,5,-357.9,-357.9,0.0
55,18,41,17,6,False,C_benefit,1.2,1.0,0,5,5,-352.8,-352.8,0.0
55,18,41,17,6,False,C_benefit,1.3,1.0,0,5,5,-347.7,-347.7,0.0
55,18,41,17,6,False,P_loss,0.7,0.8,1,5,4,-336.5955,-363.0,0.078446
55,18,41,17,6,False,P_loss,0.8,0.8,1,5,4,-360.96,-363.0,0.005652
55,18,41,17,6,False,P_loss,0.9,1.0,0,5,5,-363.0,-363.0,0.0
55,18,41,17,6,False,P_loss,1.1,1.0,0,5,5,-363.0,-363.0,0.0
55,18,41,17,6,False,P_loss,1.2,1.0,0,5,5,-363.0,-363.0,0.0
55,18,41,17,6,False,P_loss,1.3,1.0,0,5,5,-363.0,-363.0,0.0
55,18,41,17,6,False,D_cost,0.7,1.0,0,5,5,-238.8,-238.8,0.0
55,18,41,17,6,False,D_cost,0.8,1.0,0,5,5,-280.2,-280.2,0.0
55,18,41,17,6,False,D_cost,0.9,1.0,0,5,5,-321.6,-321.6,0.0
55,18,41,17,6,False,D_cost,1.1,1.0,0,5,5,-404.4,-404.4,0.0
55,18,41,17,6,False,D_cost,1.2,1.0,0,5,5,-445.8,-445.8,0.0
55,18,41,17,6,False,D_cost,1.3,0.8,1,5,4,-485.35,-487.2,0.003812
55,18,41,17,6,False,E_prob,0.7,0.8,1,5,4,-332.0564,-363.0,0.093188
55,18,41,17,6,False,E_prob,0.8,0.8,1,5,4,-360.96,-363.0,0.005652
55,18,41,17,6,False,E_prob,0.9,1.0,0,5,5,-363.0,-363.0,0.0
55,18,41,17,6,False,E_prob,1.1,1.0,0,5,5,-363.0,-363.0,0.0
55,18,41,17,6,False,E_prob,1.2,1.0,0,5,5,-363.0,-363.0,0.0
55,18,41,17,6,False,E_prob,1.3,1.0,0,5,5,-363.0,-363.0,0.0
56,14,27,14,5,False,C_benefit,0.7,1.0,0,2,2,-156.4001,-156.4001,0.0
56,14,27,14,5,False,C_benefit,0.8,1.0,0,2,2,-135.3001,-135.3001,0.0
56,14,27,14,5,False,C_benefit,0.9,1.0,0,2,2,-114.2001,-114.2001,0.0
56,14,27,14,5,False,C_benefit,1.1,1.0,0,2,2,-72.0001,-72.0001,0.0
56,14,27,14,5,False,C_benefit,1.2,1.0,0,2,2,-50.9001,-50.9001,0.0
56,14,27,14,5,False,C_benefit,1.3,1.0,0,2,2,-29.8001,-29.8001,0.0
56,14,27,14,5,False,P_loss,0.7,1.0,0,2,2,-56.1701,-56.1701,0.0
56,14,27,14,5,False,P_loss,0.8,1.0,0,2,2,-68.4801,-68.4801,0.0
56,14,27,14,5,False,P_loss,0.9,1.0,0,2,2,-80.7901,-80.7901,0.0
56,14,27,14,5,False,P_loss,1.1,1.0,0,2,2,-105.4101,-105.4101,0.0
56,14,27,14,5,False,P_loss,1.2,1.0,0,2,2,-117.7201,-117.7201,0.0
56,14,27,14,5,False,P_loss,1.3,1.0,0,2,2,-130.0302,-130.0302,0.0
56,14,27,14,5,False,D_cost,0.7,1.0,0,2,2,-38.8001,-38.8001,0.0
56,14,27,14,5,False,D_cost,0.8,1.0,0,2,2,-56.9001,-56.9001,0.0
56,14,27,14,5,False,D_cost,0.9,1.0,0,2,2,-75.0001,-75.0001,0.0
56,14,27,14,5,False,D_cost,1.1,1.0,0,2,2,-111.2001,-111.2001,0.0
56,14,27,14,5,False,D_cost,1.2,1.0,0,2,2,-129.3001,-129.3001,0.0
56,14,27,14,5,False,D_cost,1.3,1.0,0,2,2,-147.4001,-147.4001,0.0
56,14,27,14,5,False,E_prob,0.7,1.0,0,2,2,-56.1701,-56.1701,0.0
56,14,27,14,5,False,E_prob,0.8,1.0,0,2,2,-68.4802,-68.4802,0.0
56,14,27,14,5,False,E_prob,0.9,1.0,0,2,2,-80.7903,-80.7903,0.0
56,14,27,14,5,False,E_prob,1.1,1.0,0,2,2,-105.4102,-105.4102,0.0
56,14,27,14,5,False,E_prob,1.2,1.0,0,2,2,-109.5392,-109.5392,0.0
56,14,27,14,5,False,E_prob,1.3,1.0,0,2,2,-112.7593,-112.7593,0.0
57,16,36,16,6,False,C_benefit,0.7,1.0,0,3,3,-269.3001,-269.3001,0.0
57,16,36,16,6,False,C_benefit,0.8,1.0,0,3,3,-258.2001,-258.2001,0.0
57,16,36,16,6,False,C_benefit,0.9,1.0,0,3,3,-247.1001,-247.1001,0.0
57,16,36,16,6,False,C_benefit,1.1,1.0,0,3,3,-224.9001,-224.9001,0.0
57,16,36,16,6,False,C_benefit,1.2,1.0,0,3,3,-213.8001,-213.8001,0.0
57,16,36,16,6,False,C_benefit,1.3,1.0,0,3,3,-202.7001,-202.7001,0.0
57,16,36,16,6,False,P_loss,0.7,1.0,0,3,3,-236.0,-236.0,0.0
57,16,36,16,6,False,P_loss,0.8,1.0,0,3,3,-236.0,-236.0,0.0
57,16,36,16,6,False,P_loss,0.9,1.0,0,3,3,-236.0,-236.0,0.0
57,16,36,16,6,False,P_loss,1.1,1.0,0,3,3,-236.0001,-236.0001,0.0
57,16,36,16,6,False,P_loss,1.2,1.0,0,3,3,-236.0001,-236.0001,0.0
57,16,36,16,6,False,P_loss,1.3,1.0,0,3,3,-236.0001,-236.0001,0.0
57,16,36,16,6,False,D_cost,0.7,1.0,0,3,3,-131.9001,-131.9001,0.0
57,16,36,16,6,False,D_cost,0.8,1.0,0,3,3,-166.6001,-166.6001,0.0
57,16,36,16,6,False,D_cost,0.9,1.0,0,3,3,-201.3001,-201.3001,0.0
57,16,36,16,6,False,D_cost,1.1,1.0,0,3,3,-270.7001,-270.7001,0.0
57,16,36,16,6,False,D_cost,1.2,1.0,0,3,3,-305.4001,-305.4001,0.0
57,16,36,16,6,False,D_cost,1.3,1.0,0,3,3,-340.1001,-340.1001,0.0
57,16,36,16,6,False,E_prob,0.7,1.0,0,3,3,-236.0,-236.0,0.0
57,16,36,16,6,False,E_prob,0.8,1.0,0,3,3,-236.0001,-236.0001,0.0
57,16,36,16,6,False,E_prob,0.9,1.0,0,3,3,-236.0,-236.0,0.0
57,16,36,16,6,False,E_prob,1.1,1.0,0,3,3,-236.0001,-236.0001,0.0
57,16,36,16,6,False,E_prob,1.2,1.0,0,3,3,-236.0,-236.0,0.0
57,16,36,16,6,False,E_prob,1.3,1.0,0,3,3,-236.0001,-236.0001,0.0
58,14,26,14,5,False,C_benefit,0.7,1.0,0,2,2,-12.6001,-12.6001,0.0
58,14,26,14,5,False,C_benefit,0.8,1.0,0,2,2,7.5999,7.5999,0.0
58,14,26,14,5,False,C_benefit,0.9,1.0,0,2,2,27.7999,27.7999,0.0
58,14,26,14,5,False,C_benefit,1.1,1.0,0,2,2,68.1999,68.1999,0.0
58,14,26,14,5,False,C_benefit,1.2,1.0,0,2,2,88.3999,88.3999,0.0
58,14,26,14,5,False,C_benefit,1.3,1.0,0,2,2,108.5999,108.5999,0.0
58,14,26,14,5,False,P_loss,0.7,0.0,3,2,1,54.3498,48.0,0.116833
58,14,26,14,5,False,P_loss,0.8,1.0,0,2,2,48.0,48.0,0.0
58,14,26,14,5,False,P_loss,0.9,1.0,0,2,2,48.0,48.0,0.0
58,14,26,14,5,False,P_loss,1.1,1.0,0,2,2,47.9999,47.9999,0.0
58,14,26,14,5,False,P_loss,1.2,1.0,0,2,2,47.9999,47.9999,0.0
58,14,26,14,5,False,P_loss,1.3,1.0,0,2,2,47.9999,47.9999,0.0
58,14,26,14,5,False,D_cost,0.7,1.0,0,2,2,94.1999,94.1999,0.0
58,14,26,14,5,False,D_cost,0.8,1.0,0,2,2,78.7999,78.7999,0.0
58,14,26,14,5,False,D_cost,0.9,1.0,0,2,2,63.3999,63.3999,0.0
58,14,26,14,5,False,D_cost,1.1,1.0,0,2,2,32.5999,32.5999,0.0
58,14,26,14,5,False,D_cost,1.2,1.0,0,2,2,17.1999,17.1999,0.0
58,14,26,14,5,False,D_cost,1.3,1.0,0,2,2,1.7999,1.7999,0.0
58,14,26,14,5,False,E_prob,0.7,0.0,3,2,1,54.3499,48.0,0.116835
58,14,26,14,5,False,E_prob,0.8,1.0,0,2,2,48.0,48.0,0.0
58,14,26,14,5,False,E_prob,0.9,1.0,0,2,2,48.0,48.0,0.0
58,14,26,14,5,False,E_prob,1.1,1.0,0,2,2,48.0,48.0,0.0
58,14,26,14,5,False,E_prob,1.2,1.0,0,2,2,48.0,48.0,0.0
58,14,26,14,5,False,E_prob,1.3,1.0,0,2,2,48.0,48.0,0.0
59,18,41,18,6,False,C_benefit,0.7,1.0,0,2,2,-52.4003,-52.4003,0.0
59,18,41,18,6,False,C_benefit,0.8,1.0,0,2,2,-27.6003,-27.6003,0.0
59,18,41,18,6,False,C_benefit,0.9,1.0,0,2,2,-2.8003,-2.8003,0.0
59,18,41,18,6,False,C_benefit,1.1,1.0,0,2,2,46.7997,46.7997,0.0
59,18,41,18,6,False,C_benefit,1.2,1.0,0,2,2,71.5997,71.5997,0.0
59,18,41,18,6,False,C_benefit,1.3,1.0,0,2,2,96.3997,96.3997,0.0
59,18,41,18,6,False,P_loss,0.7,1.0,0,2,2,21.9998,21.9998,0.0
59,18,41,18,6,False,P_loss,0.8,1.0,0,2,2,21.9998,21.9998,0.0
59,18,41,18,6,False,P_loss,0.9,1.0,0,2,2,21.9998,21.9998,0.0
59,18,41,18,6,False,P_loss,1.1,1.0,0,2,2,21.9997,21.9997,0.0
59,18,41,18,6,False,P_loss,1.2,1.0,0,2,2,21.9997,21.9997,0.0
59,18,41,18,6,False,P_loss,1.3,1.0,0,2,2,21.9997,21.9997,0.0
59,18,41,18,6,False,D_cost,0.7,1.0,0,2,2,89.7997,89.7997,0.0
59,18,41,18,6,False,D_cost,0.8,1.0,0,2,2,67.1997,67.1997,0.0
59,18,41,18,6,False,D_cost,0.9,1.0,0,2,2,44.5997,44.5997,0.0
59,18,41,18,6,False,D_cost,1.1,1.0,0,2,2,-0.6003,-0.6003,0.0
59,18,41,18,6,False,D_cost,1.2,1.0,0,2,2,-23.2003,-23.2003,0.0
59,18,41,18,6,False,D_cost,1.3,1.0,0,2,2,-45.8003,-45.8003,0.0
59,18,41,18,6,False,E_prob,0.7,1.0,0,2,2,21.9997,21.9997,0.0
59,18,41,18,6,False,E_prob,0.8,1.0,0,2,2,21.9998,21.9998,0.0
59,18,41,18,6,False,E_prob,0.9,1.0,0,2,2,21.9996,21.9996,0.0
59,18,41,18,6,False,E_prob,1.1,1.0,0,2,2,21.9996,21.9996,0.0
59,18,41,18,6,False,E_prob,1.2,1.0,0,2,2,21.9998,21.9998,0.0
59,18,41,18,6,False,E_prob,1.3,1.0,0,2,2,21.9997,21.9997,0.0
60,12,19,10,4,False,C_benefit,0.7,0.0,3,1,2,-122.2,-129.5002,0.059739
60,12,19,10,4,False,C_benefit,0.8,1.0,0,1,1,-111.8002,-111.8002,0.0
60,12,19,10,4,False,C_benefit,0.9,1.0,0,1,1,-94.1002,-94.1002,0.0
60,12,19,10,4,False,C_benefit,1.1,1.0,0,1,1,-58.7002,-58.7002,0.0
60,12,19,10,4,False,C_benefit,1.2,1.0,0,1,1,-41.0002,-41.0002,0.0
60,12,19,10,4,False,C_benefit,1.3,1.0,0,1,1,-23.3002,-23.3002,0.0
60,12,19,10,4,False,P_loss,0.7,1.0,0,1,1,-36.9801,-36.9801,0.0
60,12,19,10,4,False,P_loss,0.8,1.0,0,1,1,-50.1202,-50.1202,0.0
60,12,19,10,4,False,P_loss,0.9,1.0,0,1,1,-63.2602,-63.2602,0.0
60,12,19,10,4,False,P_loss,1.1,1.0,0,1,1,-89.5402,-89.5402,0.0
60,12,19,10,4,False,P_loss,1.2,0.0,3,1,2,-97.0,-102.6802,0.058559
60,12,19,10,4,False,P_loss,1.3,0.0,3,1,2,-97.0,-115.8203,0.194023
60,12,19,10,4,False,D_cost,0.7,0.5,1,1,2,-35.9001,-39.8002,0.108638
60,12,19,10,4,False,D_cost,0.8,1.0,0,1,1,-52.0002,-52.0002,0.0
60,12,19,10,4,False,D_cost,0.9,1.0,0,1,1,-64.2002,-64.2002,0.0
60,12,19,10,4,False,D_cost,1.1,1.0,0,1,1,-88.6002,-88.6002,0.0
60,12,19,10,4,False,D_cost,1.2,1.0,0,1,1,-100.8002,-100.8002,0.0
60,12,19,10,4,False,D_cost,1.3,1.0,0,1,1,-113.0002,-113.0002,0.0
60,12,19,10,4,False,E_prob,0.7,1.0,0,1,1,-36.9801,-36.9801,0.0
60,12,19,10,4,False,E_prob,0.8,1.0,0,1,1,-50.1201,-50.1201,0.0
60,12,19,10,4,False,E_prob,0.9,1.0,0,1,1,-63.2601,-63.2601,0.0
60,12,19,10,4,False,E_prob,1.1,1.0,0,1,1,-89.5401,-89.5401,0.0
60,12,19,10,4,False,E_prob,1.2,0.0,3,1,2,-97.0,-102.6801,0.058557
60,12,19,10,4,False,E_prob,1.3,0.0,3,1,2,-97.0001,-115.8201,0.194021
61,17,41,21,7,False,C_benefit,0.7,1.0,0,3,3,-176.2,-176.2,0.0
61,17,41,21,7,False,C_benefit,0.8,1.0,0,3,3,-153.8,-153.8,0.0
61,17,41,21,7,False,C_benefit,0.9,1.0,0,3,3,-131.4,-131.4,0.0
61,17,41,21,7,False,C_benefit,1.1,1.0,0,3,3,-86.6,-86.6,0.0
61,17,41,21,7,False,C_benefit,1.2,1.0,0,3,3,-64.2,-64.2,0.0
61,17,41,21,7,False,C_benefit,1.3,1.0,0,3,3,-41.8,-41.8,0.0
61,17,41,21,7,False,P_loss,0.7,1.0,0,3,3,-109.0,-109.0,0.0
61,17,41,21,7,False,P_loss,0.8,1.0,0,3,3,-109.0,-109.0,0.0
61,17,41,21,7,False,P_loss,0.9,1.0,0,3,3,-109.0,-109.0,0.0
61,17,41,21,7,False,P_loss,1.1,1.0,0,3,3,-109.0001,-109.0001,0.0
61,17,41,21,7,False,P_loss,1.2,1.0,0,3,3,-109.0001,-109.0001,0.0
61,17,41,21,7,False,P_loss,1.3,1.0,0,3,3,-109.0001,-109.0001,0.0
61,17,41,21,7,False,D_cost,0.7,1.0,0,3,3,-9.1,-9.1,0.0
61,17,41,21,7,False,D_cost,0.8,1.0,0,3,3,-42.4,-42.4,0.0
61,17,41,21,7,False,D_cost,0.9,1.0,0,3,3,-75.7,-75.7,0.0
61,17,41,21,7,False,D_cost,1.1,1.0,0,3,3,-142.3,-142.3,0.0
61,17,41,21,7,False,D_cost,1.2,1.0,0,3,3,-175.6,-175.6,0.0
61,17,41,21,7,False,D_cost,1.3,1.0,0,3,3,-208.9,-208.9,0.0
61,17,41,21,7,False,E_prob,0.7,1.0,0,3,3,-109.0,-109.0,0.0
61,17,41,21,7,False,E_prob,0.8,1.0,0,3,3,-109.0001,-109.0001,0.0
61,17,41,21,7,False,E_prob,0.9,1.0,0,3,3,-109.0,-109.0,0.0
61,17,41,21,7,False,E_prob,1.1,1.0,0,3,3,-109.0001,-109.0001,0.0
61,17,41,21,7,False,E_prob,1.2,1.0,0,3,3,-109.0001,-109.0001,0.0
61,17,41,21,7,False,E_prob,1.3,1.0,0,3,3,-109.0,-109.0,0.0
62,15,29,13,5,False,C_benefit,0.7,1.0,0,2,2,-127.1001,-127.1001,0.0
62,15,29,13,5,False,C_benefit,0.8,1.0,0,2,2,-119.0001,-119.0001,0.0
62,15,29,13,5,False,C_benefit,0.9,1.0,0,2,2,-110.9001,-110.9001,0.0
62,15,29,13,5,False,C_benefit,1.1,0.5,1,2,1,-25.9349,-94.7001,2.651459
62,15,29,13,5,False,C_benefit,1.2,0.5,1,2,1,-11.3349,-86.6001,6.640153
62,15,29,13,5,False,C_benefit,1.3,0.5,1,2,1,3.2651,-78.5001,25.041939
62,15,29,13,5,False,P_loss,0.7,0.5,1,2,1,-9.7744,-97.7601,9.001638
62,15,29,13,5,False,P_loss,0.8,0.5,1,2,1,-20.0279,-99.4401,3.96508
62,15,29,13,5,False,P_loss,0.9,0.5,1,2,1,-30.2814,-101.1201,2.339349
62,15,29,13,5,False,P_loss,1.1,1.0,0,2,2,-104.4801,-104.4801,0.0
62,15,29,13,5,False,P_loss,1.2,1.0,0,2,2,-106.1601,-106.1601,0.0
62,15,29,13,5,False,P_loss,1.3,1.0,0,2,2,-107.8402,-107.8402,0.0
62,15,29,13,5,False,D_cost,0.7,1.0,0,2,2,-52.7001,-52.7001,0.0
62,15,29,13,5,False,D_cost,0.8,1.0,0,2,2,-69.4001,-69.4001,0.0
62,15,29,13,5,False,D_cost,0.9,1.0,0,2,2,-86.1001,-86.1001,0.0
62,15,29,13,5,False,D_cost,1.1,0.5,1,2,1,-48.9349,-119.5001,1.442024
62,15,29,13,5,False,D_cost,1.2,0.5,1,2,1,-57.3349,-136.2001,1.37552
62,15,29,13,5,False,D_cost,1.3,0.5,1,2,1,-65.7349,-152.9001,1.326012
62,15,29,13,5,False,E_prob,0.7,0.5,1,2,1,-6.7477,-97.76,13.487947
62,15,29,13,5,False,E_prob,0.8,0.5,1,2,1,-17.7232,-99.4401,4.61072
62,15,29,13,5,False,E_prob,0.9,0.5,1,2,1,-28.9859,-101.1201,2.4886
62,15,29,13,5,False,E_prob,1.1,1.0,0,2,2,-104.4801,-104.4801,0.0
62,15,29,13,5,False,E_prob,1.2,1.0,0,2,2,-106.1601,-106.1601,0.0
62,15,29,13,5,False,E_prob,1.3,1.0,0,2,2,-107.8401,-107.8401,0.0
63,16,34,15,5,False,C_benefit,0.7,1.0,0,3,3,-187.6003,-187.6003,0.0
63,16,34,15,5,False,C_benefit,0.8,1.0,0,3,3,-174.4003,-174.4003,0.0
63,16,34,15,5,False,C_benefit,0.9,1.0,0,3,3,-161.2003,-161.2003,0.0
63,16,34,15,5,False,C_benefit,1.1,1.0,0,3,3,-134.8003,-134.8003,0.0
63,16,34,15,5,False,C_benefit,1.2,1.0,0,3,3,-121.6003,-121.6003,0.0
63,16,34,15,5,False,C_benefit,1.3,1.0,0,3,3,-108.4003,-108.4003,0.0
63,16,34,15,5,False,P_loss,0.7,1.0,0,3,3,-148.0002,-148.0002,0.0
63,16,34,15,5,False,P_loss,0.8,1.0,0,3,3,-148.0002,-148.0002,0.0
63,16,34,15,5,False,P_loss,0.9,1.0,0,3,3,-148.0003,-148.0003,0.0
63,16,34,15,5,False,P_loss,1.1,1.0,0,3,3,-148.0003,-148.0003,0.0
63,16,34,15,5,False,P_loss,1.2,1.0,0,3,3,-148.0004,-148.0004,0.0
63,16,34,15,5,False,P_loss,1.3,1.0,0,3,3,-148.0004,-148.0004,0.0
63,16,34,15,5,False,D_cost,0.7,1.0,0,3,3,-64.0003,-64.0003,0.0
63,16,34,15,5,False,D_cost,0.8,1.0,0,3,3,-92.0003,-92.0003,0.0
63,16,34,15,5,False,D_cost,0.9,1.0,0,3,3,-120.0003,-120.0003,0.0
63,16,34,15,5,False,D_cost,1.1,1.0,0,3,3,-176.0003,-176.0003,0.0
63,16,34,15,5,False,D_cost,1.2,1.0,0,3,3,-204.0003,-204.0003,0.0
63,16,34,15,5,False,D_cost,1.3,1.0,0,3,3,-232.0003,-232.0003,0.0
63,16,34,15,5,False,E_prob,0.7,1.0,0,3,3,-148.0003,-148.0003,0.0
63,16,34,15,5,False,E_prob,0.8,1.0,0,3,3,-148.0002,-148.0002,0.0
63,16,34,15,5,False,E_prob,0.9,1.0,0,3,3,-148.0002,-148.0002,0.0
63,16,34,15,5,False,E_prob,1.1,1.0,0,3,3,-148.0001,-148.0001,0.0
63,16,34,15,5,False,E_prob,1.2,1.0,0,3,3,-148.0002,-148.0002,0.0
63,16,34,15,5,False,E_prob,1.3,1.0,0,3,3,-148.0002,-148.0002,0.0
64,12,22,11,4,False,C_benefit,0.7,1.0,0,2,2,-194.5,-194.5,0.0
64,12,22,11,4,False,C_benefit,0.8,1.0,0,2,2,-189.0,-189.0,0.0
64,12,22,11,4,False,C_benefit,0.9,1.0,0,2,2,-183.5,-183.5,0.0
64,12,22,11,4,False,C_benefit,1.1,1.0,0,2,2,-172.5,-172.5,0.0
64,12,22,11,4,False,C_benefit,1.2,1.0,0,2,2,-167.0,-167.0,0.0
64,12,22,11,4,False,C_benefit,1.3,1.0,0,2,2,-161.5,-161.5,0.0
64,12,22,11,4,False,P_loss,0.7,1.0,0,2,2,-178.0,-178.0,0.0
64,12,22,11,4,False,P_loss,0.8,1.0,0,2,2,-178.0,-178.0,0.0
64,12,22,11,4,False,P_loss,0.9,1.0,0,2,2,-178.0,-178.0,0.0
64,12,22,11,4,False,P_loss,1.1,1.0,0,2,2,-178.0,-178.0,0.0
64,12,22,11,4,False,P_loss,1.2,1.0,0,2,2,-178.0,-178.0,0.0
64,12,22,11,4,False,P_loss,1.3,1.0,0,2,2,-178.0,-178.0,0.0
64,12,22,11,4,False,D_cost,0.7,1.0,0,2,2,-108.1,-108.1,0.0
64,12,22,11,4,False,D_cost,0.8,1.0,0,2,2,-131.4,-131.4,0.0
64,12,22,11,4,False,D_cost,0.9,1.0,0,2,2,-154.7,-154.7,0.0
64,12,22,11,4,False,D_cost,1.1,1.0,0,2,2,-201.3,-201.3,0.0
64,12,22,11,4,False,D_cost,1.2,1.0,0,2,2,-224.6,-224.6,0.0
64,12,22,11,4,False,D_cost,1.3,1.0,0,2,2,-247.9,-247.9,0.0
64,12,22,11,4,False,E_prob,0.7,1.0,0,2,2,-178.0,-178.0,0.0
64,12,22,11,4,False,E_prob,0.8,1.0,0,2,2,-178.0,-178.0,0.0
64,12,22,11,4,False,E_prob,0.9,1.0,0,2,2,-178.0,-178.0,0.0
64,12,22,11,4,False,E_prob,1.1,1.0,0,2,2,-178.0,-178.0,0.0
64,12,22,11,4,False,E_prob,1.2,1.0,0,2,2,-178.0,-178.0,0.0
64,12,22,11,4,False,E_prob,1.3,1.0,0,2,2,-178.0,-178.0,0.0
65,15,23,11,4,False,C_benefit,0.7,0.5,1,1,2,-75.1,-81.22,0.081492
65,15,23,11,4,False,C_benefit,0.8,1.0,0,1,1,-60.12,-60.12,0.0
65,15,23,11,4,False,C_benefit,0.9,1.0,0,1,1,-39.02,-39.02,0.0
65,15,23,11,4,False,C_benefit,1.1,1.0,0,1,1,3.18,3.18,0.0
65,15,23,11,4,False,C_benefit,1.2,1.0,0,1,1,24.28,24.28,0.0
65,15,23,11,4,False,C_benefit,1.3,1.0,0,1,1,45.38,45.38,0.0
65,15,23,11,4,False,P_loss,0.7,1.0,0,1,1,28.256,28.256,0.0
65,15,23,11,4,False,P_loss,0.8,1.0,0,1,1,12.864,12.864,0.0
65,15,23,11,4,False,P_loss,0.9,1.0,0,1,1,-2.528,-2.528,0.0
65,15,23,11,4,False,P_loss,1.1,1.0,0,1,1,-33.312,-33.312,0.0
65,15,23,11,4,False,P_loss,1.2,0.5,1,1,2,-37.0,-48.704,0.316325
65,15,23,11,4,False,P_loss,1.3,0.5,1,1,2,-37.0,-64.096,0.732324
65,15,23,11,4,False,D_cost,0.7,0.5,1,1,2,12.2,4.58,0.624592
65,15,23,11,4,False,D_cost,0.8,1.0,0,1,1,-2.92,-2.92,0.0
65,15,23,11,4,False,D_cost,0.9,1.0,0,1,1,-10.42,-10.42,0.0
65,15,23,11,4,False,D_cost,1.1,1.0,0,1,1,-25.42,-25.42,0.0
65,15,23,11,4,False,D_cost,1.2,1.0,0,1,1,-32.92,-32.92,0.0
65,15,23,11,4,False,D_cost,1.3,1.0,0,1,1,-40.42,-40.42,0.0
65,15,23,11,4,False,E_prob,0.7,1.0,0,1,1,28.256,28.256,0.0
65,15,23,11,4,False,E_prob,0.8,1.0,0,1,1,12.8639,12.8639,0.0
65,15,23,11,4,False,E_prob,0.9,1.0,0,1,1,-2.528,-2.528,0.0
65,15,23,11,4,False,E_prob,1.1,1.0,0,1,1,-33.312,-33.312,0.0
65,15,23,11,4,False,E_prob,1.2,0.5,1,1,2,-37.0,-48.7041,0.316325
65,15,23,11,4,False,E_prob,1.3,0.5,1,1,2,-37.0,-64.0961,0.732324
66,12,22,11,4,False,C_benefit,0.7,1.0,0,2,2,-116.84,-116.84,0.0
66,12,22,11,4,False,C_benefit,0.8,1.0,0,2,2,-105.44,-105.44,0.0
66,12,22,11,4,False,C_benefit,0.9,1.0,0,2,2,-94.04,-94.04,0.0
66,12,22,11,4,False,C_benefit,1.1,1.0,0,2,2,-71.24,-71.24,0.0
66,12,22,11,4,False,C_benefit,1.2,1.0,0,2,2,-59.84,-59.84,0.0
66,12,22,11,4,False,C_benefit,1.3,1.0,0,2,2,-48.44,-48.44,0.0
66,12,22,11,4,False,P_loss,0.7,1.0,0,2,2,-79.148,-79.148,0.0
66,12,22,11,4,False,P_loss,0.8,1.0,0,2,2,-80.312,-80.312,0.0
66,12,22,11,4,False,P_loss,0.9,1.0,0,2,2,-81.476,-81.476,0.0
66,12,22,11,4,False,P_loss,1.1,1.0,0,2,2,-83.804,-83.804,0.0
66,12,22,11,4,False,P_loss,1.2,1.0,0,2,2,-84.968,-84.968,0.0
66,12,22,11,4,False,P_loss,1.3,1.0,0,2,2,-86.132,-86.132,0.0
66,12,22,11,4,False,D_cost,0.7,1.0,0,2,2,-27.14,-27.14,0.0
66,12,22,11,4,False,D_cost,0.8,1.0,0,2,2,-45.64,-45.64,0.0
66,12,22,11,4,False,D_cost,0.9,1.0,0,2,2,-64.14,-64.14,0.0
66,12,22,11,4,False,D_cost,1.1,1.0,0,2,2,-101.14,-101.14,0.0
66,12,22,11,4,False,D_cost,1.2,1.0,0,2,2,-119.64,-119.64,0.0
66,12,22,11,4,False,D_cost,1.3,1.0,0,2,2,-138.14,-138.14,0.0
66,12,22,11,4,False,E_prob,0.7,1.0,0,2,2,-79.148,-79.148,0.0
66,12,22,11,4,False,E_prob,0.8,1.0,0,2,2,-80.312,-80.312,0.0
66,12,22,11,4,False,E_prob,0.9,1.0,0,2,2,-81.476,-81.476,0.0
66,12,22,11,4,False,E_prob,1.1,1.0,0,2,2,-83.804,-83.804,0.0
66,12,22,11,4,False,E_prob,1.2,1.0,0,2,2,-84.968,-84.968,0.0
66,12,22,11,4,False,E_prob,1.3,1.0,0,2,2,-86.132,-86.132,0.0
67,16,36,15,5,False,C_benefit,0.7,1.0,0,2,2,-125.8001,-125.8001,0.0
67,16,36,15,5,False,C_benefit,0.8,1.0,0,2,2,-107.2001,-107.2001,0.0
67,16,36,15,5,False,C_benefit,0.9,1.0,0,2,2,-88.6001,-88.6001,0.0
67,16,36,15,5,False,C_benefit,1.1,1.0,0,2,2,-51.4001,-51.4001,0.0
67,16,36,15,5,False,C_benefit,1.2,1.0,0,2,2,-32.8001,-32.8001,0.0
67,16,36,15,5,False,C_benefit,1.3,1.0,0,2,2,-14.2001,-14.2001,0.0
67,16,36,15,5,False,P_loss,0.7,1.0,0,2,2,-70.0,-70.0,0.0
67,16,36,15,5,False,P_loss,0.8,1.0,0,2,2,-70.0,-70.0,0.0
67,16,36,15,5,False,P_loss,0.9,1.0,0,2,2,-70.0001,-70.0001,0.0
67,16,36,15,5,False,P_loss,1.1,1.0,0,2,2,-70.0001,-70.0001,0.0
67,16,36,15,5,False,P_loss,1.2,1.0,0,2,2,-70.0001,-70.0001,0.0
67,16,36,15,5,False,P_loss,1.3,1.0,0,2,2,-70.0001,-70.0001,0.0
67,16,36,15,5,False,D_cost,0.7,1.0,0,2,2,6.7999,6.7999,0.0
67,16,36,15,5,False,D_cost,0.8,1.0,0,2,2,-18.8001,-18.8001,0.0
67,16,36,15,5,False,D_cost,0.9,1.0,0,2,2,-44.4001,-44.4001,0.0
67,16,36,15,5,False,D_cost,1.1,1.0,0,2,2,-95.6001,-95.6001,0.0
67,16,36,15,5,False,D_cost,1.2,1.0,0,2,2,-121.2001,-121.2001,0.0
67,16,36,15,5,False,D_cost,1.3,1.0,0,2,2,-146.8001,-146.8001,0.0
67,16,36,15,5,False,E_prob,0.7,1.0,0,2,2,-70.0001,-70.0001,0.0
67,16,36,15,5,False,E_prob,0.8,1.0,0,2,2,-70.0001,-70.0001,0.0
67,16,36,15,5,False,E_prob,0.9,1.0,0,2,2,-70.0001,-70.0001,0.0
67,16,36,15,5,False,E_prob,1.1,1.0,0,2,2,-70.0001,-70.0001,0.0
67,16,36,15,5,False,E_prob,1.2,1.0,0,2,2,-70.0001,-70.0001,0.0
67,16,36,15,5,False,E_prob,1.3,1.0,0,2,2,-70.0001,-70.0001,0.0
68,14,29,12,4,False,C_benefit,0.7,1.0,0,3,3,-237.5002,-237.5002,0.0
68,14,29,12,4,False,C_benefit,0.8,1.0,0,3,3,-229.0002,-229.0002,0.0
68,14,29,12,4,False,C_benefit,0.9,1.0,0,3,3,-220.5002,-220.5002,0.0
68,14,29,12,4,False,C_benefit,1.1,1.0,0,3,3,-203.5002,-203.5002,0.0
68,14,29,12,4,False,C_benefit,1.2,1.0,0,3,3,-195.0002,-195.0002,0.0
68,14,29,12,4,False,C_benefit,1.3,1.0,0,3,3,-186.5002,-186.5002,0.0
68,14,29,12,4,False,P_loss,0.7,0.6667,1,3,2,-188.6001,-212.0001,0.124072
68,14,29,12,4,False,P_loss,0.8,1.0,0,3,3,-212.0001,-212.0001,0.0
68,14,29,12,4,False,P_loss,0.9,1.0,0,3,3,-212.0001,-212.0001,0.0
68,14,29,12,4,False,P_loss,1.1,1.0,0,3,3,-212.0002,-212.0002,0.0
68,14,29,12,4,False,P_loss,1.2,1.0,0,3,3,-212.0002,-212.0002,0.0
68,14,29,12,4,False,P_loss,1.3,1.0,0,3,3,-212.0002,-212.0002,0.0
68,14,29,12,4,False,D_cost,0.7,1.0,0,3,3,-122.9002,-122.9002,0.0
68,14,29,12,4,False,D_cost,0.8,1.0,0,3,3,-152.6002,-152.6002,0.0
68,14,29,12,4,False,D_cost,0.9,1.0,0,3,3,-182.3002,-182.3002,0.0
68,14,29,12,4,False,D_cost,1.1,1.0,0,3,3,-241.7002,-241.7002,0.0
68,14,29,12,4,False,D_cost,1.2,1.0,0,3,3,-271.4002,-271.4002,0.0
68,14,29,12,4,False,D_cost,1.3,1.0,0,3,3,-301.1002,-301.1002,0.0
68,14,29,12,4,False,E_prob,0.7,0.6667,1,3,2,-188.6002,-212.0002,0.124072
68,14,29,12,4,False,E_prob,0.8,1.0,0,3,3,-212.0002,-212.0002,0.0
68,14,29,12,4,False,E_prob,0.9,1.0,0,3,3,-212.0001,-212.0001,0.0
68,14,29,12,4,False,E_prob,1.1,1.0,0,3,3,-212.0002,-212.0002,0.0
68,14,29,12,4,False,E_prob,1.2,1.0,0,3,3,-212.0001,-212.0001,0.0
68,14,29,12,4,False,E_prob,1.3,1.0,0,3,3,-212.0001,-212.0001,0.0
69,18,36,18,6,False,C_benefit,0.7,1.0,0,3,3,-160.2001,-160.2001,0.0
69,18,36,18,6,False,C_benefit,0.8,1.0,0,3,3,-135.8001,-135.8001,0.0
69,18,36,18,6,False,C_benefit,0.9,1.0,0,3,3,-111.4001,-111.4001,0.0
69,18,36,18,6,False,C_benefit,1.1,1.0,0,3,3,-62.6001,-62.6001,0.0
69,18,36,18,6,False,C_benefit,1.2,1.0,0,3,3,-38.2001,-38.2001,0.0
69,18,36,18,6,False,C_benefit,1.3,1.0,0,3,3,-13.8001,-13.8001,0.0
69,18,36,18,6,False,P_loss,0.7,1.0,0,3,3,-87.0,-87.0,0.0
69,18,36,18,6,False,P_loss,0.8,1.0,0,3,3,-87.0,-87.0,0.0
69,18,36,18,6,False,P_loss,0.9,1.0,0,3,3,-87.0,-87.0,0.0
69,18,36,18,6,False,P_loss,1.1,1.0,0,3,3,-87.0001,-87.0001,0.0
69,18,36,18,6,False,P_loss,1.2,1.0,0,3,3,-87.0001,-87.0001,0.0
69,18,36,18,6,False,P_loss,1.3,1.0,0,3,3,-87.0001,-87.0001,0.0
69,18,36,18,6,False,D_cost,0.7,1.0,0,3,3,12.2999,12.2999,0.0
69,18,36,18,6,False,D_cost,0.8,1.0,0,3,3,-20.8001,-20.8001,0.0
69,18,36,18,6,False,D_cost,0.9,1.0,0,3,3,-53.9001,-53.9001,0.0
69,18,36,18,6,False,D_cost,1.1,1.0,0,3,3,-120.1001,-120.1001,0.0
69,18,36,18,6,False,D_cost,1.2,1.0,0,3,3,-153.2001,-153.2001,0.0
69,18,36,18,6,False,D_cost,1.3,1.0,0,3,3,-186.3001,-186.3001,0.0
69,18,36,18,6,False,E_prob,0.7,1.0,0,3,3,-87.0,-87.0,0.0
69,18,36,18,6,False,E_prob,0.8,1.0,0,3,3,-87.0,-87.0,0.0
69,18,36,18,6,False,E_prob,0.9,1.0,0,3,3,-87.0,-87.0,0.0
69,18,36,18,6,False,E_prob,1.1,1.0,0,3,3,-87.0,-87.0,0.0
69,18,36,18,6,False,E_prob,1.2,1.0,0,3,3,-87.0,-87.0,0.0
69,18,36,18,6,False,E_prob,1.3,1.0,0,3,3,-87.0,-87.0,0.0
70,17,35,16,6,False,C_benefit,0.7,1.0,0,2,2,-15.2001,-15.2001,0.0
70,17,35,16,6,False,C_benefit,0.8,1.0,0,2,2,11.1999,11.1999,0.0
70,17,35,16,6,False,C_benefit,0.9,1.0,0,2,2,37.5999,37.5999,0.0
70,17,35,16,6,False,C_benefit,1.1,1.0,0,2,2,90.3999,90.3999,0.0
70,17,35,16,6,False,C_benefit,1.2,1.0,0,2,2,116.7999,116.7999,0.0
70,17,35,16,6,False,C_benefit,1.3,1.0,0,2,2,143.1999,143.1999,0.0
70,17,35,16,6,False,P_loss,0.7,0.5,1,2,1,75.448,63.9999,0.151734
70,17,35,16,6,False,P_loss,0.8,1.0,0,2,2,63.9999,63.9999,0.0
70,17,35,16,6,False,P_loss,0.9,1.0,0,2,2,63.9999,63.9999,0.0
70,17,35,16,6,False,P_loss,1.1,1.0,0,2,2,63.9999,63.9999,0.0
70,17,35,16,6,False,P_loss,1.2,1.0,0,2,2,63.9999,63.9999,0.0
70,17,35,16,6,False,P_loss,1.3,1.0,0,2,2,63.9999,63.9999,0.0
70,17,35,16,6,False,D_cost,0.7,1.0,0,2,2,123.9999,123.9999,0.0
70,17,35,16,6,False,D_cost,0.8,1.0,0,2,2,103.9999,103.9999,0.0
70,17,35,16,6,False,D_cost,0.9,1.0,0,2,2,83.9999,83.9999,0.0
70,17,35,16,6,False,D_cost,1.1,1.0,0,2,2,43.9999,43.9999,0.0
70,17,35,16,6,False,D_cost,1.2,1.0,0,2,2,23.9999,23.9999,0.0
70,17,35,16,6,False,D_cost,1.3,1.0,0,2,2,3.9999,3.9999,0.0
70,17,35,16,6,False,E_prob,0.7,0.5,1,2,1,75.4479,63.9999,0.151734
70,17,35,16,6,False,E_prob,0.8,1.0,0,2,2,63.9998,63.9998,0.0
70,17,35,16,6,False,E_prob,0.9,1.0,0,2,2,63.9998,63.9998,0.0
70,17,35,16,6,False,E_prob,1.1,1.0,0,2,2,63.9999,63.9999,0.0
70,17,35,16,6,False,E_prob,1.2,1.0,0,2,2,63.9999,63.9999,0.0
70,17,35,16,6,False,E_prob,1.3,1.0,0,2,2,63.9999,63.9999,0.0
71,16,39,19,7,False,C_benefit,0.7,1.0,0,3,3,-87.8006,-87.8006,0.0
71,16,39,19,7,False,C_benefit,0.8,1.0,0,3,3,-69.2006,-69.2006,0.0
71,16,39,19,7,False,C_benefit,0.9,1.0,0,3,3,-50.6006,-50.6006,0.0
71,16,39,19,7,False,C_benefit,1.1,0.25,3,3,2,-11.1801,-13.4006,0.198613
71,16,39,19,7,False,C_benefit,1.2,0.25,3,3,2,11.8199,5.1994,0.560114
71,16,39,19,7,False,C_benefit,1.3,0.25,3,3,2,34.8199,23.7994,0.3165
71,16,39,19,7,False,P_loss,0.7,0.25,3,3,2,0.974,-32.0004,33.856131
71,16,39,19,7,False,P_loss,0.8,0.25,3,3,2,-10.7441,-32.0005,1.978435
71,16,39,19,7,False,P_loss,0.9,0.25,3,3,2,-22.4621,-32.0005,0.424648
71,16,39,19,7,False,P_loss,1.1,1.0,0,3,3,-32.0006,-32.0006,0.0
71,16,39,19,7,False,P_loss,1.2,1.0,0,3,3,-32.0007,-32.0007,0.0
71,16,39,19,7,False,P_loss,1.3,1.0,0,3,3,-32.0007,-32.0007,0.0
71,16,39,19,7,False,D_cost,0.7,1.0,0,3,3,33.3994,33.3994,0.0
71,16,39,19,7,False,D_cost,0.8,1.0,0,3,3,11.5994,11.5994,0.0
71,16,39,19,7,False,D_cost,0.9,1.0,0,3,3,-10.2006,-10.2006,0.0
71,16,39,19,7,False,D_cost,1.1,0.6667,1,3,2,-30.0806,-53.8006,0.788546
71,16,39,19,7,False,D_cost,1.2,0.6667,1,3,2,-44.2806,-75.6006,0.707306
71,16,39,19,7,False,D_cost,1.3,0.6667,1,3,2,-58.4806,-97.4006,0.665519
71,16,39,19,7,False,E_prob,0.7,0.25,3,3,2,0.974,-32.0004,33.856243
71,16,39,19,7,False,E_prob,0.8,0.25,3,3,2,-10.7441,-32.0004,1.978417
71,16,39,19,7,False,E_prob,0.9,0.25,3,3,2,-22.462,-32.0003,0.424639
71,16,39,19,7,False,E_prob,1.1,1.0,0,3,3,-32.0004,-32.0004,0.0
71,16,39,19,7,False,E_prob,1.2,1.0,0,3,3,-32.0003,-32.0003,0.0
71,16,39,19,7,False,E_prob,1.3,1.0,0,3,3,-32.0004,-32.0004,0.0
72,18,36,18,6,False,C_benefit,0.7,0.3333,2,2,2,40.3999,39.6998,0.01733
72,18,36,18,6,False,C_benefit,0.8,1.0,0,2,2,71.7998,71.7998,0.0
72,18,36,18,6,False,C_benefit,0.9,1.0,0,2,2,103.8998,103.8998,0.0
72,18,36,18,6,False,C_benefit,1.1,1.0,0,2,2,168.0998,168.0998,0.0
72,18,36,18,6,False,C_benefit,1.2,1.0,0,2,2,200.1998,200.1998,0.0
72,18,36,18,6,False,C_benefit,1.3,1.0,0,2,2,232.2998,232.2998,0.0
72,18,36,18,6,False,P_loss,0.7,1.0,0,2,2,135.9999,135.9999,0.0
72,18,36,18,6,False,P_loss,0.8,1.0,0,2,2,135.9998,135.9998,0.0
72,18,36,18,6,False,P_loss,0.9,1.0,0,2,2,135.9998,135.9998,0.0
72,18,36,18,6,False,P_loss,1.1,1.0,0,2,2,135.9998,135.9998,0.0
72,18,36,18,6,False,P_loss,1.2,1.0,0,2,2,135.9998,135.9998,0.0
72,18,36,18,6,False,P_loss,1.3,1.0,0,2,2,135.9997,135.9997,0.0
72,18,36,18,6,False,D_cost,0.7,1.0,0,2,2,191.4998,191.4998,0.0
72,18,36,18,6,False,D_cost,0.8,1.0,0,2,2,172.9998,172.9998,0.0
72,18,36,18,6,False,D_cost,0.9,1.0,0,2,2,154.4998,154.4998,0.0
72,18,36,18,6,False,D_cost,1.1,1.0,0,2,2,117.4998,117.4998,0.0
72,18,36,18,6,False,D_cost,1.2,1.0,0,2,2,98.9998,98.9998,0.0
72,18,36,18,6,False,D_cost,1.3,1.0,0,2,2,80.4998,80.4998,0.0
72,18,36,18,6,False,E_prob,0.7,1.0,0,2,2,135.9999,135.9999,0.0
72,18,36,18,6,False,E_prob,0.8,1.0,0,2,2,135.9999,135.9999,0.0
72,18,36,18,6,False,E_prob,0.9,1.0,0,2,2,135.9998,135.9998,0.0
72,18,36,18,6,False,E_prob,1.1,1.0,0,2,2,135.9998,135.9998,0.0
72,18,36,18,6,False,E_prob,1.2,1.0,0,2,2,135.9999,135.9999,0.0
72,18,36,18,6,False,E_prob,1.3,1.0,0,2,2,135.9998,135.9998,0.0
73,14,25,14,5,False,C_benefit,0.7,1.0,0,3,3,-234.1001,-234.1001,0.0
73,14,25,14,5,False,C_benefit,0.8,1.0,0,3,3,-221.4001,-221.4001,0.0
73,14,25,14,5,False,C_benefit,0.9,1.0,0,3,3,-208.7001,-208.7001,0.0
73,14,25,14,5,False,C_benefit,1.1,1.0,0,3,3,-183.3001,-183.3001,0.0
73,14,25,14,5,False,C_benefit,1.2,1.0,0,3,3,-170.6001,-170.6001,0.0
73,14,25,14,5,False,C_benefit,1.3,1.0,0,3,3,-157.9001,-157.9001,0.0
73,14,25,14,5,False,P_loss,0.7,1.0,0,3,3,-196.0,-196.0,0.0
73,14,25,14,5,False,P_loss,0.8,1.0,0,3,3,-196.0001,-196.0001,0.0
73,14,25,14,5,False,P_loss,0.9,1.0,0,3,3,-196.0001,-196.0001,0.0
73,14,25,14,5,False,P_loss,1.1,1.0,0,3,3,-196.0001,-196.0001,0.0
73,14,25,14,5,False,P_loss,1.2,1.0,0,3,3,-196.0001,-196.0001,0.0
73,14,25,14,5,False,P_loss,1.3,1.0,0,3,3,-196.0001,-196.0001,0.0
73,14,25,14,5,False,D_cost,0.7,1.0,0,3,3,-99.1001,-99.1001,0.0
73,14,25,14,5,False,D_cost,0.8,1.0,0,3,3,-131.4001,-131.4001,0.0
73,14,25,14,5,False,D_cost,0.9,1.0,0,3,3,-163.7001,-163.7001,0.0
73,14,25,14,5,False,D_cost,1.1,1.0,0,3,3,-228.3001,-228.3001,0.0
73,14,25,14,5,False,D_cost,1.2,1.0,0,3,3,-260.6001,-260.6001,0.0
73,14,25,14,5,False,D_cost,1.3,1.0,0,3,3,-292.9001,-292.9001,0.0
73,14,25,14,5,False,E_prob,0.7,1.0,0,3,3,-196.0,-196.0,0.0
73,14,25,14,5,False,E_prob,0.8,1.0,0,3,3,-196.0,-196.0,0.0
73,14,25,14,5,False,E_prob,0.9,1.0,0,3,3,-196.0001,-196.0001,0.0
73,14,25,14,5,False,E_prob,1.1,1.0,0,3,3,-196.0001,-196.0001,0.0
73,14,25,14,5,False,E_prob,1.2,1.0,0,3,3,-196.0001,-196.0001,0.0
73,14,25,14,5,False,E_prob,1.3,1.0,0,3,3,-196.0,-196.0,0.0
74,16,36,17,6,False,C_benefit,0.7,1.0,0,3,3,-174.2003,-174.2003,0.0
74,16,36,17,6,False,C_benefit,0.8,1.0,0,3,3,-154.8003,-154.8003,0.0
74,16,36,17,6,False,C_benefit,0.9,1.0,0,3,3,-135.4003,-135.4003,0.0
74,16,36,17,6,False,C_benefit,1.1,1.0,0,3,3,-96.6003,-96.6003,0.0
74,16,36,17,6,False,C_benefit,1.2,1.0,0,3,3,-77.2003,-77.2003,0.0
74,16,36,17,6,False,C_benefit,1.3,1.0,0,3,3,-57.8003,-57.8003,0.0
74,16,36,17,6,False,P_loss,0.7,1.0,0,3,3,-116.0002,-116.0002,0.0
74,16,36,17,6,False,P_loss,0.8,1.0,0,3,3,-116.0002,-116.0002,0.0
74,16,36,17,6,False,P_loss,0.9,1.0,0,3,3,-116.0003,-116.0003,0.0
74,16,36,17,6,False,P_loss,1.1,1.0,0,3,3,-116.0003,-116.0003,0.0
74,16,36,17,6,False,P_loss,1.2,1.0,0,3,3,-116.0004,-116.0004,0.0
74,16,36,17,6,False,P_loss,1.3,1.0,0,3,3,-116.0004,-116.0004,0.0
74,16,36,17,6,False,D_cost,0.7,1.0,0,3,3,-23.0003,-23.0003,0.0
74,16,36,17,6,False,D_cost,0.8,1.0,0,3,3,-54.0003,-54.0003,0.0
74,16,36,17,6,False,D_cost,0.9,1.0,0,3,3,-85.0003,-85.0003,0.0
74,16,36,17,6,False,D_cost,1.1,1.0,0,3,3,-147.0003,-147.0003,0.0
74,16,36,17,6,False,D_cost,1.2,1.0,0,3,3,-178.0003,-178.0003,0.0
74,16,36,17,6,False,D_cost,1.3,1.0,0,3,3,-209.0003,-209.0003,0.0
74,16,36,17,6,False,E_prob,0.7,1.0,0,3,3,-116.0003,-116.0003,0.0
74,16,36,17,6,False,E_prob,0.8,1.0,0,3,3,-116.0001,-116.0001,0.0
74,16,36,17,6,False,E_prob,0.9,1.0,0,3,3,-116.0002,-116.0002,0.0
74,16,36,17,6,False,E_prob,1.1,1.0,0,3,3,-116.0001,-116.0001,0.0
74,16,36,17,6,False,E_prob,1.2,1.0,0,3,3,-116.0002,-116.0002,0.0
74,16,36,17,6,False,E_prob,1.3,1.0,0,3,3,-116.0002,-116.0002,0.0
75,13,21,11,4,False,C_benefit,0.7,1.0,0,2,2,-159.5001,-159.5001,0.0
75,13,21,11,4,False,C_benefit,0.8,1.0,0,2,2,-146.0001,-146.0001,0.0
75,13,21,11,4,False,C_benefit,0.9,1.0,0,2,2,-132.5001,-132.5001,0.0
75,13,21,11,4,False,C_benefit,1.1,1.0,0,2,2,-105.5001,-105.5001,0.0
75,13,21,11,4,False,C_benefit,1.2,1.0,0,2,2,-92.0001,-92.0001,0.0
75,13,21,11,4,False,C_benefit,1.3,1.0,0,2,2,-78.5001,-78.5001,0.0
75,13,21,11,4,False,P_loss,0.7,1.0,0,2,2,-119.0001,-119.0001,0.0
75,13,21,11,4,False,P_loss,0.8,1.0,0,2,2,-119.0001,-119.0001,0.0
75,13,21,11,4,False,P_loss,0.9,1.0,0,2,2,-119.0001,-119.0001,0.0
75,13,21,11,4,False,P_loss,1.1,1.0,0,2,2,-119.0001,-119.0001,0.0
75,13,21,11,4,False,P_loss,1.2,1.0,0,2,2,-119.0001,-119.0001,0.0
75,13,21,11,4,False,P_loss,1.3,1.0,0,2,2,-119.0001,-119.0001,0.0
75,13,21,11,4,False,D_cost,0.7,1.0,0,2,2,-42.8001,-42.8001,0.0
75,13,21,11,4,False,D_cost,0.8,1.0,0,2,2,-68.2001,-68.2001,0.0
75,13,21,11,4,False,D_cost,0.9,1.0,0,2,2,-93.6001,-93.6001,0.0
75,13,21,11,4,False,D_cost,1.1,1.0,0,2,2,-144.4001,-144.4001,0.0
75,13,21,11,4,False,D_cost,1.2,1.0,0,2,2,-169.8001,-169.8001,0.0
75,13,21,11,4,False,D_cost,1.3,1.0,0,2,2,-195.2001,-195.2001,0.0
75,13,21,11,4,False,E_prob,0.7,1.0,0,2,2,-119.0001,-119.0001,0.0
75,13,21,11,4,False,E_prob,0.8,1.0,0,2,2,-119.0001,-119.0001,0.0
75,13,21,11,4,False,E_prob,0.9,1.0,0,2,2,-119.0001,-119.0001,0.0
75,13,21,11,4,False,E_prob,1.1,1.0,0,2,2,-119.0002,-119.0002,0.0
75,13,21,11,4,False,E_prob,1.2,1.0,0,2,2,-119.0001,-119.0001,0.0
75,13,21,11,4,False,E_prob,1.3,1.0,0,2,2,-119.0001,-119.0001,0.0
76,17,41,19,7,False,C_benefit,0.7,1.0,0,2,2,-112.1678,-112.1678,0.0
76,17,41,19,7,False,C_benefit,0.8,1.0,0,2,2,-88.3678,-88.3678,0.0
76,17,41,19,7,False,C_benefit,0.9,1.0,0,2,2,-64.5678,-64.5678,0.0
76,17,41,19,7,False,C_benefit,1.1,1.0,0,2,2,-16.9678,-16.9678,0.0
76,17,41,19,7,False,C_benefit,1.2,1.0,0,2,2,6.8322,6.8322,0.0
76,17,41,19,7,False,C_benefit,1.3,1.0,0,2,2,30.6322,30.6322,0.0
76,17,41,19,7,False,P_loss,0.7,1.0,0,2,2,-25.5375,-25.5375,0.0
76,17,41,19,7,False,P_loss,0.8,1.0,0,2,2,-30.6143,-30.6143,0.0
76,17,41,19,7,False,P_loss,0.9,1.0,0,2,2,-35.691,-35.691,0.0
76,17,41,19,7,False,P_loss,1.1,1.0,0,2,2,-45.8446,-45.8446,0.0
76,17,41,19,7,False,P_loss,1.2,1.0,0,2,2,-50.9214,-50.9214,0.0
76,17,41,19,7,False,P_loss,1.3,1.0,0,2,2,-55.9982,-55.9982,0.0
76,17,41,19,7,False,D_cost,0.7,1.0,0,2,2,27.6322,27.6322,0.0
76,17,41,19,7,False,D_cost,0.8,1.0,0,2,2,4.8322,4.8322,0.0
76,17,41,19,7,False,D_cost,0.9,1.0,0,2,2,-17.9678,-17.9678,0.0
76,17,41,19,7,False,D_cost,1.1,1.0,0,2,2,-63.5678,-63.5678,0.0
76,17,41,19,7,False,D_cost,1.2,1.0,0,2,2,-86.3678,-86.3678,0.0
76,17,41,19,7,False,D_cost,1.3,1.0,0,2,2,-109.1678,-109.1678,0.0
76,17,41,19,7,False,E_prob,0.7,1.0,0,2,2,-24.5784,-24.5784,0.0
76,17,41,19,7,False,E_prob,0.8,1.0,0,2,2,-29.8835,-29.8835,0.0
76,17,41,19,7,False,E_prob,0.9,1.0,0,2,2,-35.2801,-35.2801,0.0
76,17,41,19,7,False,E_prob,1.1,1.0,0,2,2,-46.3469,-46.3469,0.0
76,17,41,19,7,False,E_prob,1.2,1.0,0,2,2,-52.0175,-52.0175,0.0
76,17,41,19,7,False,E_prob,1.3,1.0,0,2,2,-57.7792,-57.7792,0.0
77,12,24,12,4,False,C_benefit,0.7,1.0,0,3,3,-209.0001,-209.0001,0.0
77,12,24,12,4,False,C_benefit,0.8,1.0,0,3,3,-201.0001,-201.0001,0.0
77,12,24,12,4,False,C_benefit,0.9,1.0,0,3,3,-193.0001,-193.0001,0.0
77,12,24,12,4,False,C_benefit,1.1,1.0,0,3,3,-177.0001,-177.0001,0.0
77,12,24,12,4,False,C_benefit,1.2,1.0,0,3,3,-169.0001,-169.0001,0.0
77,12,24,12,4,False,C_benefit,1.3,1.0,0,3,3,-161.0001,-161.0001,0.0
77,12,24,12,4,False,P_loss,0.7,0.6667,1,3,2,-97.3773,-185.0001,0.899827
77,12,24,12,4,False,P_loss,0.8,1.0,0,3,3,-185.0001,-185.0001,0.0
77,12,24,12,4,False,P_loss,0.9,1.0,0,3,3,-185.0001,-185.0001,0.0
77,12,24,12,4,False,P_loss,1.1,1.0,0,3,3,-185.0001,-185.0001,0.0
77,12,24,12,4,False,P_loss,1.2,1.0,0,3,3,-185.0001,-185.0001,0.0
77,12,24,12,4,False,P_loss,1.3,1.0,0,3,3,-185.0001,-185.0001,0.0
77,12,24,12,4,False,D_cost,0.7,1.0,0,3,3,-105.5001,-105.5001,0.0
77,12,24,12,4,False,D_cost,0.8,1.0,0,3,3,-132.0001,-132.0001,0.0
77,12,24,12,4,False,D_cost,0.9,1.0,0,3,3,-158.5001,-158.5001,0.0
77,12,24,12,4,False,D_cost,1.1,1.0,0,3,3,-211.5001,-211.5001,0.0
77,12,24,12,4,False,D_cost,1.2,1.0,0,3,3,-238.0001,-238.0001,0.0
77,12,24,12,4,False,D_cost,1.3,1.0,0,3,3,-264.5001,-264.5001,0.0
77,12,24,12,4,False,E_prob,0.7,0.6667,1,3,2,-92.6213,-185.0002,0.997382
77,12,24,12,4,False,E_prob,0.8,1.0,0,3,3,-185.0002,-185.0002,0.0
77,12,24,12,4,False,E_prob,0.9,1.0,0,3,3,-185.0001,-185.0001,0.0
77,12,24,12,4,False,E_prob,1.1,1.0,0,3,3,-185.0001,-185.0001,0.0
77,12,24,12,4,False,E_prob,1.2,1.0,0,3,3,-185.0001,-185.0001,0.0
77,12,24,12,4,False,E_prob,1.3,1.0,0,3,3,-185.0002,-185.0002,0.0
78,12,21,10,4,False,C_benefit,0.7,1.0,0,2,2,-147.2,-147.2,0.0
78,12,21,10,4,False,C_benefit,0.8,1.0,0,2,2,-140.8,-140.8,0.0
78,12,21,10,4,False,C_benefit,0.9,1.0,0,2,2,-134.4,-134.4,0.0
78,12,21,10,4,False,C_benefit,1.1,1.0,0,2,2,-121.6,-121.6,0.0
78,12,21,10,4,False,C_benefit,1.2,1.0,0,2,2,-115.2,-115.2,0.0
78,12,21,10,4,False,C_benefit,1.3,1.0,0,2,2,-108.8,-108.8,0.0
78,12,21,10,4,False,P_loss,0.7,0.5,1,2,1,-104.64,-128.0,0.223242
78,12,21,10,4,False,P_loss,0.8,0.5,1,2,1,-122.16,-128.0,0.047806
78,12,21,10,4,False,P_loss,0.9,1.0,0,2,2,-128.0,-128.0,0.0
78,12,21,10,4,False,P_loss,1.1,1.0,0,2,2,-128.0001,-128.0001,0.0
78,12,21,10,4,False,P_loss,1.2,1.0,0,2,2,-128.0001,-128.0001,0.0
78,12,21,10,4,False,P_loss,1.3,1.0,0,2,2,-128.0001,-128.0001,0.0
78,12,21,10,4,False,D_cost,0.7,1.0,0,2,2,-70.4,-70.4,0.0
78,12,21,10,4,False,D_cost,0.8,1.0,0,2,2,-89.6,-89.6,0.0
78,12,21,10,4,False,D_cost,0.9,1.0,0,2,2,-108.8,-108.8,0.0
78,12,21,10,4,False,D_cost,1.1,1.0,0,2,2,-147.2,-147.2,0.0
78,12,21,10,4,False,D_cost,1.2,1.0,0,2,2,-166.4,-166.4,0.0
78,12,21,10,4,False,D_cost,1.3,0.5,1,2,1,-184.2,-185.6,0.0076
78,12,21,10,4,False,E_prob,0.7,0.5,1,2,1,-104.6401,-128.0001,0.223241
78,12,21,10,4,False,E_prob,0.8,0.5,1,2,1,-122.16,-128.0,0.047806
78,12,21,10,4,False,E_prob,0.9,1.0,0,2,2,-128.0,-128.0,0.0
78,12,21,10,4,False,E_prob,1.1,1.0,0,2,2,-128.0,-128.0,0.0
78,12,21,10,4,False,E_prob,1.2,1.0,0,2,2,-128.0,-128.0,0.0
78,12,21,10,4,False,E_prob,1.3,1.0,0,2,2,-128.0,-128.0,0.0
79,17,37,17,6,False,C_benefit,0.7,1.0,0,2,2,15.3999,15.3999,0.0
79,17,37,17,6,False,C_benefit,0.8,1.0,0,2,2,46.5999,46.5999,0.0
79,17,37,17,6,False,C_benefit,0.9,1.0,0,2,2,77.7999,77.7999,0.0
79,17,37,17,6,False,C_benefit,1.1,1.0,0,2,2,140.1999,140.1999,0.0
79,17,37,17,6,False,C_benefit,1.2,1.0,0,2,2,171.3999,171.3999,0.0
79,17,37,17,6,False,C_benefit,1.3,1.0,0,2,2,202.5999,202.5999,0.0
79,17,37,17,6,False,P_loss,0.7,0.0,4,2,2,148.362,108.9999,0.265311
79,17,37,17,6,False,P_loss,0.8,1.0,0,2,2,108.9999,108.9999,0.0
79,17,37,17,6,False,P_loss,0.9,1.0,0,2,2,108.9999,108.9999,0.0
79,17,37,17,6,False,P_loss,1.1,1.0,0,2,2,108.9999,108.9999,0.0
79,17,37,17,6,False,P_loss,1.2,1.0,0,2,2,108.9999,108.9999,0.0
79,17,37,17,6,False,P_loss,1.3,1.0,0,2,2,108.9998,108.9998,0.0
79,17,37,17,6,False,D_cost,0.7,1.0,0,2,2,169.8999,169.8999,0.0
79,17,37,17,6,False,D_cost,0.8,1.0,0,2,2,149.5999,149.5999,0.0
79,17,37,17,6,False,D_cost,0.9,1.0,0,2,2,129.2999,129.2999,0.0
79,17,37,17,6,False,D_cost,1.1,1.0,0,2,2,88.6999,88.6999,0.0
79,17,37,17,6,False,D_cost,1.2,1.0,0,2,2,68.3999,68.3999,0.0
79,17,37,17,6,False,D_cost,1.3,1.0,0,2,2,48.0999,48.0999,0.0
79,17,37,17,6,False,E_prob,0.7,0.0,4,2,2,150.3024,108.9999,0.274796
79,17,37,17,6,False,E_prob,0.8,1.0,0,2,2,108.9999,108.9999,0.0
79,17,37,17,6,False,E_prob,0.9,1.0,0,2,2,108.9999,108.9999,0.0
79,17,37,17,6,False,E_prob,1.1,1.0,0,2,2,108.9999,108.9999,0.0
79,17,37,17,6,False,E_prob,1.2,1.0,0,2,2,108.9999,108.9999,0.0
79,17,37,17,6,False,E_prob,1.3,1.0,0,2,2,108.9999,108.9999,0.0
80,13,21,11,4,False,C_benefit,0.7,1.0,0,2,2,-152.3001,-152.3001,0.0
80,13,21,11,4,False,C_benefit,0.8,1.0,0,2,2,-141.2001,-141.2001,0.0
80,13,21,11,4,False,C_benefit,0.9,1.0,0,2,2,-130.1001,-130.1001,0.0
80,13,21,11,4,False,C_benefit,1.1,1.0,0,2,2,-107.9001,-107.9001,0.0
80,13,21,11,4,False,C_benefit,1.2,1.0,0,2,2,-96.8001,-96.8001,0.0
80,13,21,11,4,False,C_benefit,1.3,1.0,0,2,2,-85.7001,-85.7001,0.0
80,13,21,11,4,False,P_loss,0.7,1.0,0,2,2,-119.0001,-119.0001,0.0
80,13,21,11,4,False,P_loss,0.8,1.0,0,2,2,-119.0001,-119.0001,0.0
80,13,21,11,4,False,P_loss,0.9,1.0,0,2,2,-119.0001,-119.0001,0.0
80,13,21,11,4,False,P_loss,1.1,1.0,0,2,2,-119.0001,-119.0001,0.0
80,13,21,11,4,False,P_loss,1.2,1.0,0,2,2,-119.0001,-119.0001,0.0
80,13,21,11,4,False,P_loss,1.3,1.0,0,2,2,-119.0001,-119.0001,0.0
80,13,21,11,4,False,D_cost,0.7,1.0,0,2,2,-50.0001,-50.0001,0.0
80,13,21,11,4,False,D_cost,0.8,1.0,0,2,2,-73.0001,-73.0001,0.0
80,13,21,11,4,False,D_cost,0.9,1.0,0,2,2,-96.0001,-96.0001,0.0
80,13,21,11,4,False,D_cost,1.1,1.0,0,2,2,-142.0001,-142.0001,0.0
80,13,21,11,4,False,D_cost,1.2,1.0,0,2,2,-165.0001,-165.0001,0.0
80,13,21,11,4,False,D_cost,1.3,1.0,0,2,2,-188.0001,-188.0001,0.0
80,13,21,11,4,False,E_prob,0.7,1.0,0,2,2,-119.0,-119.0,0.0
80,13,21,11,4,False,E_prob,0.8,1.0,0,2,2,-119.0001,-119.0001,0.0
80,13,21,11,4,False,E_prob,0.9,1.0,0,2,2,-119.0001,-119.0001,0.0
80,13,21,11,4,False,E_prob,1.1,1.0,0,2,2,-119.0001,-119.0001,0.0
80,13,21,11,4,False,E_prob,1.2,1.0,0,2,2,-119.0,-119.0,0.0
80,13,21,11,4,False,E_prob,1.3,1.0,0,2,2,-119.0,-119.0,0.0
81,18,43,20,7,False,C_benefit,0.7,1.0,0,3,3,-73.8,-73.8,0.0
81,18,43,20,7,False,C_benefit,0.8,1.0,0,3,3,-51.2,-51.2,0.0
81,18,43,20,7,False,C_benefit,0.9,1.0,0,3,3,-28.6,-28.6,0.0
81,18,43,20,7,False,C_benefit,1.1,1.0,0,3,3,16.6,16.6,0.0
81,18,43,20,7,False,C_benefit,1.2,1.0,0,3,3,39.2,39.2,0.0
81,18,43,20,7,False,C_benefit,1.3,1.0,0,3,3,61.8,61.8,0.0
81,18,43,20,7,False,P_loss,0.7,1.0,0,3,3,-6.0,-6.0,0.0
81,18,43,20,7,False,P_loss,0.8,1.0,0,3,3,-6.0,-6.0,0.0
81,18,43,20,7,False,P_loss,0.9,1.0,0,3,3,-6.0,-6.0,0.0
81,18,43,20,7,False,P_loss,1.1,1.0,0,3,3,-6.0,-6.0,0.0
81,18,43,20,7,False,P_loss,1.2,1.0,0,3,3,-6.0,-6.0,0.0
81,18,43,20,7,False,P_loss,1.3,1.0,0,3,3,-6.0001,-6.0001,0.0
81,18,43,20,7,False,D_cost,0.7,1.0,0,3,3,63.6,63.6,0.0
81,18,43,20,7,False,D_cost,0.8,1.0,0,3,3,40.4,40.4,0.0
81,18,43,20,7,False,D_cost,0.9,1.0,0,3,3,17.2,17.2,0.0
81,18,43,20,7,False,D_cost,1.1,1.0,0,3,3,-29.2,-29.2,0.0
81,18,43,20,7,False,D_cost,1.2,1.0,0,3,3,-52.4,-52.4,0.0
81,18,43,20,7,False,D_cost,1.3,1.0,0,3,3,-75.6,-75.6,0.0
81,18,43,20,7,False,E_prob,0.7,1.0,0,3,3,-6.0,-6.0,0.0
81,18,43,20,7,False,E_prob,0.8,1.0,0,3,3,-6.0,-6.0,0.0
81,18,43,20,7,False,E_prob,0.9,1.0,0,3,3,-6.0,-6.0,0.0
81,18,43,20,7,False,E_prob,1.1,1.0,0,3,3,-6.0,-6.0,0.0
81,18,43,20,7,False,E_prob,1.2,1.0,0,3,3,-6.0,-6.0,0.0
81,18,43,20,7,False,E_prob,1.3,1.0,0,3,3,-6.0001,-6.0001,0.0
82,14,27,12,4,False,C_benefit,0.7,1.0,0,2,2,-130.5,-130.5,0.0
82,14,27,12,4,False,C_benefit,0.8,1.0,0,2,2,-122.0,-122.0,0.0
82,14,27,12,4,False,C_benefit,0.9,1.0,0,2,2,-113.5,-113.5,0.0
82,14,27,12,4,False,C_benefit,1.1,1.0,0,2,2,-96.5,-96.5,0.0
82,14,27,12,4,False,C_benefit,1.2,1.0,0,2,2,-88.0,-88.0,0.0
82,14,27,12,4,False,C_benefit,1.3,1.0,0,2,2,-79.5,-79.5,0.0
82,14,27,12,4,False,P_loss,0.7,1.0,0,2,2,-105.0,-105.0,0.0
82,14,27,12,4,False,P_loss,0.8,1.0,0,2,2,-105.0,-105.0,0.0
82,14,27,12,4,False,P_loss,0.9,1.0,0,2,2,-105.0,-105.0,0.0
82,14,27,12,4,False,P_loss,1.1,1.0,0,2,2,-105.0,-105.0,0.0
82,14,27,12,4,False,P_loss,1.2,1.0,0,2,2,-105.0,-105.0,0.0
82,14,27,12,4,False,P_loss,1.3,1.0,0,2,2,-105.0,-105.0,0.0
82,14,27,12,4,False,D_cost,0.7,1.0,0,2,2,-48.0,-48.0,0.0
82,14,27,12,4,False,D_cost,0.8,1.0,0,2,2,-67.0,-67.0,0.0
82,14,27,12,4,False,D_cost,0.9,1.0,0,2,2,-86.0,-86.0,0.0
82,14,27,12,4,False,D_cost,1.1,1.0,0,2,2,-124.0,-124.0,0.0
82,14,27,12,4,False,D_cost,1.2,1.0,0,2,2,-143.0,-143.0,0.0
82,14,27,12,4,False,D_cost,1.3,1.0,0,2,2,-162.0,-162.0,0.0
82,14,27,12,4,False,E_prob,0.7,1.0,0,2,2,-105.0,-105.0,0.0
82,14,27,12,4,False,E_prob,0.8,1.0,0,2,2,-105.0,-105.0,0.0
82,14,27,12,4,False,E_prob,0.9,1.0,0,2,2,-105.0,-105.0,0.0
82,14,27,12,4,False,E_prob,1.1,1.0,0,2,2,-105.0,-105.0,0.0
82,14,27,12,4,False,E_prob,1.2,1.0,0,2,2,-105.0,-105.0,0.0
82,14,27,12,4,False,E_prob,1.3,1.0,0,2,2,-105.0,-105.0,0.0
83,12,20,11,4,False,C_benefit,0.7,1.0,0,1,1,-20.0003,-20.0003,0.0
83,12,20,11,4,False,C_benefit,0.8,1.0,0,1,1,-5.0003,-5.0003,0.0
83,12,20,11,4,False,C_benefit,0.9,1.0,0,1,1,9.9997,9.9997,0.0
83,12,20,11,4,False,C_benefit,1.1,1.0,0,1,1,39.9997,39.9997,0.0
83,12,20,11,4,False,C_benefit,1.2,1.0,0,1,1,54.9997,54.9997,0.0
83,12,20,11,4,False,C_benefit,1.3,1.0,0,1,1,69.9997,69.9997,0.0
83,12,20,11,4,False,P_loss,0.7,1.0,0,1,1,24.9998,24.9998,0.0
83,12,20,11,4,False,P_loss,0.8,1.0,0,1,1,24.9998,24.9998,0.0
83,12,20,11,4,False,P_loss,0.9,1.0,0,1,1,24.9997,24.9997,0.0
83,12,20,11,4,False,P_loss,1.1,1.0,0,1,1,24.9997,24.9997,0.0
83,12,20,11,4,False,P_loss,1.2,1.0,0,1,1,24.9996,24.9996,0.0
83,12,20,11,4,False,P_loss,1.3,1.0,0,1,1,24.9996,24.9996,0.0
83,12,20,11,4,False,D_cost,0.7,1.0,0,1,1,62.4997,62.4997,0.0
83,12,20,11,4,False,D_cost,0.8,1.0,0,1,1,49.9997,49.9997,0.0
83,12,20,11,4,False,D_cost,0.9,1.0,0,1,1,37.4997,37.4997,0.0
83,12,20,11,4,False,D_cost,1.1,1.0,0,1,1,12.4997,12.4997,0.0
83,12,20,11,4,False,D_cost,1.2,1.0,0,1,1,-0.0003,-0.0003,0.0
83,12,20,11,4,False,D_cost,1.3,1.0,0,1,1,-12.5003,-12.5003,0.0
83,12,20,11,4,False,E_prob,0.7,1.0,0,1,1,24.9997,24.9997,0.0
83,12,20,11,4,False,E_prob,0.8,1.0,0,1,1,24.9998,24.9998,0.0
83,12,20,11,4,False,E_prob,0.9,1.0,0,1,1,24.9998,24.9998,0.0
83,12,20,11,4,False,E_prob,1.1,1.0,0,1,1,24.9996,24.9996,0.0
83,12,20,11,4,False,E_prob,1.2,1.0,0,1,1,24.9998,24.9998,0.0
83,12,20,11,4,False,E_prob,1.3,1.0,0,1,1,24.9998,24.9998,0.0
84,18,39,17,6,False,C_benefit,0.7,1.0,0,2,2,-50.7,-50.7,0.0
84,18,39,17,6,False,C_benefit,0.8,1.0,0,2,2,-30.8,-30.8,0.0
84,18,39,17,6,False,C_benefit,0.9,1.0,0,2,2,-10.9,-10.9,0.0
84,18,39,17,6,False,C_benefit,1.1,1.0,0,2,2,28.9,28.9,0.0
84,18,39,17,6,False,C_benefit,1.2,1.0,0,2,2,48.8,48.8,0.0
84,18,39,17,6,False,C_benefit,1.3,1.0,0,2,2,68.7,68.7,0.0
84,18,39,17,6,False,P_loss,0.7,1.0,0,2,2,9.0,9.0,0.0
84,18,39,17,6,False,P_loss,0.8,1.0,0,2,2,9.0,9.0,0.0
84,18,39,17,6,False,P_loss,0.9,1.0,0,2,2,9.0,9.0,0.0
84,18,39,17,6,False,P_loss,1.1,1.0,0,2,2,9.0,9.0,0.0
84,18,39,17,6,False,P_loss,1.2,1.0,0,2,2,9.0,9.0,0.0
84,18,39,17,6,False,P_loss,1.3,1.0,0,2,2,8.9999,8.9999,0.0
84,18,39,17,6,False,D_cost,0.7,1.0,0,2,2,66.0,66.0,0.0
84,18,39,17,6,False,D_cost,0.8,1.0,0,2,2,47.0,47.0,0.0
84,18,39,17,6,False,D_cost,0.9,1.0,0,2,2,28.0,28.0,0.0
84,18,39,17,6,False,D_cost,1.1,1.0,0,2,2,-10.0,-10.0,0.0
84,18,39,17,6,False,D_cost,1.2,1.0,0,2,2,-29.0,-29.0,0.0
84,18,39,17,6,False,D_cost,1.3,1.0,0,2,2,-48.0,-48.0,0.0
84,18,39,17,6,False,E_prob,0.7,1.0,0,2,2,9.0,9.0,0.0
84,18,39,17,6,False,E_prob,0.8,1.0,0,2,2,8.9999,8.9999,0.0
84,18,39,17,6,False,E_prob,0.9,1.0,0,2,2,9.0,9.0,0.0
84,18,39,17,6,False,E_prob,1.1,1.0,0,2,2,8.9999,8.9999,0.0
84,18,39,17,6,False,E_prob,1.2,1.0,0,2,2,9.0,9.0,0.0
84,18,39,17,6,False,E_prob,1.3,1.0,0,2,2,9.0,9.0,0.0
85,13,25,12,4,False,C_benefit,0.7,1.0,0,2,2,-176.3,-176.3,0.0
85,13,25,12,4,False,C_benefit,0.8,1.0,0,2,2,-168.3,-168.3,0.0
85,13,25,12,4,False,C_benefit,0.9,1.0,0,2,2,-160.3,-160.3,0.0
85,13,25,12,4,False,C_benefit,1.1,1.0,0,2,2,-144.3,-144.3,0.0
85,13,25,12,4,False,C_benefit,1.2,1.0,0,2,2,-136.3,-136.3,0.0
85,13,25,12,4,False,C_benefit,1.3,1.0,0,2,2,-128.3,-128.3,0.0
85,13,25,12,4,False,P_loss,0.7,1.0,0,2,2,-145.01,-145.01,0.0
85,13,25,12,4,False,P_loss,0.8,1.0,0,2,2,-147.44,-147.44,0.0
85,13,25,12,4,False,P_loss,0.9,1.0,0,2,2,-149.87,-149.87,0.0
85,13,25,12,4,False,P_loss,1.1,1.0,0,2,2,-154.73,-154.73,0.0
85,13,25,12,4,False,P_loss,1.2,1.0,0,2,2,-157.16,-157.16,0.0
85,13,25,12,4,False,P_loss,1.3,1.0,0,2,2,-159.59,-159.59,0.0
85,13,25,12,4,False,D_cost,0.7,1.0,0,2,2,-89.9,-89.9,0.0
85,13,25,12,4,False,D_cost,0.8,1.0,0,2,2,-110.7,-110.7,0.0
85,13,25,12,4,False,D_cost,0.9,1.0,0,2,2,-131.5,-131.5,0.0
85,13,25,12,4,False,D_cost,1.1,1.0,0,2,2,-173.1,-173.1,0.0
85,13,25,12,4,False,D_cost,1.2,1.0,0,2,2,-193.9,-193.9,0.0
85,13,25,12,4,False,D_cost,1.3,1.0,0,2,2,-214.7,-214.7,0.0
85,13,25,12,4,False,E_prob,0.7,1.0,0,2,2,-145.01,-145.01,0.0
85,13,25,12,4,False,E_prob,0.8,1.0,0,2,2,-147.44,-147.44,0.0
85,13,25,12,4,False,E_prob,0.9,1.0,0,2,2,-149.87,-149.87,0.0
85,13,25,12,4,False,E_prob,1.1,1.0,0,2,2,-154.73,-154.73,0.0
85,13,25,12,4,False,E_prob,1.2,1.0,0,2,2,-157.16,-157.16,0.0
85,13,25,12,4,False,E_prob,1.3,1.0,0,2,2,-159.59,-159.59,0.0
86,18,38,16,6,False,C_benefit,0.7,1.0,0,2,2,-111.7005,-111.7005,0.0
86,18,38,16,6,False,C_benefit,0.8,1.0,0,2,2,-93.8005,-93.8005,0.0
86,18,38,16,6,False,C_benefit,0.9,1.0,0,2,2,-75.9005,-75.9005,0.0
86,18,38,16,6,False,C_benefit,1.1,1.0,0,2,2,-40.1005,-40.1005,0.0
86,18,38,16,6,False,C_benefit,1.2,1.0,0,2,2,-22.2005,-22.2005,0.0
86,18,38,16,6,False,C_benefit,1.3,1.0,0,2,2,-4.3005,-4.3005,0.0
86,18,38,16,6,False,P_loss,0.7,1.0,0,2,2,-58.0004,-58.0004,0.0
86,18,38,16,6,False,P_loss,0.8,1.0,0,2,2,-58.0004,-58.0004,0.0
86,18,38,16,6,False,P_loss,0.9,1.0,0,2,2,-58.0005,-58.0005,0.0
86,18,38,16,6,False,P_loss,1.1,1.0,0,2,2,-58.0006,-58.0006,0.0
86,18,38,16,6,False,P_loss,1.2,1.0,0,2,2,-58.0006,-58.0006,0.0
86,18,38,16,6,False,P_loss,1.3,1.0,0,2,2,-58.0007,-58.0007,0.0
86,18,38,16,6,False,D_cost,0.7,1.0,0,2,2,13.0995,13.0995,0.0
86,18,38,16,6,False,D_cost,0.8,1.0,0,2,2,-10.6005,-10.6005,0.0
86,18,38,16,6,False,D_cost,0.9,1.0,0,2,2,-34.3005,-34.3005,0.0
86,18,38,16,6,False,D_cost,1.1,1.0,0,2,2,-81.7005,-81.7005,0.0
86,18,38,16,6,False,D_cost,1.2,1.0,0,2,2,-105.4005,-105.4005,0.0
86,18,38,16,6,False,D_cost,1.3,1.0,0,2,2,-129.1005,-129.1005,0.0
86,18,38,16,6,False,E_prob,0.7,1.0,0,2,2,-58.0003,-58.0003,0.0
86,18,38,16,6,False,E_prob,0.8,1.0,0,2,2,-58.0003,-58.0003,0.0
86,18,38,16,6,False,E_prob,0.9,1.0,0,2,2,-58.0003,-58.0003,0.0
86,18,38,16,6,False,E_prob,1.1,1.0,0,2,2,-58.0004,-58.0004,0.0
86,18,38,16,6,False,E_prob,1.2,1.0,0,2,2,-58.0004,-58.0004,0.0
86,18,38,16,6,False,E_prob,1.3,1.0,0,2,2,-58.0006,-58.0006,0.0
87,12,25,12,4,False,C_benefit,0.7,1.0,0,2,2,-107.5,-107.5,0.0
87,12,25,12,4,False,C_benefit,0.8,1.0,0,2,2,-92.0,-92.0,0.0
87,12,25,12,4,False,C_benefit,0.9,1.0,0,2,2,-76.5,-76.5,0.0
87,12,25,12,4,False,C_benefit,1.1,1.0,0,2,2,-45.5,-45.5,0.0
87,12,25,12,4,False,C_benefit,1.2,1.0,0,2,2,-30.0,-30.0,0.0
87,12,25,12,4,False,C_benefit,1.3,1.0,0,2,2,-14.5,-14.5,0.0
87,12,25,12,4,False,P_loss,0.7,1.0,0,2,2,-61.0,-61.0,0.0
87,12,25,12,4,False,P_loss,0.8,1.0,0,2,2,-61.0,-61.0,0.0
87,12,25,12,4,False,P_loss,0.9,1.0,0,2,2,-61.0,-61.0,0.0
87,12,25,12,4,False,P_loss,1.1,1.0,0,2,2,-61.0,-61.0,0.0
87,12,25,12,4,False,P_loss,1.2,1.0,0,2,2,-61.0,-61.0,0.0
87,12,25,12,4,False,P_loss,1.3,1.0,0,2,2,-61.0,-61.0,0.0
87,12,25,12,4,False,D_cost,0.7,1.0,0,2,2,3.8,3.8,0.0
87,12,25,12,4,False,D_cost,0.8,1.0,0,2,2,-17.8,-17.8,0.0
87,12,25,12,4,False,D_cost,0.9,1.0,0,2,2,-39.4,-39.4,0.0
87,12,25,12,4,False,D_cost,1.1,1.0,0,2,2,-82.6,-82.6,0.0
87,12,25,12,4,False,D_cost,1.2,1.0,0,2,2,-104.2,-104.2,0.0
87,12,25,12,4,False,D_cost,1.3,1.0,0,2,2,-125.8,-125.8,0.0
87,12,25,12,4,False,E_prob,0.7,1.0,0,2,2,-61.0,-61.0,0.0
87,12,25,12,4,False,E_prob,0.8,1.0,0,2,2,-61.0,-61.0,0.0
87,12,25,12,4,False,E_prob,0.9,1.0,0,2,2,-61.0,-61.0,0.0
87,12,25,12,4,False,E_prob,1.1,1.0,0,2,2,-61.0,-61.0,0.0
87,12,25,12,4,False,E_prob,1.2,1.0,0,2,2,-61.0,-61.0,0.0
87,12,25,12,4,False,E_prob,1.3,1.0,0,2,2,-61.0,-61.0,0.0
88,15,27,12,4,False,C_benefit,0.7,1.0,0,2,2,-221.78,-221.78,0.0
88,15,27,12,4,False,C_benefit,0.8,1.0,0,2,2,-207.88,-207.88,0.0
88,15,27,12,4,False,C_benefit,0.9,1.0,0,2,2,-193.98,-193.98,0.0
88,15,27,12,4,False,C_benefit,1.1,1.0,0,2,2,-166.18,-166.18,0.0
88,15,27,12,4,False,C_benefit,1.2,1.0,0,2,2,-152.28,-152.28,0.0
88,15,27,12,4,False,C_benefit,1.3,1.0,0,2,2,-138.38,-138.38,0.0
88,15,27,12,4,False,P_loss,0.7,1.0,0,2,2,-152.756,-152.756,0.0
88,15,27,12,4,False,P_loss,0.8,1.0,0,2,2,-161.864,-161.864,0.0
88,15,27,12,4,False,P_loss,0.9,1.0,0,2,2,-170.972,-170.972,0.0
88,15,27,12,4,False,P_loss,1.1,1.0,0,2,2,-189.188,-189.188,0.0
88,15,27,12,4,False,P_loss,1.2,1.0,0,2,2,-198.296,-198.296,0.0
88,15,27,12,4,False,P_loss,1.3,1.0,0,2,2,-207.404,-207.404,0.0
88,15,27,12,4,False,D_cost,0.7,1.0,0,2,2,-111.68,-111.68,0.0
88,15,27,12,4,False,D_cost,0.8,1.0,0,2,2,-134.48,-134.48,0.0
88,15,27,12,4,False,D_cost,0.9,1.0,0,2,2,-157.28,-157.28,0.0
88,15,27,12,4,False,D_cost,1.1,1.0,0,2,2,-202.88,-202.88,0.0
88,15,27,12,4,False,D_cost,1.2,1.0,0,2,2,-225.68,-225.68,0.0
88,15,27,12,4,False,D_cost,1.3,1.0,0,2,2,-248.48,-248.48,0.0
88,15,27,12,4,False,E_prob,0.7,1.0,0,2,2,-152.756,-152.756,0.0
88,15,27,12,4,False,E_prob,0.8,1.0,0,2,2,-161.8641,-161.8641,0.0
88,15,27,12,4,False,E_prob,0.9,1.0,0,2,2,-170.972,-170.972,0.0
88,15,27,12,4,False,E_prob,1.1,1.0,0,2,2,-189.188,-189.188,0.0
88,15,27,12,4,False,E_prob,1.2,1.0,0,2,2,-198.296,-198.296,0.0
88,15,27,12,4,False,E_prob,1.3,1.0,0,2,2,-207.4041,-207.4041,0.0
89,14,29,14,5,False,C_benefit,0.7,1.0,0,2,2,-109.9801,-109.9801,0.0
89,14,29,14,5,False,C_benefit,0.8,1.0,0,2,2,-91.4801,-91.4801,0.0
89,14,29,14,5,False,C_benefit,0.9,1.0,0,2,2,-72.9801,-72.9801,0.0
89,14,29,14,5,False,C_benefit,1.1,1.0,0,2,2,-35.9801,-35.9801,0.0
89,14,29,14,5,False,C_benefit,1.2,1.0,0,2,2,-17.4801,-17.4801,0.0
89,14,29,14,5,False,C_benefit,1.3,1.0,0,2,2,1.0199,1.0199,0.0
89,14,29,14,5,False,P_loss,0.7,1.0,0,2,2,-36.336,-36.336,0.0
89,14,29,14,5,False,P_loss,0.8,1.0,0,2,2,-42.384,-42.384,0.0
89,14,29,14,5,False,P_loss,0.9,1.0,0,2,2,-48.432,-48.432,0.0
89,14,29,14,5,False,P_loss,1.1,1.0,0,2,2,-60.5281,-60.5281,0.0
89,14,29,14,5,False,P_loss,1.2,1.0,0,2,2,-66.5761,-66.5761,0.0
89,14,29,14,5,False,P_loss,1.3,1.0,0,2,2,-72.6241,-72.6241,0.0
89,14,29,14,5,False,D_cost,0.7,1.0,0,2,2,-0.7801,-0.7801,0.0
89,14,29,14,5,False,D_cost,0.8,1.0,0,2,2,-18.6801,-18.6801,0.0
89,14,29,14,5,False,D_cost,0.9,1.0,0,2,2,-36.5801,-36.5801,0.0
89,14,29,14,5,False,D_cost,1.1,1.0,0,2,2,-72.3801,-72.3801,0.0
89,14,29,14,5,False,D_cost,1.2,1.0,0,2,2,-90.2801,-90.2801,0.0
89,14,29,14,5,False,D_cost,1.3,1.0,0,2,2,-108.1801,-108.1801,0.0
89,14,29,14,5,False,E_prob,0.7,1.0,0,2,2,-36.3361,-36.3361,0.0
89,14,29,14,5,False,E_prob,0.8,1.0,0,2,2,-42.3841,-42.3841,0.0
89,14,29,14,5,False,E_prob,0.9,1.0,0,2,2,-48.4321,-48.4321,0.0
89,14,29,14,5,False,E_prob,1.1,1.0,0,2,2,-60.5281,-60.5281,0.0
89,14,29,14,5,False,E_prob,1.2,1.0,0,2,2,-66.576,-66.576,0.0
89,14,29,14,5,False,E_prob,1.3,1.0,0,2,2,-72.6241,-72.6241,0.0
90,15,28,14,5,False,C_benefit,0.7,0.5,2,3,3,-191.1,-198.4,0.0382
90,15,28,14,5,False,C_benefit,0.8,0.5,2,3,3,-181.4,-185.2,0.020948
90,15,28,14,5,False,C_benefit,0.9,0.5,2,3,3,-171.7,-172.0,0.001747
90,15,28,14,5,False,C_benefit,1.1,1.0,0,3,3,-145.6,-145.6,0.0
90,15,28,14,5,False,C_benefit,1.2,1.0,0,3,3,-132.4,-132.4,0.0
90,15,28,14,5,False,C_benefit,1.3,1.0,0,3,3,-119.2,-119.2,0.0
90,15,28,14,5,False,P_loss,0.7,1.0,0,3,3,-150.16,-150.16,0.0
90,15,28,14,5,False,P_loss,0.8,1.0,0,3,3,-153.04,-153.04,0.0
90,15,28,14,5,False,P_loss,0.9,1.0,0,3,3,-155.92,-155.92,0.0
90,15,28,14,5,False,P_loss,1.1,1.0,0,3,3,-161.68,-161.68,0.0
90,15,28,14,5,False,P_loss,1.2,0.5,2,3,3,-162.0,-164.56,0.015802
90,15,28,14,5,False,P_loss,1.3,0.5,2,3,3,-162.0,-167.44,0.03358
90,15,28,14,5,False,D_cost,0.7,1.0,0,3,3,-80.2,-80.2,0.0
90,15,28,14,5,False,D_cost,0.8,1.0,0,3,3,-106.4,-106.4,0.0
90,15,28,14,5,False,D_cost,0.9,1.0,0,3,3,-132.6,-132.6,0.0
90,15,28,14,5,False,D_cost,1.1,1.0,0,3,3,-185.0,-185.0,0.0
90,15,28,14,5,False,D_cost,1.2,1.0,0,3,3,-211.2,-211.2,0.0
90,15,28,14,5,False,D_cost,1.3,1.0,0,3,3,-237.4,-237.4,0.0
90,15,28,14,5,False,E_prob,0.7,1.0,0,3,3,-150.16,-150.16,0.0
90,15,28,14,5,False,E_prob,0.8,1.0,0,3,3,-153.04,-153.04,0.0
90,15,28,14,5,False,E_prob,0.9,1.0,0,3,3,-155.92,-155.92,0.0
90,15,28,14,5,False,E_prob,1.1,1.0,0,3,3,-161.68,-161.68,0.0
90,15,28,14,5,False,E_prob,1.2,0.5,2,3,3,-162.0,-164.56,0.015803
90,15,28,14,5,False,E_prob,1.3,0.5,2,3,3,-162.0,-167.44,0.03358
91,17,36,18,6,False,C_benefit,0.7,1.0,0,2,2,14.6998,14.6998,0.0
91,17,36,18,6,False,C_benefit,0.8,1.0,0,2,2,45.8998,45.8998,0.0
91,17,36,18,6,False,C_benefit,0.9,1.0,0,2,2,77.0998,77.0998,0.0
91,17,36,18,6,False,C_benefit,1.1,1.0,0,2,2,139.4998,139.4998,0.0
91,17,36,18,6,False,C_benefit,1.2,1.0,0,2,2,170.6998,170.6998,0.0
91,17,36,18,6,False,C_benefit,1.3,1.0,0,2,2,201.8998,201.8998,0.0
91,17,36,18,6,False,P_loss,0.7,1.0,0,2,2,114.5099,114.5099,0.0
91,17,36,18,6,False,P_loss,0.8,1.0,0,2,2,112.4399,112.4399,0.0
91,17,36,18,6,False,P_loss,0.9,1.0,0,2,2,110.3698,110.3698,0.0
91,17,36,18,6,False,P_loss,1.1,1.0,0,2,2,106.2298,106.2298,0.0
91,17,36,18,6,False,P_loss,1.2,1.0,0,2,2,104.1598,104.1598,0.0
91,17,36,18,6,False,P_loss,1.3,1.0,0,2,2,102.0898,102.0898,0.0
91,17,36,18,6,False,D_cost,0.7,1.0,0,2,2,163.1998,163.1998,0.0
91,17,36,18,6,False,D_cost,0.8,1.0,0,2,2,144.8998,144.8998,0.0
91,17,36,18,6,False,D_cost,0.9,1.0,0,2,2,126.5998,126.5998,0.0
91,17,36,18,6,False,D_cost,1.1,1.0,0,2,2,89.9998,89.9998,0.0
91,17,36,18,6,False,D_cost,1.2,1.0,0,2,2,71.6998,71.6998,0.0
91,17,36,18,6,False,D_cost,1.3,1.0,0,2,2,53.3998,53.3998,0.0
91,17,36,18,6,False,E_prob,0.7,1.0,0,2,2,114.5098,114.5098,0.0
91,17,36,18,6,False,E_prob,0.8,1.0,0,2,2,112.4398,112.4398,0.0
91,17,36,18,6,False,E_prob,0.9,1.0,0,2,2,110.3697,110.3697,0.0
91,17,36,18,6,False,E_prob,1.1,1.0,0,2,2,106.2297,106.2297,0.0
91,17,36,18,6,False,E_prob,1.2,1.0,0,2,2,104.1598,104.1598,0.0
91,17,36,18,6,False,E_prob,1.3,1.0,0,2,2,102.0897,102.0897,0.0
92,18,40,19,7,False,C_benefit,0.7,1.0,0,3,3,-120.9,-120.9,0.0
92,18,40,19,7,False,C_benefit,0.8,1.0,0,3,3,-95.6,-95.6,0.0
92,18,40,19,7,False,C_benefit,0.9,1.0,0,3,3,-70.3,-70.3,0.0
92,18,40,19,7,False,C_benefit,1.1,1.0,0,3,3,-19.7,-19.7,0.0
92,18,40,19,7,False,C_benefit,1.2,1.0,0,3,3,5.6,5.6,0.0
92,18,40,19,7,False,C_benefit,1.3,1.0,0,3,3,30.9,30.9,0.0
92,18,40,19,7,False,P_loss,0.7,1.0,0,3,3,-45.0,-45.0,0.0
92,18,40,19,7,False,P_loss,0.8,1.0,0,3,3,-45.0,-45.0,0.0
92,18,40,19,7,False,P_loss,0.9,1.0,0,3,3,-45.0,-45.0,0.0
92,18,40,19,7,False,P_loss,1.1,1.0,0,3,3,-45.0,-45.0,0.0
92,18,40,19,7,False,P_loss,1.2,1.0,0,3,3,-45.0,-45.0,0.0
92,18,40,19,7,False,P_loss,1.3,1.0,0,3,3,-45.0,-45.0,0.0
92,18,40,19,7,False,D_cost,0.7,1.0,0,3,3,44.4,44.4,0.0
92,18,40,19,7,False,D_cost,0.8,1.0,0,3,3,14.6,14.6,0.0
92,18,40,19,7,False,D_cost,0.9,1.0,0,3,3,-15.2,-15.2,0.0
92,18,40,19,7,False,D_cost,1.1,1.0,0,3,3,-74.8,-74.8,0.0
92,18,40,19,7,False,D_cost,1.2,1.0,0,3,3,-104.6,-104.6,0.0
92,18,40,19,7,False,D_cost,1.3,1.0,0,3,3,-134.4,-134.4,0.0
92,18,40,19,7,False,E_prob,0.7,1.0,0,3,3,-45.0001,-45.0001,0.0
92,18,40,19,7,False,E_prob,0.8,1.0,0,3,3,-45.0,-45.0,0.0
92,18,40,19,7,False,E_prob,0.9,1.0,0,3,3,-45.0001,-45.0001,0.0
92,18,40,19,7,False,E_prob,1.1,1.0,0,3,3,-45.0,-45.0,0.0
92,18,40,19,7,False,E_prob,1.2,1.0,0,3,3,-45.0,-45.0,0.0
92,18,40,19,7,False,E_prob,1.3,1.0,0,3,3,-45.0,-45.0,0.0
93,14,31,15,5,False,C_benefit,0.7,1.0,0,2,2,-39.7001,-39.7001,0.0
93,14,31,15,5,False,C_benefit,0.8,1.0,0,2,2,-20.8001,-20.8001,0.0
93,14,31,15,5,False,C_benefit,0.9,1.0,0,2,2,-1.9001,-1.9001,0.0
93,14,31,15,5,False,C_benefit,1.1,1.0,0,2,2,35.8999,35.8999,0.0
93,14,31,15,5,False,C_benefit,1.2,1.0,0,2,2,54.7999,54.7999,0.0
93,14,31,15,5,False,C_benefit,1.3,1.0,0,2,2,73.6999,73.6999,0.0
93,14,31,15,5,False,P_loss,0.7,1.0,0,2,2,16.9999,16.9999,0.0
93,14,31,15,5,False,P_loss,0.8,1.0,0,2,2,16.9999,16.9999,0.0
93,14,31,15,5,False,P_loss,0.9,1.0,0,2,2,16.9999,16.9999,0.0
93,14,31,15,5,False,P_loss,1.1,1.0,0,2,2,16.9999,16.9999,0.0
93,14,31,15,5,False,P_loss,1.2,1.0,0,2,2,16.9999,16.9999,0.0
93,14,31,15,5,False,P_loss,1.3,1.0,0,2,2,16.9999,16.9999,0.0
93,14,31,15,5,False,D_cost,0.7,1.0,0,2,2,68.5999,68.5999,0.0
93,14,31,15,5,False,D_cost,0.8,1.0,0,2,2,51.3999,51.3999,0.0
93,14,31,15,5,False,D_cost,0.9,1.0,0,2,2,34.1999,34.1999,0.0
93,14,31,15,5,False,D_cost,1.1,1.0,0,2,2,-0.2001,-0.2001,0.0
93,14,31,15,5,False,D_cost,1.2,1.0,0,2,2,-17.4001,-17.4001,0.0
93,14,31,15,5,False,D_cost,1.3,1.0,0,2,2,-34.6001,-34.6001,0.0
93,14,31,15,5,False,E_prob,0.7,1.0,0,2,2,16.9999,16.9999,0.0
93,14,31,15,5,False,E_prob,0.8,1.0,0,2,2,17.0,17.0,0.0
93,14,31,15,5,False,E_prob,0.9,1.0,0,2,2,16.9999,16.9999,0.0
93,14,31,15,5,False,E_prob,1.1,1.0,0,2,2,16.9999,16.9999,0.0
93,14,31,15,5,False,E_prob,1.2,1.0,0,2,2,16.9999,16.9999,0.0
93,14,31,15,5,False,E_prob,1.3,1.0,0,2,2,16.9999,16.9999,0.0
94,13,28,14,5,False,C_benefit,0.7,1.0,0,3,3,-289.2,-289.2,0.0
94,13,28,14,5,False,C_benefit,0.8,1.0,0,3,3,-279.2,-279.2,0.0
94,13,28,14,5,False,C_benefit,0.9,1.0,0,3,3,-269.2,-269.2,0.0
94,13,28,14,5,False,C_benefit,1.1,1.0,0,3,3,-249.2,-249.2,0.0
94,13,28,14,5,False,C_benefit,1.2,1.0,0,3,3,-239.2,-239.2,0.0
94,13,28,14,5,False,C_benefit,1.3,1.0,0,3,3,-229.2,-229.2,0.0
94,13,28,14,5,False,P_loss,0.7,1.0,0,3,3,-255.54,-255.54,0.0
94,13,28,14,5,False,P_loss,0.8,1.0,0,3,3,-256.76,-256.76,0.0
94,13,28,14,5,False,P_loss,0.9,1.0,0,3,3,-257.98,-257.98,0.0
94,13,28,14,5,False,P_loss,1.1,1.0,0,3,3,-260.42,-260.42,0.0
94,13,28,14,5,False,P_loss,1.2,1.0,0,3,3,-261.64,-261.64,0.0
94,13,28,14,5,False,P_loss,1.3,1.0,0,3,3,-262.86,-262.86,0.0
94,13,28,14,5,False,D_cost,0.7,1.0,0,3,3,-155.1,-155.1,0.0
94,13,28,14,5,False,D_cost,0.8,1.0,0,3,3,-189.8,-189.8,0.0
94,13,28,14,5,False,D_cost,0.9,1.0,0,3,3,-224.5,-224.5,0.0
94,13,28,14,5,False,D_cost,1.1,1.0,0,3,3,-293.9,-293.9,0.0
94,13,28,14,5,False,D_cost,1.2,1.0,0,3,3,-328.6,-328.6,0.0
94,13,28,14,5,False,D_cost,1.3,1.0,0,3,3,-363.3,-363.3,0.0
94,13,28,14,5,False,E_prob,0.7,1.0,0,3,3,-255.54,-255.54,0.0
94,13,28,14,5,False,E_prob,0.8,1.0,0,3,3,-256.76,-256.76,0.0
94,13,28,14,5,False,E_prob,0.9,1.0,0,3,3,-257.98,-257.98,0.0
94,13,28,14,5,False,E_prob,1.1,1.0,0,3,3,-260.42,-260.42,0.0
94,13,28,14,5,False,E_prob,1.2,1.0,0,3,3,-261.64,-261.64,0.0
94,13,28,14,5,False,E_prob,1.3,1.0,0,3,3,-262.86,-262.86,0.0
95,14,31,16,6,False,C_benefit,0.7,1.0,0,2,2,-61.8002,-61.8002,0.0
95,14,31,16,6,False,C_benefit,0.8,1.0,0,2,2,-39.2002,-39.2002,0.0
95,14,31,16,6,False,C_benefit,0.9,1.0,0,2,2,-16.6002,-16.6002,0.0
95,14,31,16,6,False,C_benefit,1.1,1.0,0,2,2,28.5998,28.5998,0.0
95,14,31,16,6,False,C_benefit,1.2,1.0,0,2,2,51.1998,51.1998,0.0
95,14,31,16,6,False,C_benefit,1.3,1.0,0,2,2,73.7998,73.7998,0.0
95,14,31,16,6,False,P_loss,0.7,1.0,0,2,2,5.9999,5.9999,0.0
95,14,31,16,6,False,P_loss,0.8,1.0,0,2,2,5.9999,5.9999,0.0
95,14,31,16,6,False,P_loss,0.9,1.0,0,2,2,5.9998,5.9998,0.0
95,14,31,16,6,False,P_loss,1.1,1.0,0,2,2,5.9998,5.9998,0.0
95,14,31,16,6,False,P_loss,1.2,1.0,0,2,2,5.9998,5.9998,0.0
95,14,31,16,6,False,P_loss,1.3,1.0,0,2,2,5.9998,5.9998,0.0
95,14,31,16,6,False,D_cost,0.7,1.0,0,2,2,71.9998,71.9998,0.0
95,14,31,16,6,False,D_cost,0.8,1.0,0,2,2,49.9998,49.9998,0.0
95,14,31,16,6,False,D_cost,0.9,1.0,0,2,2,27.9998,27.9998,0.0
95,14,31,16,6,False,D_cost,1.1,1.0,0,2,2,-16.0002,-16.0002,0.0
95,14,31,16,6,False,D_cost,1.2,1.0,0,2,2,-38.0002,-38.0002,0.0
95,14,31,16,6,False,D_cost,1.3,1.0,0,2,2,-60.0002,-60.0002,0.0
95,14,31,16,6,False,E_prob,0.7,1.0,0,2,2,5.9999,5.9999,0.0
95,14,31,16,6,False,E_prob,0.8,1.0,0,2,2,5.9999,5.9999,0.0
95,14,31,16,6,False,E_prob,0.9,1.0,0,2,2,5.9999,5.9999,0.0
95,14,31,16,6,False,E_prob,1.1,1.0,0,2,2,5.9999,5.9999,0.0
95,14,31,16,6,False,E_prob,1.2,1.0,0,2,2,5.9999,5.9999,0.0
95,14,31,16,6,False,E_prob,1.3,1.0,0,2,2,5.9999,5.9999,0.0
96,14,29,14,5,False,C_benefit,0.7,1.0,0,2,2,-73.5,-73.5,0.0
96,14,29,14,5,False,C_benefit,0.8,1.0,0,2,2,-54.9,-54.9,0.0
96,14,29,14,5,False,C_benefit,0.9,1.0,0,2,2,-36.3,-36.3,0.0
96,14,29,14,5,False,C_benefit,1.1,0.5,1,2,1,3.7999,0.9,0.76316
96,14,29,14,5,False,C_benefit,1.2,0.5,1,2,1,27.6999,19.5,0.296028
96,14,29,14,5,False,C_benefit,1.3,0.5,1,2,1,51.5999,38.1,0.261627
96,14,29,14,5,False,P_loss,0.7,0.5,1,2,1,29.1299,-13.59,1.466531
96,14,29,14,5,False,P_loss,0.8,0.5,1,2,1,12.7199,-14.96,2.176108
96,14,29,14,5,False,P_loss,0.9,0.5,1,2,1,-3.6901,-16.33,3.425397
96,14,29,14,5,False,P_loss,1.1,1.0,0,2,2,-19.07,-19.07,0.0
96,14,29,14,5,False,P_loss,1.2,1.0,0,2,2,-20.44,-20.44,0.0
96,14,29,14,5,False,P_loss,1.3,1.0,0,2,2,-21.81,-21.81,0.0
96,14,29,14,5,False,D_cost,0.7,1.0,0,2,2,39.3,39.3,0.0
96,14,29,14,5,False,D_cost,0.8,1.0,0,2,2,20.3,20.3,0.0
96,14,29,14,5,False,D_cost,0.9,1.0,0,2,2,1.3,1.3,0.0
96,14,29,14,5,False,D_cost,1.1,0.5,1,2,1,-29.6001,-36.7,0.239862
96,14,29,14,5,False,D_cost,1.2,0.5,1,2,1,-39.1001,-55.7,0.42455
96,14,29,14,5,False,D_cost,1.3,0.5,1,2,1,-48.6001,-74.7,0.537035
96,14,29,14,5,False,E_prob,0.7,0.5,1,2,1,29.1299,-13.59,1.466532
96,14,29,14,5,False,E_prob,0.8,0.5,1,2,1,12.7199,-14.96,2.176108
96,14,29,14,5,False,E_prob,0.9,0.5,1,2,1,-3.69,-16.33,3.425434
96,14,29,14,5,False,E_prob,1.1,1.0,0,2,2,-19.07,-19.07,0.0
96,14,29,14,5,False,E_prob,1.2,1.0,0,2,2,-20.4401,-20.4401,0.0
96,14,29,14,5,False,E_prob,1.3,1.0,0,2,2,-21.81,-21.81,0.0
97,13,25,12,4,False,C_benefit,0.7,1.0,0,2,2,-132.7,-132.7,0.0
97,13,25,12,4,False,C_benefit,0.8,1.0,0,2,2,-120.8,-120.8,0.0
97,13,25,12,4,False,C_benefit,0.9,1.0,0,2,2,-108.9,-108.9,0.0
97,13,25,12,4,False,C_benefit,1.1,1.0,0,2,2,-85.1,-85.1,0.0
97,13,25,12,4,False,C_benefit,1.2,1.0,0,2,2,-73.2,-73.2,0.0
97,13,25,12,4,False,C_benefit,1.3,1.0,0,2,2,-61.3,-61.3,0.0
97,13,25,12,4,False,P_loss,0.7,1.0,0,2,2,-97.0,-97.0,0.0
97,13,25,12,4,False,P_loss,0.8,1.0,0,2,2,-97.0,-97.0,0.0
97,13,25,12,4,False,P_loss,0.9,1.0,0,2,2,-97.0,-97.0,0.0
97,13,25,12,4,False,P_loss,1.1,1.0,0,2,2,-97.0,-97.0,0.0
97,13,25,12,4,False,P_loss,1.2,1.0,0,2,2,-97.0,-97.0,0.0
97,13,25,12,4,False,P_loss,1.3,1.0,0,2,2,-97.0,-97.0,0.0
97,13,25,12,4,False,D_cost,0.7,1.0,0,2,2,-32.2,-32.2,0.0
97,13,25,12,4,False,D_cost,0.8,1.0,0,2,2,-53.8,-53.8,0.0
97,13,25,12,4,False,D_cost,0.9,1.0,0,2,2,-75.4,-75.4,0.0
97,13,25,12,4,False,D_cost,1.1,1.0,0,2,2,-118.6,-118.6,0.0
97,13,25,12,4,False,D_cost,1.2,1.0,0,2,2,-140.2,-140.2,0.0
97,13,25,12,4,False,D_cost,1.3,1.0,0,2,2,-161.8,-161.8,0.0
97,13,25,12,4,False,E_prob,0.7,1.0,0,2,2,-97.0,-97.0,0.0
97,13,25,12,4,False,E_prob,0.8,1.0,0,2,2,-97.0,-97.0,0.0
97,13,25,12,4,False,E_prob,0.9,1.0,0,2,2,-97.0,-97.0,0.0
97,13,25,12,4,False,E_prob,1.1,1.0,0,2,2,-97.0,-97.0,0.0
97,13,25,12,4,False,E_prob,1.2,1.0,0,2,2,-97.0,-97.0,0.0
97,13,25,12,4,False,E_prob,1.3,1.0,0,2,2,-97.0,-97.0,0.0
98,17,32,16,6,False,C_benefit,0.7,1.0,0,2,2,-143.9842,-143.9842,0.0
98,17,32,16,6,False,C_benefit,0.8,1.0,0,2,2,-124.8842,-124.8842,0.0
98,17,32,16,6,False,C_benefit,0.9,1.0,0,2,2,-105.7842,-105.7842,0.0
98,17,32,16,6,False,C_benefit,1.1,1.0,0,2,2,-67.5842,-67.5842,0.0
98,17,32,16,6,False,C_benefit,1.2,1.0,0,2,2,-48.4842,-48.4842,0.0
98,17,32,16,6,False,C_benefit,1.3,1.0,0,2,2,-29.3842,-29.3842,0.0
98,17,32,16,6,False,P_loss,0.7,1.0,0,2,2,-69.3789,-69.3789,0.0
98,17,32,16,6,False,P_loss,0.8,1.0,0,2,2,-75.1473,-75.1473,0.0
98,17,32,16,6,False,P_loss,0.9,1.0,0,2,2,-80.9158,-80.9158,0.0
98,17,32,16,6,False,P_loss,1.1,1.0,0,2,2,-92.4526,-92.4526,0.0
98,17,32,16,6,False,P_loss,1.2,1.0,0,2,2,-98.221,-98.221,0.0
98,17,32,16,6,False,P_loss,1.3,1.0,0,2,2,-103.9894,-103.9894,0.0
98,17,32,16,6,False,D_cost,0.7,1.0,0,2,2,-20.6842,-20.6842,0.0
98,17,32,16,6,False,D_cost,0.8,1.0,0,2,2,-42.6842,-42.6842,0.0
98,17,32,16,6,False,D_cost,0.9,1.0,0,2,2,-64.6842,-64.6842,0.0
98,17,32,16,6,False,D_cost,1.1,1.0,0,2,2,-108.6842,-108.6842,0.0
98,17,32,16,6,False,D_cost,1.2,1.0,0,2,2,-130.6842,-130.6842,0.0
98,17,32,16,6,False,D_cost,1.3,1.0,0,2,2,-152.6842,-152.6842,0.0
98,17,32,16,6,False,E_prob,0.7,1.0,0,2,2,-64.5271,-64.5271,0.0
98,17,32,16,6,False,E_prob,0.8,1.0,0,2,2,-71.4506,-71.4506,0.0
98,17,32,16,6,False,E_prob,0.9,1.0,0,2,2,-78.8364,-78.8364,0.0
98,17,32,16,6,False,E_prob,1.1,1.0,0,2,2,-94.9941,-94.9941,0.0
98,17,32,16,6,False,E_prob,1.2,1.0,0,2,2,-103.7659,-103.7659,0.0
98,17,32,16,6,False,E_prob,1.3,1.0,0,2,2,-112.9999,-112.9999,0.0
99,14,25,11,4,False,C_benefit,0.7,1.0,0,2,2,-151.0,-151.0,0.0
99,14,25,11,4,False,C_benefit,0.8,1.0,0,2,2,-137.0,-137.0,0.0
99,14,25,11,4,False,C_benefit,0.9,1.0,0,2,2,-123.0,-123.0,0.0
99,14,25,11,4,False,C_benefit,1.1,1.0,0,2,2,-95.0,-95.0,0.0
99,14,25,11,4,False,C_benefit,1.2,1.0,0,2,2,-81.0,-81.0,0.0
99,14,25,11,4,False,C_benefit,1.3,1.0,0,2,2,-67.0,-67.0,0.0
99,14,25,11,4,False,P_loss,0.7,1.0,0,2,2,-109.0,-109.0,0.0
99,14,25,11,4,False,P_loss,0.8,1.0,0,2,2,-109.0,-109.0,0.0
99,14,25,11,4,False,P_loss,0.9,1.0,0,2,2,-109.0,-109.0,0.0
99,14,25,11,4,False,P_loss,1.1,1.0,0,2,2,-109.0,-109.0,0.0
99,14,25,11,4,False,P_loss,1.2,1.0,0,2,2,-109.0,-109.0,0.0
99,14,25,11,4,False,P_loss,1.3,1.0,0,2,2,-109.0,-109.0,0.0
99,14,25,11,4,False,D_cost,0.7,1.0,0,2,2,-34.3,-34.3,0.0
99,14,25,11,4,False,D_cost,0.8,1.0,0,2,2,-59.2,-59.2,0.0
99,14,25,11,4,False,D_cost,0.9,1.0,0,2,2,-84.1,-84.1,0.0
99,14,25,11,4,False,D_cost,1.1,1.0,0,2,2,-133.9,-133.9,0.0
99,14,25,11,4,False,D_cost,1.2,1.0,0,2,2,-158.8,-158.8,0.0
99,14,25,11,4,False,D_cost,1.3,1.0,0,2,2,-183.7,-183.7,0.0
99,14,25,11,4,False,E_prob,0.7,1.0,0,2,2,-109.0,-109.0,0.0
99,14,25,11,4,False,E_prob,0.8,1.0,0,2,2,-109.0,-109.0,0.0
99,14,25,11,4,False,E_prob,0.9,1.0,0,2,2,-109.0,-109.0,0.0
99,14,25,11,4,False,E_prob,1.1,1.0,0,2,2,-109.0,-109.0,0.0
99,14,25,11,4,False,E_prob,1.2,1.0,0,2,2,-109.0,-109.0,0.0
99,14,25,11,4,False,E_prob,1.3,1.0,0,2,2,-109.0,-109.0,0.0
100,17,35,16,6,False,C_benefit,0.7,1.0,0,3,3,-199.9001,-199.9001,0.0
100,17,35,16,6,False,C_benefit,0.8,1.0,0,3,3,-186.6001,-186.6001,0.0
100,17,35,16,6,False,C_benefit,0.9,1.0,0,3,3,-173.3001,-173.3001,0.0
100,17,35,16,6,False,C_benefit,1.1,1.0,0,3,3,-146.7001,-146.7001,0.0
100,17,35,16,6,False,C_benefit,1.2,1.0,0,3,3,-133.4001,-133.4001,0.0
100,17,35,16,6,False,C_benefit,1.3,1.0,0,3,3,-120.1001,-120.1001,0.0
100,17,35,16,6,False,P_loss,0.7,1.0,0,3,3,-160.0001,-160.0001,0.0
100,17,35,16,6,False,P_loss,0.8,1.0,0,3,3,-160.0001,-160.0001,0.0
100,17,35,16,6,False,P_loss,0.9,1.0,0,3,3,-160.0001,-160.0001,0.0
100,17,35,16,6,False,P_loss,1.1,1.0,0,3,3,-160.0002,-160.0002,0.0
100,17,35,16,6,False,P_loss,1.2,1.0,0,3,3,-160.0002,-160.0002,0.0
100,17,35,16,6,False,P_loss,1.3,1.0,0,3,3,-160.0002,-160.0002,0.0
100,17,35,16,6,False,D_cost,0.7,1.0,0,3,3,-72.1001,-72.1001,0.0
100,17,35,16,6,False,D_cost,0.8,1.0,0,3,3,-101.4001,-101.4001,0.0
100,17,35,16,6,False,D_cost,0.9,1.0,0,3,3,-130.7001,-130.7001,0.0
100,17,35,16,6,False,D_cost,1.1,1.0,0,3,3,-189.3001,-189.3001,0.0
100,17,35,16,6,False,D_cost,1.2,1.0,0,3,3,-218.6001,-218.6001,0.0
100,17,35,16,6,False,D_cost,1.3,1.0,0,3,3,-247.9001,-247.9001,0.0
100,17,35,16,6,False,E_prob,0.7,1.0,0,3,3,-160.0001,-160.0001,0.0
100,17,35,16,6,False,E_prob,0.8,1.0,0,3,3,-160.0002,-160.0002,0.0
100,17,35,16,6,False,E_prob,0.9,1.0,0,3,3,-160.0001,-160.0001,0.0
100,17,35,16,6,False,E_prob,1.1,1.0,0,3,3,-160.0002,-160.0002,0.0
100,17,35,16,6,False,E_prob,1.2,1.0,0,3,3,-160.0002,-160.0002,0.0
100,17,35,16,6,False,E_prob,1.3,1.0,0,3,3,-160.0001,-160.0001,0.0
