graph_id,nP,nE,nC,nD,use_ve,param,scale,jaccard,flipped,n_def_base,n_def_scaled,obj_scaled_opt,obj_scaled_base_strategy,optimality_regret
1,10,24,30,15,True,C_benefit,0.7,1.0,0,4,4,157.62,157.62,0.0
1,10,24,30,15,True,C_benefit,0.8,1.0,0,4,4,236.32,236.32,0.0
1,10,24,30,15,True,C_benefit,0.9,1.0,0,4,4,315.02,315.02,0.0
1,10,24,30,15,True,C_benefit,1.1,1.0,0,4,4,472.42,472.42,0.0
1,10,24,30,15,True,C_benefit,1.2,0.75,1,4,3,556.87,551.12,0.010326
1,10,24,30,15,True,C_benefit,1.3,0.75,1,4,3,641.97,629.82,0.018926
1,10,24,30,15,True,P_loss,0.7,0.75,1,4,3,457.869,428.304,0.064571
1,10,24,30,15,True,P_loss,0.8,0.75,1,4,3,434.136,416.776,0.039987
1,10,24,30,15,True,P_loss,0.9,0.75,1,4,3,410.403,405.248,0.012561
1,10,24,30,15,True,P_loss,1.1,1.0,0,4,4,382.192,382.192,0.0
1,10,24,30,15,True,P_loss,1.2,1.0,0,4,4,370.664,370.664,0.0
1,10,24,30,15,True,P_loss,1.3,1.0,0,4,4,359.136,359.136,0.0
1,10,24,30,15,True,D_cost,0.7,1.0,0,4,4,477.12,477.12,0.0
1,10,24,30,15,True,D_cost,0.8,1.0,0,4,4,449.32,449.32,0.0
1,10,24,30,15,True,D_cost,0.9,1.0,0,4,4,421.52,421.52,0.0
1,10,24,30,15,True,D_cost,1.1,1.0,0,4,4,365.92,365.92,0.0
1,10,24,30,15,True,D_cost,1.2,0.75,1,4,3,341.27,338.12,0.00923
1,10,24,30,15,True,D_cost,1.3,0.75,1,4,3,318.57,310.32,0.025897
1,10,24,30,15,True,E_prob,0.7,0.75,1,4,3,456.2058,426.6408,0.064806
1,10,24,30,15,True,E_prob,0.8,0.75,1,4,3,432.8688,415.5088,0.040105
1,10,24,30,15,True,E_prob,0.9,0.75,1,4,3,409.6902,404.5352,0.012583
1,10,24,30,15,True,E_prob,1.1,1.0,0,4,4,383.0632,383.0632,0.0
1,10,24,30,15,True,E_prob,1.2,1.0,0,4,4,372.5648,372.5648,0.0
1,10,24,30,15,True,E_prob,1.3,1.0,0,4,4,362.2248,362.2248,0.0
2,10,24,30,15,True,C_benefit,0.7,1.0,0,4,4,124.6,124.6,0.0
2,10,24,30,15,True,C_benefit,0.8,1.0,0,4,4,176.4,176.4,0.0
2,10,24,30,15,True,C_benefit,0.9,1.0,0,4,4,228.2,228.2,0.0
2,10,24,30,15,True,C_benefit,1.1,1.0,0,4,4,331.8,331.8,0.0
2,10,24,30,15,True,C_benefit,1.2,1.0,0,4,4,383.6,383.6,0.0
2,10,24,30,15,True,C_benefit,1.3,1.0,0,4,4,435.4,435.4,0.0
2,10,24,30,15,True,P_loss,0.7,1.0,0,4,4,280.0,280.0,0.0
2,10,24,30,15,True,P_loss,0.8,1.0,0,4,4,280.0,280.0,0.0
2,10,24,30,15,True,P_loss,0.9,1.0,0,4,4,280.0,280.0,0.0
2,10,24,30,15,True,P_loss,1.1,1.0,0,4,4,280.0,280.0,0.0
2,10,24,30,15,True,P_loss,1.2,1.0,0,4,4,280.0,280.0,0.0
2,10,24,30,15,True,P_loss,1.3,1.0,0,4,4,280.0,280.0,0.0
2,10,24,30,15,True,D_cost,0.7,1.0,0,4,4,351.4,351.4,0.0
2,10,24,30,15,True,D_cost,0.8,1.0,0,4,4,327.6,327.6,0.0
2,10,24,30,15,True,D_cost,0.9,1.0,0,4,4,303.8,303.8,0.0
2,10,24,30,15,True,D_cost,1.1,1.0,0,4,4,256.2,256.2,0.0
2,10,24,30,15,True,D_cost,1.2,1.0,0,4,4,232.4,232.4,0.0
2,10,24,30,15,True,D_cost,1.3,1.0,0,4,4,208.6,208.6,0.0
2,10,24,30,15,True,E_prob,0.7,1.0,0,4,4,280.0,280.0,0.0
2,10,24,30,15,True,E_prob,0.8,1.0,0,4,4,280.0,280.0,0.0
2,10,24,30,15,True,E_prob,0.9,1.0,0,4,4,280.0,280.0,0.0
2,10,24,30,15,True,E_prob,1.1,1.0,0,4,4,280.0,280.0,0.0
2,10,24,30,15,True,E_prob,1.2,1.0,0,4,4,280.0,280.0,0.0
2,10,24,30,15,True,E_prob,1.3,1.0,0,4,4,280.0,280.0,0.0
3,10,24,30,15,True,C_benefit,0.7,1.0,0,4,4,125.5,125.5,0.0
3,10,24,30,15,True,C_benefit,0.8,1.0,0,4,4,184.0,184.0,0.0
3,10,24,30,15,True,C_benefit,0.9,1.0,0,4,4,242.5,242.5,0.0
3,10,24,30,15,True,C_benefit,1.1,1.0,0,4,4,359.5,359.5,0.0
3,10,24,30,15,True,C_benefit,1.2,1.0,0,4,4,418.0,418.0,0.0
3,10,24,30,15,True,C_benefit,1.3,1.0,0,4,4,476.5,476.5,0.0
3,10,24,30,15,True,P_loss,0.7,0.1429,6,4,4,302.155,301.0,0.003823
3,10,24,30,15,True,P_loss,0.8,1.0,0,4,4,301.0,301.0,0.0
3,10,24,30,15,True,P_loss,0.9,1.0,0,4,4,301.0,301.0,0.0
3,10,24,30,15,True,P_loss,1.1,1.0,0,4,4,301.0,301.0,0.0
3,10,24,30,15,True,P_loss,1.2,1.0,0,4,4,301.0,301.0,0.0
3,10,24,30,15,True,P_loss,1.3,1.0,0,4,4,301.0,301.0,0.0
3,10,24,30,15,True,D_cost,0.7,1.0,0,4,4,386.2,386.2,0.0
3,10,24,30,15,True,D_cost,0.8,1.0,0,4,4,357.8,357.8,0.0
3,10,24,30,15,True,D_cost,0.9,1.0,0,4,4,329.4,329.4,0.0
3,10,24,30,15,True,D_cost,1.1,1.0,0,4,4,272.6,272.6,0.0
3,10,24,30,15,True,D_cost,1.2,1.0,0,4,4,244.2,244.2,0.0
3,10,24,30,15,True,D_cost,1.3,1.0,0,4,4,215.8,215.8,0.0
3,10,24,30,15,True,E_prob,0.7,0.1429,6,4,4,302.155,301.0,0.003823
3,10,24,30,15,True,E_prob,0.8,1.0,0,4,4,301.0,301.0,0.0
3,10,24,30,15,True,E_prob,0.9,1.0,0,4,4,301.0,301.0,0.0
3,10,24,30,15,True,E_prob,1.1,1.0,0,4,4,301.0,301.0,0.0
3,10,24,30,15,True,E_prob,1.2,1.0,0,4,4,301.0,301.0,0.0
3,10,24,30,15,True,E_prob,1.3,1.0,0,4,4,301.0,301.0,0.0
4,10,24,30,15,True,C_benefit,0.7,1.0,0,4,4,335.3,335.3,0.0
4,10,24,30,15,True,C_benefit,0.8,1.0,0,4,4,420.2,420.2,0.0
4,10,24,30,15,True,C_benefit,0.9,1.0,0,4,4,505.1,505.1,0.0
4,10,24,30,15,True,C_benefit,1.1,1.0,0,4,4,674.9,674.9,0.0
4,10,24,30,15,True,C_benefit,1.2,1.0,0,4,4,759.8,759.8,0.0
4,10,24,30,15,True,C_benefit,1.3,1.0,0,4,4,844.7,844.7,0.0
4,10,24,30,15,True,P_loss,0.7,1.0,0,4,4,590.0,590.0,0.0
4,10,24,30,15,True,P_loss,0.8,1.0,0,4,4,590.0,590.0,0.0
4,10,24,30,15,True,P_loss,0.9,1.0,0,4,4,590.0,590.0,0.0
4,10,24,30,15,True,P_loss,1.1,1.0,0,4,4,590.0,590.0,0.0
4,10,24,30,15,True,P_loss,1.2,1.0,0,4,4,590.0,590.0,0.0
4,10,24,30,15,True,P_loss,1.3,1.0,0,4,4,590.0,590.0,0.0
4,10,24,30,15,True,D_cost,0.7,1.0,0,4,4,667.7,667.7,0.0
4,10,24,30,15,True,D_cost,0.8,1.0,0,4,4,641.8,641.8,0.0
4,10,24,30,15,True,D_cost,0.9,1.0,0,4,4,615.9,615.9,0.0
4,10,24,30,15,True,D_cost,1.1,1.0,0,4,4,564.1,564.1,0.0
4,10,24,30,15,True,D_cost,1.2,1.0,0,4,4,538.2,538.2,0.0
4,10,24,30,15,True,D_cost,1.3,1.0,0,4,4,512.3,512.3,0.0
4,10,24,30,15,True,E_prob,0.7,1.0,0,4,4,590.0,590.0,0.0
4,10,24,30,15,True,E_prob,0.8,1.0,0,4,4,590.0,590.0,0.0
4,10,24,30,15,True,E_prob,0.9,1.0,0,4,4,590.0,590.0,0.0
4,10,24,30,15,True,E_prob,1.1,1.0,0,4,4,590.0,590.0,0.0
4,10,24,30,15,True,E_prob,1.2,1.0,0,4,4,590.0,590.0,0.0
4,10,24,30,15,True,E_prob,1.3,1.0,0,4,4,590.0,590.0,0.0
5,10,24,30,15,True,C_benefit,0.7,1.0,0,3,3,260.3,260.3,0.0
5,10,24,30,15,True,C_benefit,0.8,1.0,0,3,3,334.7,334.7,0.0
5,10,24,30,15,True,C_benefit,0.9,1.0,0,3,3,409.1,409.1,0.0
5,10,24,30,15,True,C_benefit,1.1,1.0,0,3,3,557.9,557.9,0.0
5,10,24,30,15,True,C_benefit,1.2,1.0,0,3,3,632.3,632.3,0.0
5,10,24,30,15,True,C_benefit,1.3,1.0,0,3,3,706.7,706.7,0.0
5,10,24,30,15,True,P_loss,0.7,1.0,0,3,3,507.65,507.65,0.0
5,10,24,30,15,True,P_loss,0.8,1.0,0,3,3,499.6,499.6,0.0
5,10,24,30,15,True,P_loss,0.9,1.0,0,3,3,491.55,491.55,0.0
5,10,24,30,15,True,P_loss,1.1,1.0,0,3,3,475.45,475.45,0.0
5,10,24,30,15,True,P_loss,1.2,0.5,2,3,3,469.0,467.4,0.003412
5,10,24,30,15,True,P_loss,1.3,0.5,2,3,3,463.0,459.35,0.007883
5,10,24,30,15,True,D_cost,0.7,0.5,2,3,3,541.9,537.5,0.00812
5,10,24,30,15,True,D_cost,0.8,0.5,2,3,3,521.6,519.5,0.004026
5,10,24,30,15,True,D_cost,0.9,1.0,0,3,3,501.5,501.5,0.0
5,10,24,30,15,True,D_cost,1.1,1.0,0,3,3,465.5,465.5,0.0
5,10,24,30,15,True,D_cost,1.2,1.0,0,3,3,447.5,447.5,0.0
5,10,24,30,15,True,D_cost,1.3,1.0,0,3,3,429.5,429.5,0.0
5,10,24,30,15,True,E_prob,0.7,1.0,0,3,3,507.65,507.65,0.0
5,10,24,30,15,True,E_prob,0.8,1.0,0,3,3,499.6,499.6,0.0
5,10,24,30,15,True,E_prob,0.9,1.0,0,3,3,491.55,491.55,0.0
5,10,24,30,15,True,E_prob,1.1,1.0,0,3,3,475.45,475.45,0.0
5,10,24,30,15,True,E_prob,1.2,0.5,2,3,3,469.0,467.4,0.003412
5,10,24,30,15,True,E_prob,1.3,0.5,2,3,3,463.0,459.35,0.007883
6,10,24,30,15,True,C_benefit,0.7,1.0,0,5,5,82.02,82.02,0.0
6,10,24,30,15,True,C_benefit,0.8,1.0,0,5,5,155.12,155.12,0.0
6,10,24,30,15,True,C_benefit,0.9,1.0,0,5,5,228.22,228.22,0.0
6,10,24,30,15,True,C_benefit,1.1,1.0,0,5,5,374.42,374.42,0.0
6,10,24,30,15,True,C_benefit,1.2,1.0,0,5,5,447.52,447.52,0.0
6,10,24,30,15,True,C_benefit,1.3,0.5,3,5,4,523.21,520.62,0.00495
6,10,24,30,15,True,P_loss,0.7,0.5,3,5,4,352.357,316.224,0.102547
6,10,24,30,15,True,P_loss,0.8,0.5,3,5,4,332.408,311.256,0.063633
6,10,24,30,15,True,P_loss,0.9,0.5,3,5,4,312.459,306.288,0.01975
6,10,24,30,15,True,P_loss,1.1,1.0,0,5,5,296.352,296.352,0.0
6,10,24,30,15,True,P_loss,1.2,1.0,0,5,5,291.384,291.384,0.0
6,10,24,30,15,True,P_loss,1.3,1.0,0,5,5,286.416,286.416,0.0
6,10,24,30,15,True,D_cost,0.7,1.0,0,5,5,415.32,415.32,0.0
6,10,24,30,15,True,D_cost,0.8,1.0,0,5,5,377.32,377.32,0.0
6,10,24,30,15,True,D_cost,0.9,1.0,0,5,5,339.32,339.32,0.0
6,10,24,30,15,True,D_cost,1.1,0.5,3,5,4,264.81,263.32,0.005627
6,10,24,30,15,True,D_cost,1.2,0.5,3,5,4,237.11,225.32,0.049724
6,10,24,30,15,True,D_cost,1.3,0.5,3,5,4,209.41,187.32,0.105487
6,10,24,30,15,True,E_prob,0.7,0.5,3,5,4,348.3691,316.224,0.092273
6,10,24,30,15,True,E_prob,0.8,0.5,3,5,4,329.3696,311.256,0.054995
6,10,24,30,15,True,E_prob,0.9,0.5,3,5,4,310.7499,306.288,0.014358
6,10,24,30,15,True,E_prob,1.1,1.0,0,5,5,296.352,296.352,0.0
6,10,24,30,15,True,E_prob,1.2,1.0,0,5,5,291.384,291.384,0.0
6,10,24,30,15,True,E_prob,1.3,1.0,0,5,5,286.416,286.416,0.0
7,10,24,30,15,True,C_benefit,0.7,1.0,0,4,4,116.3,116.3,0.0
7,10,24,30,15,True,C_benefit,0.8,1.0,0,4,4,179.2,179.2,0.0
7,10,24,30,15,True,C_benefit,0.9,1.0,0,4,4,242.1,242.1,0.0
7,10,24,30,15,True,C_benefit,1.1,1.0,0,4,4,367.9,367.9,0.0
7,10,24,30,15,True,C_benefit,1.2,1.0,0,4,4,430.8,430.8,0.0
7,10,24,30,15,True,C_benefit,1.3,1.0,0,4,4,493.7,493.7,0.0
7,10,24,30,15,True,P_loss,0.7,0.75,1,4,3,315.363,305.0,0.032861
7,10,24,30,15,True,P_loss,0.8,1.0,0,4,4,305.0,305.0,0.0
7,10,24,30,15,True,P_loss,0.9,1.0,0,4,4,305.0,305.0,0.0
7,10,24,30,15,True,P_loss,1.1,1.0,0,4,4,305.0,305.0,0.0
7,10,24,30,15,True,P_loss,1.2,1.0,0,4,4,305.0,305.0,0.0
7,10,24,30,15,True,P_loss,1.3,1.0,0,4,4,305.0,305.0,0.0
7,10,24,30,15,True,D_cost,0.7,1.0,0,4,4,402.2,402.2,0.0
7,10,24,30,15,True,D_cost,0.8,1.0,0,4,4,369.8,369.8,0.0
7,10,24,30,15,True,D_cost,0.9,1.0,0,4,4,337.4,337.4,0.0
7,10,24,30,15,True,D_cost,1.1,1.0,0,4,4,272.6,272.6,0.0
7,10,24,30,15,True,D_cost,1.2,1.0,0,4,4,240.2,240.2,0.0
7,10,24,30,15,True,D_cost,1.3,1.0,0,4,4,207.8,207.8,0.0
7,10,24,30,15,True,E_prob,0.7,0.75,1,4,3,311.6901,305.0,0.021464
7,10,24,30,15,True,E_prob,0.8,1.0,0,4,4,305.0,305.0,0.0
7,10,24,30,15,True,E_prob,0.9,1.0,0,4,4,305.0,305.0,0.0
7,10,24,30,15,True,E_prob,1.1,1.0,0,4,4,305.0,305.0,0.0
7,10,24,30,15,True,E_prob,1.2,1.0,0,4,4,305.0,305.0,0.0
7,10,24,30,15,True,E_prob,1.3,1.0,0,4,4,305.0,305.0,0.0
8,10,24,30,15,True,C_benefit,0.7,1.0,0,5,5,54.8,54.8,0.0
8,10,24,30,15,True,C_benefit,0.8,1.0,0,5,5,118.2,118.2,0.0
8,10,24,30,15,True,C_benefit,0.9,1.0,0,5,5,181.6,181.6,0.0
8,10,24,30,15,True,C_benefit,1.1,1.0,0,5,5,308.4,308.4,0.0
8,10,24,30,15,True,C_benefit,1.2,1.0,0,5,5,371.8,371.8,0.0
8,10,24,30,15,True,C_benefit,1.3,1.0,0,5,5,435.2,435.2,0.0
8,10,24,30,15,True,P_loss,0.7,0.8,1,5,4,331.1776,245.0,0.260216
8,10,24,30,15,True,P_loss,0.8,0.8,1,5,4,327.7744,245.0,0.252535
8,10,24,30,15,True,P_loss,0.9,0.8,1,5,4,324.3712,245.0,0.244693
8,10,24,30,15,True,P_loss,1.1,1.0,0,5,5,245.0,245.0,0.0
8,10,24,30,15,True,P_loss,1.2,1.0,0,5,5,245.0,245.0,0.0
8,10,24,30,15,True,P_loss,1.3,1.0,0,5,5,245.0,245.0,0.0
8,10,24,30,15,True,D_cost,0.7,1.0,0,5,5,361.7,361.7,0.0
8,10,24,30,15,True,D_cost,0.8,1.0,0,5,5,322.8,322.8,0.0
8,10,24,30,15,True,D_cost,0.9,1.0,0,5,5,283.9,283.9,0.0
8,10,24,30,15,True,D_cost,1.1,1.0,0,5,5,206.1,206.1,0.0
8,10,24,30,15,True,D_cost,1.2,0.8,1,5,4,260.168,167.2,0.357338
8,10,24,30,15,True,D_cost,1.3,0.8,1,5,4,229.768,128.3,0.441611
8,10,24,30,15,True,E_prob,0.7,0.8,1,5,4,333.6371,245.0,0.265669
8,10,24,30,15,True,E_prob,0.8,0.8,1,5,4,329.6483,245.0,0.256784
8,10,24,30,15,True,E_prob,0.9,0.8,1,5,4,325.4253,245.0,0.247139
8,10,24,30,15,True,E_prob,1.1,1.0,0,5,5,245.0,245.0,0.0
8,10,24,30,15,True,E_prob,1.2,1.0,0,5,5,245.0,245.0,0.0
8,10,24,30,15,True,E_prob,1.3,1.0,0,5,5,245.0,245.0,0.0
9,10,24,30,15,True,C_benefit,0.7,0.3333,4,4,4,48.71,44.07,0.095258
9,10,24,30,15,True,C_benefit,0.8,0.3333,4,4,4,111.11,108.07,0.02736
9,10,24,30,15,True,C_benefit,0.9,0.3333,4,4,4,173.51,172.07,0.008299
9,10,24,30,15,True,C_benefit,1.1,0.75,1,4,3,306.9908,300.07,0.022544
9,10,24,30,15,True,C_benefit,1.2,0.75,1,4,3,377.9908,364.07,0.036828
9,10,24,30,15,True,C_benefit,1.3,0.75,1,4,3,448.9908,428.07,0.046595
9,10,24,30,15,True,P_loss,0.7,0.75,1,4,3,300.7936,256.149,0.148423
9,10,24,30,15,True,P_loss,0.8,0.75,1,4,3,279.1926,249.456,0.106509
9,10,24,30,15,True,P_loss,0.9,0.75,1,4,3,257.5917,242.763,0.057567
9,10,24,30,15,True,P_loss,1.1,0.3333,4,4,4,232.901,229.377,0.015131
9,10,24,30,15,True,P_loss,1.2,0.3333,4,4,4,229.892,222.684,0.031354
9,10,24,30,15,True,P_loss,1.3,0.3333,4,4,4,226.883,215.991,0.048007
9,10,24,30,15,True,D_cost,0.7,0.3333,4,4,4,343.31,337.17,0.017885
9,10,24,30,15,True,D_cost,0.8,0.3333,4,4,4,307.51,303.47,0.013138
9,10,24,30,15,True,D_cost,0.9,0.3333,4,4,4,271.71,269.77,0.00714
9,10,24,30,15,True,D_cost,1.1,0.75,1,4,3,210.1908,202.37,0.037208
9,10,24,30,15,True,D_cost,1.2,0.75,1,4,3,184.3908,168.67,0.085258
9,10,24,30,15,True,D_cost,1.3,0.75,1,4,3,158.5908,134.97,0.148942
9,10,24,30,15,True,E_prob,0.7,0.75,1,4,3,299.8652,256.149,0.145786
9,10,24,30,15,True,E_prob,0.8,0.75,1,4,3,278.4853,249.456,0.10424
9,10,24,30,15,True,E_prob,0.9,0.75,1,4,3,257.1938,242.763,0.056109
9,10,24,30,15,True,E_prob,1.1,0.3333,4,4,4,232.901,229.377,0.015131
9,10,24,30,15,True,E_prob,1.2,0.3333,4,4,4,229.892,222.684,0.031354
9,10,24,30,15,True,E_prob,1.3,0.3333,4,4,4,226.883,215.991,0.048007
10,10,24,30,15,True,C_benefit,0.7,1.0,0,3,3,158.78,158.78,0.0
10,10,24,30,15,True,C_benefit,0.8,1.0,0,3,3,215.58,215.58,0.0
10,10,24,30,15,True,C_benefit,0.9,1.0,0,3,3,272.38,272.38,0.0
10,10,24,30,15,True,C_benefit,1.1,1.0,0,3,3,385.98,385.98,0.0
10,10,24,30,15,True,C_benefit,1.2,1.0,0,3,3,442.78,442.78,0.0
10,10,24,30,15,True,C_benefit,1.3,1.0,0,3,3,499.58,499.58,0.0
10,10,24,30,15,True,P_loss,0.7,1.0,0,3,3,336.326,336.326,0.0
10,10,24,30,15,True,P_loss,0.8,1.0,0,3,3,333.944,333.944,0.0
10,10,24,30,15,True,P_loss,0.9,1.0,0,3,3,331.562,331.562,0.0
10,10,24,30,15,True,P_loss,1.1,1.0,0,3,3,326.798,326.798,0.0
10,10,24,30,15,True,P_loss,1.2,1.0,0,3,3,324.416,324.416,0.0
10,10,24,30,15,True,P_loss,1.3,1.0,0,3,3,322.034,322.034,0.0
10,10,24,30,15,True,D_cost,0.7,1.0,0,3,3,393.68,393.68,0.0
10,10,24,30,15,True,D_cost,0.8,1.0,0,3,3,372.18,372.18,0.0
10,10,24,30,15,True,D_cost,0.9,1.0,0,3,3,350.68,350.68,0.0
10,10,24,30,15,True,D_cost,1.1,1.0,0,3,3,307.68,307.68,0.0
10,10,24,30,15,True,D_cost,1.2,1.0,0,3,3,286.18,286.18,0.0
10,10,24,30,15,True,D_cost,1.3,1.0,0,3,3,264.68,264.68,0.0
10,10,24,30,15,True,E_prob,0.7,1.0,0,3,3,336.326,336.326,0.0
10,10,24,30,15,True,E_prob,0.8,1.0,0,3,3,333.944,333.944,0.0
10,10,24,30,15,True,E_prob,0.9,1.0,0,3,3,331.562,331.562,0.0
10,10,24,30,15,True,E_prob,1.1,1.0,0,3,3,326.798,326.798,0.0
10,10,24,30,15,True,E_prob,1.2,1.0,0,3,3,324.416,324.416,0.0
10,10,24,30,15,True,E_prob,1.3,1.0,0,3,3,322.034,322.034,0.0
11,10,24,30,15,True,C_benefit,0.7,0.5,2,3,3,298.0,288.55,0.031711
11,10,24,30,15,True,C_benefit,0.8,0.5,2,3,3,379.6,373.95,0.014884
11,10,24,30,15,True,C_benefit,0.9,0.5,2,3,3,461.2,459.35,0.004011
11,10,24,30,15,True,C_benefit,1.1,1.0,0,3,3,630.15,630.15,0.0
11,10,24,30,15,True,C_benefit,1.2,1.0,0,3,3,715.55,715.55,0.0
11,10,24,30,15,True,C_benefit,1.3,1.0,0,3,3,800.95,800.95,0.0
11,10,24,30,15,True,P_loss,0.7,0.0,6,3,3,561.4832,550.225,0.020051
11,10,24,30,15,True,P_loss,0.8,1.0,0,3,3,548.4,548.4,0.0
11,10,24,30,15,True,P_loss,0.9,1.0,0,3,3,546.575,546.575,0.0
11,10,24,30,15,True,P_loss,1.1,1.0,0,3,3,542.925,542.925,0.0
11,10,24,30,15,True,P_loss,1.2,1.0,0,3,3,541.1,541.1,0.0
11,10,24,30,15,True,P_loss,1.3,1.0,0,3,3,539.275,539.275,0.0
11,10,24,30,15,True,D_cost,0.7,1.0,0,3,3,632.05,632.05,0.0
11,10,24,30,15,True,D_cost,0.8,1.0,0,3,3,602.95,602.95,0.0
11,10,24,30,15,True,D_cost,0.9,1.0,0,3,3,573.85,573.85,0.0
11,10,24,30,15,True,D_cost,1.1,0.5,2,3,3,517.4,515.65,0.003382
11,10,24,30,15,True,D_cost,1.2,0.5,2,3,3,492.0,486.55,0.011077
11,10,24,30,15,True,D_cost,1.3,0.5,2,3,3,466.6,457.45,0.01961
11,10,24,30,15,True,E_prob,0.7,0.0,6,3,3,558.4652,550.225,0.014755
11,10,24,30,15,True,E_prob,0.8,1.0,0,3,3,548.4,548.4,0.0
11,10,24,30,15,True,E_prob,0.9,1.0,0,3,3,546.575,546.575,0.0
11,10,24,30,15,True,E_prob,1.1,1.0,0,3,3,542.925,542.925,0.0
11,10,24,30,15,True,E_prob,1.2,1.0,0,3,3,541.1,541.1,0.0
11,10,24,30,15,True,E_prob,1.3,1.0,0,3,3,539.275,539.275,0.0
12,10,24,30,15,True,C_benefit,0.7,1.0,0,4,4,206.648,206.648,0.0
12,10,24,30,15,True,C_benefit,0.8,1.0,0,4,4,281.848,281.848,0.0
12,10,24,30,15,True,C_benefit,0.9,1.0,0,4,4,357.048,357.048,0.0
12,10,24,30,15,True,C_benefit,1.1,1.0,0,4,4,507.448,507.448,0.0
12,10,24,30,15,True,C_benefit,1.2,1.0,0,4,4,582.648,582.648,0.0
12,10,24,30,15,True,C_benefit,1.3,0.75,1,4,3,661.804,657.848,0.005978
12,10,24,30,15,True,P_loss,0.7,0.75,1,4,3,476.0128,442.6736,0.070038
12,10,24,30,15,True,P_loss,0.8,0.75,1,4,3,453.4432,439.1984,0.031415
12,10,24,30,15,True,P_loss,0.9,1.0,0,4,4,435.7232,435.7232,0.0
12,10,24,30,15,True,P_loss,1.1,1.0,0,4,4,428.7728,428.7728,0.0
12,10,24,30,15,True,P_loss,1.2,1.0,0,4,4,425.2976,425.2976,0.0
12,10,24,30,15,True,P_loss,1.3,1.0,0,4,4,421.8224,421.8224,0.0
12,10,24,30,15,True,D_cost,0.7,1.0,0,4,4,517.748,517.748,0.0
12,10,24,30,15,True,D_cost,0.8,1.0,0,4,4,489.248,489.248,0.0
12,10,24,30,15,True,D_cost,0.9,1.0,0,4,4,460.748,460.748,0.0
12,10,24,30,15,True,D_cost,1.1,1.0,0,4,4,403.748,403.748,0.0
12,10,24,30,15,True,D_cost,1.2,1.0,0,4,4,375.248,375.248,0.0
12,10,24,30,15,True,D_cost,1.3,1.0,0,4,4,346.748,346.748,0.0
12,10,24,30,15,True,E_prob,0.7,0.75,1,4,3,475.7222,442.6635,0.069491
12,10,24,30,15,True,E_prob,0.8,0.75,1,4,3,453.2218,439.1907,0.030958
12,10,24,30,15,True,E_prob,0.9,1.0,0,4,4,435.7189,435.7189,0.0
12,10,24,30,15,True,E_prob,1.1,1.0,0,4,4,428.7781,428.7781,0.0
12,10,24,30,15,True,E_prob,1.2,1.0,0,4,4,425.3091,425.3091,0.0
12,10,24,30,15,True,E_prob,1.3,1.0,0,4,4,421.8411,421.8411,0.0
13,10,24,30,15,True,C_benefit,0.7,1.0,0,4,4,42.3,42.3,0.0
13,10,24,30,15,True,C_benefit,0.8,1.0,0,4,4,95.2,95.2,0.0
13,10,24,30,15,True,C_benefit,0.9,1.0,0,4,4,148.1,148.1,0.0
13,10,24,30,15,True,C_benefit,1.1,1.0,0,4,4,253.9,253.9,0.0
13,10,24,30,15,True,C_benefit,1.2,1.0,0,4,4,306.8,306.8,0.0
13,10,24,30,15,True,C_benefit,1.3,1.0,0,4,4,359.7,359.7,0.0
13,10,24,30,15,True,P_loss,0.7,0.1667,5,4,3,244.8993,201.0,0.179254
13,10,24,30,15,True,P_loss,0.8,0.1667,5,4,3,216.742,201.0,0.07263
13,10,24,30,15,True,P_loss,0.9,1.0,0,4,4,201.0,201.0,0.0
13,10,24,30,15,True,P_loss,1.1,1.0,0,4,4,201.0,201.0,0.0
13,10,24,30,15,True,P_loss,1.2,1.0,0,4,4,201.0,201.0,0.0
13,10,24,30,15,True,P_loss,1.3,1.0,0,4,4,201.0,201.0,0.0
13,10,24,30,15,True,D_cost,0.7,1.0,0,4,4,299.4,299.4,0.0
13,10,24,30,15,True,D_cost,0.8,1.0,0,4,4,266.6,266.6,0.0
13,10,24,30,15,True,D_cost,0.9,1.0,0,4,4,233.8,233.8,0.0
13,10,24,30,15,True,D_cost,1.1,1.0,0,4,4,168.2,168.2,0.0
13,10,24,30,15,True,D_cost,1.2,1.0,0,4,4,135.4,135.4,0.0
13,10,24,30,15,True,D_cost,1.3,1.0,0,4,4,102.6,102.6,0.0
13,10,24,30,15,True,E_prob,0.7,0.1667,5,4,3,230.2273,201.0,0.12695
13,10,24,30,15,True,E_prob,0.8,1.0,0,4,4,201.0,201.0,0.0
13,10,24,30,15,True,E_prob,0.9,1.0,0,4,4,201.0,201.0,0.0
13,10,24,30,15,True,E_prob,1.1,1.0,0,4,4,201.0,201.0,0.0
13,10,24,30,15,True,E_prob,1.2,1.0,0,4,4,201.0,201.0,0.0
13,10,24,30,15,True,E_prob,1.3,1.0,0,4,4,201.0,201.0,0.0
14,10,24,30,15,True,C_benefit,0.7,0.6,2,4,4,220.355,219.375,0.004447
14,10,24,30,15,True,C_benefit,0.8,1.0,0,4,4,296.775,296.775,0.0
14,10,24,30,15,True,C_benefit,0.9,1.0,0,4,4,374.175,374.175,0.0
14,10,24,30,15,True,C_benefit,1.1,1.0,0,4,4,528.975,528.975,0.0
14,10,24,30,15,True,C_benefit,1.2,1.0,0,4,4,606.375,606.375,0.0
14,10,24,30,15,True,C_benefit,1.3,1.0,0,4,4,683.775,683.775,0.0
14,10,24,30,15,True,P_loss,0.7,0.4,3,4,3,482.2297,463.1025,0.039664
14,10,24,30,15,True,P_loss,0.8,0.4,3,4,3,464.8339,459.26,0.011991
14,10,24,30,15,True,P_loss,0.9,1.0,0,4,4,455.4175,455.4175,0.0
14,10,24,30,15,True,P_loss,1.1,1.0,0,4,4,447.7325,447.7325,0.0
14,10,24,30,15,True,P_loss,1.2,1.0,0,4,4,443.89,443.89,0.0
14,10,24,30,15,True,P_loss,1.3,1.0,0,4,4,440.0475,440.0475,0.0
14,10,24,30,15,True,D_cost,0.7,1.0,0,4,4,536.775,536.775,0.0
14,10,24,30,15,True,D_cost,0.8,1.0,0,4,4,508.375,508.375,0.0
14,10,24,30,15,True,D_cost,0.9,1.0,0,4,4,479.975,479.975,0.0
14,10,24,30,15,True,D_cost,1.1,1.0,0,4,4,423.175,423.175,0.0
14,10,24,30,15,True,D_cost,1.2,1.0,0,4,4,394.775,394.775,0.0
14,10,24,30,15,True,D_cost,1.3,0.4,3,4,3,371.2424,366.375,0.013111
14,10,24,30,15,True,E_prob,0.7,0.4,3,4,3,503.6455,462.9755,0.080751
14,10,24,30,15,True,E_prob,0.8,0.4,3,4,3,461.1567,459.1632,0.004323
14,10,24,30,15,True,E_prob,0.9,1.0,0,4,4,455.363,455.363,0.0
14,10,24,30,15,True,E_prob,1.1,1.0,0,4,4,447.799,447.799,0.0
14,10,24,30,15,True,E_prob,1.2,1.0,0,4,4,444.0352,444.0352,0.0
14,10,24,30,15,True,E_prob,1.3,1.0,0,4,4,440.2835,440.2835,0.0
15,10,24,30,15,True,C_benefit,0.7,1.0,0,3,3,244.24,244.24,0.0
15,10,24,30,15,True,C_benefit,0.8,1.0,0,3,3,319.04,319.04,0.0
15,10,24,30,15,True,C_benefit,0.9,1.0,0,3,3,393.84,393.84,0.0
15,10,24,30,15,True,C_benefit,1.1,1.0,0,3,3,543.44,543.44,0.0
15,10,24,30,15,True,C_benefit,1.2,1.0,0,3,3,618.24,618.24,0.0
15,10,24,30,15,True,C_benefit,1.3,1.0,0,3,3,693.04,693.04,0.0
15,10,24,30,15,True,P_loss,0.7,1.0,0,3,3,477.148,477.148,0.0
15,10,24,30,15,True,P_loss,0.8,1.0,0,3,3,474.312,474.312,0.0
15,10,24,30,15,True,P_loss,0.9,1.0,0,3,3,471.476,471.476,0.0
15,10,24,30,15,True,P_loss,1.1,1.0,0,3,3,465.804,465.804,0.0
15,10,24,30,15,True,P_loss,1.2,1.0,0,3,3,462.968,462.968,0.0
15,10,24,30,15,True,P_loss,1.3,1.0,0,3,3,460.132,460.132,0.0
15,10,24,30,15,True,D_cost,0.7,1.0,0,3,3,543.94,543.94,0.0
15,10,24,30,15,True,D_cost,0.8,1.0,0,3,3,518.84,518.84,0.0
15,10,24,30,15,True,D_cost,0.9,1.0,0,3,3,493.74,493.74,0.0
15,10,24,30,15,True,D_cost,1.1,1.0,0,3,3,443.54,443.54,0.0
15,10,24,30,15,True,D_cost,1.2,1.0,0,3,3,418.44,418.44,0.0
15,10,24,30,15,True,D_cost,1.3,1.0,0,3,3,393.34,393.34,0.0
15,10,24,30,15,True,E_prob,0.7,1.0,0,3,3,477.148,477.148,0.0
15,10,24,30,15,True,E_prob,0.8,1.0,0,3,3,474.312,474.312,0.0
15,10,24,30,15,True,E_prob,0.9,1.0,0,3,3,471.476,471.476,0.0
15,10,24,30,15,True,E_prob,1.1,1.0,0,3,3,465.804,465.804,0.0
15,10,24,30,15,True,E_prob,1.2,1.0,0,3,3,462.968,462.968,0.0
15,10,24,30,15,True,E_prob,1.3,1.0,0,3,3,460.132,460.132,0.0
16,10,24,30,15,True,C_benefit,0.7,1.0,0,4,4,111.7,111.7,0.0
16,10,24,30,15,True,C_benefit,0.8,1.0,0,4,4,175.3,175.3,0.0
16,10,24,30,15,True,C_benefit,0.9,1.0,0,4,4,238.9,238.9,0.0
16,10,24,30,15,True,C_benefit,1.1,1.0,0,4,4,366.1,366.1,0.0
16,10,24,30,15,True,C_benefit,1.2,1.0,0,4,4,429.7,429.7,0.0
16,10,24,30,15,True,C_benefit,1.3,1.0,0,4,4,493.3,493.3,0.0
16,10,24,30,15,True,P_loss,0.7,1.0,0,4,4,309.25,309.25,0.0
16,10,24,30,15,True,P_loss,0.8,1.0,0,4,4,307.0,307.0,0.0
16,10,24,30,15,True,P_loss,0.9,1.0,0,4,4,304.75,304.75,0.0
16,10,24,30,15,True,P_loss,1.1,1.0,0,4,4,300.25,300.25,0.0
16,10,24,30,15,True,P_loss,1.2,1.0,0,4,4,298.0,298.0,0.0
16,10,24,30,15,True,P_loss,1.3,1.0,0,4,4,295.75,295.75,0.0
16,10,24,30,15,True,D_cost,0.7,1.0,0,4,4,395.8,395.8,0.0
16,10,24,30,15,True,D_cost,0.8,1.0,0,4,4,364.7,364.7,0.0
16,10,24,30,15,True,D_cost,0.9,1.0,0,4,4,333.6,333.6,0.0
16,10,24,30,15,True,D_cost,1.1,1.0,0,4,4,271.4,271.4,0.0
16,10,24,30,15,True,D_cost,1.2,1.0,0,4,4,240.3,240.3,0.0
16,10,24,30,15,True,D_cost,1.3,1.0,0,4,4,209.2,209.2,0.0
16,10,24,30,15,True,E_prob,0.7,1.0,0,4,4,309.25,309.25,0.0
16,10,24,30,15,True,E_prob,0.8,1.0,0,4,4,307.0,307.0,0.0
16,10,24,30,15,True,E_prob,0.9,1.0,0,4,4,304.75,304.75,0.0
16,10,24,30,15,True,E_prob,1.1,1.0,0,4,4,300.25,300.25,0.0
16,10,24,30,15,True,E_prob,1.2,1.0,0,4,4,298.0,298.0,0.0
16,10,24,30,15,True,E_prob,1.3,1.0,0,4,4,295.75,295.75,0.0
17,10,24,30,15,True,C_benefit,0.7,1.0,0,4,4,10.05,10.05,0.0
17,10,24,30,15,True,C_benefit,0.8,1.0,0,4,4,62.85,62.85,0.0
17,10,24,30,15,True,C_benefit,0.9,1.0,0,4,4,115.65,115.65,0.0
17,10,24,30,15,True,C_benefit,1.1,1.0,0,4,4,221.25,221.25,0.0
17,10,24,30,15,True,C_benefit,1.2,1.0,0,4,4,274.05,274.05,0.0
17,10,24,30,15,True,C_benefit,1.3,1.0,0,4,4,326.85,326.85,0.0
17,10,24,30,15,True,P_loss,0.7,0.1667,5,4,3,190.0917,188.415,0.00882
17,10,24,30,15,True,P_loss,0.8,1.0,0,4,4,181.76,181.76,0.0
17,10,24,30,15,True,P_loss,0.9,1.0,0,4,4,175.105,175.105,0.0
17,10,24,30,15,True,P_loss,1.1,1.0,0,4,4,161.795,161.795,0.0
17,10,24,30,15,True,P_loss,1.2,1.0,0,4,4,155.14,155.14,0.0
17,10,24,30,15,True,P_loss,1.3,1.0,0,4,4,148.485,148.485,0.0
17,10,24,30,15,True,D_cost,0.7,1.0,0,4,4,256.35,256.35,0.0
17,10,24,30,15,True,D_cost,0.8,1.0,0,4,4,227.05,227.05,0.0
17,10,24,30,15,True,D_cost,0.9,1.0,0,4,4,197.75,197.75,0.0
17,10,24,30,15,True,D_cost,1.1,1.0,0,4,4,139.15,139.15,0.0
17,10,24,30,15,True,D_cost,1.2,1.0,0,4,4,109.85,109.85,0.0
17,10,24,30,15,True,D_cost,1.3,1.0,0,4,4,80.55,80.55,0.0
17,10,24,30,15,True,E_prob,0.7,1.0,0,4,4,188.415,188.415,0.0
17,10,24,30,15,True,E_prob,0.8,1.0,0,4,4,181.76,181.76,0.0
17,10,24,30,15,True,E_prob,0.9,1.0,0,4,4,175.105,175.105,0.0
17,10,24,30,15,True,E_prob,1.1,1.0,0,4,4,161.795,161.795,0.0
17,10,24,30,15,True,E_prob,1.2,1.0,0,4,4,155.14,155.14,0.0
17,10,24,30,15,True,E_prob,1.3,1.0,0,4,4,148.485,148.485,0.0
18,10,24,30,15,True,C_benefit,0.7,0.4,3,3,4,91.2,88.52,0.029386
18,10,24,30,15,True,C_benefit,0.8,1.0,0,3,3,154.52,154.52,0.0
18,10,24,30,15,True,C_benefit,0.9,1.0,0,3,3,220.52,220.52,0.0
18,10,24,30,15,True,C_benefit,1.1,1.0,0,3,3,352.52,352.52,0.0
18,10,24,30,15,True,C_benefit,1.2,1.0,0,3,3,418.52,418.52,0.0
18,10,24,30,15,True,C_benefit,1.3,1.0,0,3,3,484.52,484.52,0.0
18,10,24,30,15,True,P_loss,0.7,1.0,0,3,3,336.164,336.164,0.0
18,10,24,30,15,True,P_loss,0.8,1.0,0,3,3,319.616,319.616,0.0
18,10,24,30,15,True,P_loss,0.9,1.0,0,3,3,303.068,303.068,0.0
18,10,24,30,15,True,P_loss,1.1,1.0,0,3,3,269.972,269.972,0.0
18,10,24,30,15,True,P_loss,1.2,0.4,3,3,4,256.6,253.424,0.012377
18,10,24,30,15,True,P_loss,1.3,0.4,3,3,4,252.9,236.876,0.063361
18,10,24,30,15,True,D_cost,0.7,0.4,3,3,4,352.86,348.92,0.011166
18,10,24,30,15,True,D_cost,0.8,1.0,0,3,3,328.12,328.12,0.0
18,10,24,30,15,True,D_cost,0.9,1.0,0,3,3,307.32,307.32,0.0
18,10,24,30,15,True,D_cost,1.1,1.0,0,3,3,265.72,265.72,0.0
18,10,24,30,15,True,D_cost,1.2,1.0,0,3,3,244.92,244.92,0.0
18,10,24,30,15,True,D_cost,1.3,1.0,0,3,3,224.12,224.12,0.0
18,10,24,30,15,True,E_prob,0.7,1.0,0,3,3,332.2349,332.2349,0.0
18,10,24,30,15,True,E_prob,0.8,1.0,0,3,3,316.6224,316.6224,0.0
18,10,24,30,15,True,E_prob,0.9,1.0,0,3,3,301.3841,301.3841,0.0
18,10,24,30,15,True,E_prob,1.1,1.0,0,3,3,272.0301,272.0301,0.0
18,10,24,30,15,True,E_prob,1.2,1.0,0,3,3,257.9144,257.9144,0.0
18,10,24,30,15,True,E_prob,1.3,0.4,3,3,4,252.9,244.1729,0.034508
19,10,24,30,15,True,C_benefit,0.7,0.6,2,4,4,113.4,109.36,0.035626
19,10,24,30,15,True,C_benefit,0.8,1.0,0,4,4,181.36,181.36,0.0
19,10,24,30,15,True,C_benefit,0.9,1.0,0,4,4,253.36,253.36,0.0
19,10,24,30,15,True,C_benefit,1.1,1.0,0,4,4,397.36,397.36,0.0
19,10,24,30,15,True,C_benefit,1.2,1.0,0,4,4,469.36,469.36,0.0
19,10,24,30,15,True,C_benefit,1.3,1.0,0,4,4,541.36,541.36,0.0
19,10,24,30,15,True,P_loss,0.7,1.0,0,4,4,355.852,355.852,0.0
19,10,24,30,15,True,P_loss,0.8,1.0,0,4,4,345.688,345.688,0.0
19,10,24,30,15,True,P_loss,0.9,1.0,0,4,4,335.524,335.524,0.0
19,10,24,30,15,True,P_loss,1.1,1.0,0,4,4,315.196,315.196,0.0
19,10,24,30,15,True,P_loss,1.2,1.0,0,4,4,305.032,305.032,0.0
19,10,24,30,15,True,P_loss,1.3,1.0,0,4,4,294.868,294.868,0.0
19,10,24,30,15,True,D_cost,0.7,1.0,0,4,4,413.26,413.26,0.0
19,10,24,30,15,True,D_cost,0.8,1.0,0,4,4,383.96,383.96,0.0
19,10,24,30,15,True,D_cost,0.9,1.0,0,4,4,354.66,354.66,0.0
19,10,24,30,15,True,D_cost,1.1,1.0,0,4,4,296.06,296.06,0.0
19,10,24,30,15,True,D_cost,1.2,1.0,0,4,4,266.76,266.76,0.0
19,10,24,30,15,True,D_cost,1.3,1.0,0,4,4,237.46,237.46,0.0
19,10,24,30,15,True,E_prob,0.7,1.0,0,4,4,355.8184,355.8184,0.0
19,10,24,30,15,True,E_prob,0.8,1.0,0,4,4,345.6624,345.6624,0.0
19,10,24,30,15,True,E_prob,0.9,1.0,0,4,4,335.5096,335.5096,0.0
19,10,24,30,15,True,E_prob,1.1,1.0,0,4,4,315.2136,315.2136,0.0
19,10,24,30,15,True,E_prob,1.2,1.0,0,4,4,305.0704,305.0704,0.0
19,10,24,30,15,True,E_prob,1.3,1.0,0,4,4,294.9304,294.9304,0.0
20,10,24,30,15,True,C_benefit,0.7,1.0,0,4,4,267.04,267.04,0.0
20,10,24,30,15,True,C_benefit,0.8,1.0,0,4,4,340.94,340.94,0.0
20,10,24,30,15,True,C_benefit,0.9,1.0,0,4,4,414.84,414.84,0.0
20,10,24,30,15,True,C_benefit,1.1,1.0,0,4,4,562.64,562.64,0.0
20,10,24,30,15,True,C_benefit,1.2,1.0,0,4,4,636.54,636.54,0.0
20,10,24,30,15,True,C_benefit,1.3,1.0,0,4,4,710.44,710.44,0.0
20,10,24,30,15,True,P_loss,0.7,0.2,4,4,2,494.519,494.218,0.000609
20,10,24,30,15,True,P_loss,0.8,1.0,0,4,4,492.392,492.392,0.0
20,10,24,30,15,True,P_loss,0.9,1.0,0,4,4,490.566,490.566,0.0
20,10,24,30,15,True,P_loss,1.1,1.0,0,4,4,486.914,486.914,0.0
20,10,24,30,15,True,P_loss,1.2,1.0,0,4,4,485.088,485.088,0.0
20,10,24,30,15,True,P_loss,1.3,1.0,0,4,4,483.262,483.262,0.0
20,10,24,30,15,True,D_cost,0.7,1.0,0,4,4,558.34,558.34,0.0
20,10,24,30,15,True,D_cost,0.8,1.0,0,4,4,535.14,535.14,0.0
20,10,24,30,15,True,D_cost,0.9,1.0,0,4,4,511.94,511.94,0.0
20,10,24,30,15,True,D_cost,1.1,1.0,0,4,4,465.54,465.54,0.0
20,10,24,30,15,True,D_cost,1.2,1.0,0,4,4,442.34,442.34,0.0
20,10,24,30,15,True,D_cost,1.3,1.0,0,4,4,419.14,419.14,0.0
20,10,24,30,15,True,E_prob,0.7,1.0,0,4,4,494.218,494.218,0.0
20,10,24,30,15,True,E_prob,0.8,1.0,0,4,4,492.392,492.392,0.0
20,10,24,30,15,True,E_prob,0.9,1.0,0,4,4,490.566,490.566,0.0
20,10,24,30,15,True,E_prob,1.1,1.0,0,4,4,486.914,486.914,0.0
20,10,24,30,15,True,E_prob,1.2,1.0,0,4,4,485.088,485.088,0.0
20,10,24,30,15,True,E_prob,1.3,1.0,0,4,4,483.262,483.262,0.0
21,10,24,30,15,True,C_benefit,0.7,1.0,0,3,3,102.24,102.24,0.0
21,10,24,30,15,True,C_benefit,0.8,1.0,0,3,3,158.54,158.54,0.0
21,10,24,30,15,True,C_benefit,0.9,1.0,0,3,3,214.84,214.84,0.0
21,10,24,30,15,True,C_benefit,1.1,1.0,0,3,3,327.44,327.44,0.0
21,10,24,30,15,True,C_benefit,1.2,1.0,0,3,3,383.74,383.74,0.0
21,10,24,30,15,True,C_benefit,1.3,1.0,0,3,3,440.04,440.04,0.0
21,10,24,30,15,True,P_loss,0.7,1.0,0,3,3,289.098,289.098,0.0
21,10,24,30,15,True,P_loss,0.8,1.0,0,3,3,283.112,283.112,0.0
21,10,24,30,15,True,P_loss,0.9,1.0,0,3,3,277.126,277.126,0.0
21,10,24,30,15,True,P_loss,1.1,1.0,0,3,3,265.154,265.154,0.0
21,10,24,30,15,True,P_loss,1.2,1.0,0,3,3,259.168,259.168,0.0
21,10,24,30,15,True,P_loss,1.3,1.0,0,3,3,253.182,253.182,0.0
21,10,24,30,15,True,D_cost,0.7,1.0,0,3,3,340.74,340.74,0.0
21,10,24,30,15,True,D_cost,0.8,1.0,0,3,3,317.54,317.54,0.0
21,10,24,30,15,True,D_cost,0.9,1.0,0,3,3,294.34,294.34,0.0
21,10,24,30,15,True,D_cost,1.1,1.0,0,3,3,247.94,247.94,0.0
21,10,24,30,15,True,D_cost,1.2,1.0,0,3,3,224.74,224.74,0.0
21,10,24,30,15,True,D_cost,1.3,1.0,0,3,3,201.54,201.54,0.0
21,10,24,30,15,True,E_prob,0.7,1.0,0,3,3,289.098,289.098,0.0
21,10,24,30,15,True,E_prob,0.8,1.0,0,3,3,283.112,283.112,0.0
21,10,24,30,15,True,E_prob,0.9,1.0,0,3,3,277.126,277.126,0.0
21,10,24,30,15,True,E_prob,1.1,1.0,0,3,3,265.154,265.154,0.0
21,10,24,30,15,True,E_prob,1.2,1.0,0,3,3,259.168,259.168,0.0
21,10,24,30,15,True,E_prob,1.3,1.0,0,3,3,253.182,253.182,0.0
22,10,24,30,15,True,C_benefit,0.7,1.0,0,4,4,90.41,90.41,0.0
22,10,24,30,15,True,C_benefit,0.8,1.0,0,4,4,153.71,153.71,0.0
22,10,24,30,15,True,C_benefit,0.9,1.0,0,4,4,217.01,217.01,0.0
22,10,24,30,15,True,C_benefit,1.1,1.0,0,4,4,343.61,343.61,0.0
22,10,24,30,15,True,C_benefit,1.2,1.0,0,4,4,406.91,406.91,0.0
22,10,24,30,15,True,C_benefit,1.3,1.0,0,4,4,470.21,470.21,0.0
22,10,24,30,15,True,P_loss,0.7,1.0,0,4,4,291.017,291.017,0.0
22,10,24,30,15,True,P_loss,0.8,1.0,0,4,4,287.448,287.448,0.0
22,10,24,30,15,True,P_loss,0.9,1.0,0,4,4,283.879,283.879,0.0
22,10,24,30,15,True,P_loss,1.1,1.0,0,4,4,276.741,276.741,0.0
22,10,24,30,15,True,P_loss,1.2,1.0,0,4,4,273.172,273.172,0.0
22,10,24,30,15,True,P_loss,1.3,1.0,0,4,4,269.603,269.603,0.0
22,10,24,30,15,True,D_cost,0.7,1.0,0,4,4,375.41,375.41,0.0
22,10,24,30,15,True,D_cost,0.8,1.0,0,4,4,343.71,343.71,0.0
22,10,24,30,15,True,D_cost,0.9,1.0,0,4,4,312.01,312.01,0.0
22,10,24,30,15,True,D_cost,1.1,1.0,0,4,4,248.61,248.61,0.0
22,10,24,30,15,True,D_cost,1.2,1.0,0,4,4,216.91,216.91,0.0
22,10,24,30,15,True,D_cost,1.3,1.0,0,4,4,185.21,185.21,0.0
22,10,24,30,15,True,E_prob,0.7,1.0,0,4,4,291.017,291.017,0.0
22,10,24,30,15,True,E_prob,0.8,1.0,0,4,4,287.448,287.448,0.0
22,10,24,30,15,True,E_prob,0.9,1.0,0,4,4,283.879,283.879,0.0
22,10,24,30,15,True,E_prob,1.1,1.0,0,4,4,276.741,276.741,0.0
22,10,24,30,15,True,E_prob,1.2,1.0,0,4,4,273.172,273.172,0.0
22,10,24,30,15,True,E_prob,1.3,1.0,0,4,4,269.603,269.603,0.0
23,10,24,30,15,True,C_benefit,0.7,1.0,0,5,5,225.06,225.06,0.0
23,10,24,30,15,True,C_benefit,0.8,1.0,0,5,5,308.16,308.16,0.0
23,10,24,30,15,True,C_benefit,0.9,1.0,0,5,5,391.26,391.26,0.0
23,10,24,30,15,True,C_benefit,1.1,0.6667,2,5,5,563.8348,557.46,0.011306
23,10,24,30,15,True,C_benefit,1.2,0.6667,2,5,5,649.4348,640.56,0.013665
23,10,24,30,15,True,C_benefit,1.3,0.6667,2,5,5,735.0348,723.66,0.015475
23,10,24,30,15,True,P_loss,0.7,0.5,3,5,4,507.999,477.252,0.060526
23,10,24,30,15,True,P_loss,0.8,1.0,0,5,5,476.288,476.288,0.0
23,10,24,30,15,True,P_loss,0.9,1.0,0,5,5,475.324,475.324,0.0
23,10,24,30,15,True,P_loss,1.1,1.0,0,5,5,473.396,473.396,0.0
23,10,24,30,15,True,P_loss,1.2,1.0,0,5,5,472.432,472.432,0.0
23,10,24,30,15,True,P_loss,1.3,1.0,0,5,5,471.468,471.468,0.0
23,10,24,30,15,True,D_cost,0.7,0.6667,2,5,5,588.6348,578.46,0.017285
23,10,24,30,15,True,D_cost,0.8,0.6667,2,5,5,551.8348,543.76,0.014633
23,10,24,30,15,True,D_cost,0.9,1.0,0,5,5,509.06,509.06,0.0
23,10,24,30,15,True,D_cost,1.1,1.0,0,5,5,439.66,439.66,0.0
23,10,24,30,15,True,D_cost,1.2,1.0,0,5,5,404.96,404.96,0.0
23,10,24,30,15,True,D_cost,1.3,1.0,0,5,5,370.26,370.26,0.0
23,10,24,30,15,True,E_prob,0.7,0.5,3,5,4,509.3332,477.252,0.062987
23,10,24,30,15,True,E_prob,0.8,1.0,0,5,5,476.288,476.288,0.0
23,10,24,30,15,True,E_prob,0.9,1.0,0,5,5,475.324,475.324,0.0
23,10,24,30,15,True,E_prob,1.1,1.0,0,5,5,473.396,473.396,0.0
23,10,24,30,15,True,E_prob,1.2,1.0,0,5,5,472.432,472.432,0.0
23,10,24,30,15,True,E_prob,1.3,1.0,0,5,5,471.468,471.468,0.0
24,10,24,30,15,True,C_benefit,0.7,0.6,2,4,4,119.75,115.15,0.038413
24,10,24,30,15,True,C_benefit,0.8,0.6,2,4,4,184.35,183.55,0.00434
24,10,24,30,15,True,C_benefit,0.9,1.0,0,4,4,251.95,251.95,0.0
24,10,24,30,15,True,C_benefit,1.1,1.0,0,4,4,388.75,388.75,0.0
24,10,24,30,15,True,C_benefit,1.2,1.0,0,4,4,457.15,457.15,0.0
24,10,24,30,15,True,C_benefit,1.3,1.0,0,4,4,525.55,525.55,0.0
24,10,24,30,15,True,P_loss,0.7,0.0,6,4,2,361.4094,328.645,0.090657
24,10,24,30,15,True,P_loss,0.8,1.0,0,4,4,325.88,325.88,0.0
24,10,24,30,15,True,P_loss,0.9,1.0,0,4,4,323.115,323.115,0.0
24,10,24,30,15,True,P_loss,1.1,1.0,0,4,4,317.585,317.585,0.0
24,10,24,30,15,True,P_loss,1.2,1.0,0,4,4,314.82,314.82,0.0
24,10,24,30,15,True,P_loss,1.3,1.0,0,4,4,312.055,312.055,0.0
24,10,24,30,15,True,D_cost,0.7,1.0,0,4,4,421.15,421.15,0.0
24,10,24,30,15,True,D_cost,0.8,1.0,0,4,4,387.55,387.55,0.0
24,10,24,30,15,True,D_cost,0.9,1.0,0,4,4,353.95,353.95,0.0
24,10,24,30,15,True,D_cost,1.1,1.0,0,4,4,286.75,286.75,0.0
24,10,24,30,15,True,D_cost,1.2,1.0,0,4,4,253.15,253.15,0.0
24,10,24,30,15,True,D_cost,1.3,1.0,0,4,4,219.55,219.55,0.0
24,10,24,30,15,True,E_prob,0.7,0.4,3,4,3,337.021,328.645,0.024853
24,10,24,30,15,True,E_prob,0.8,1.0,0,4,4,325.88,325.88,0.0
24,10,24,30,15,True,E_prob,0.9,1.0,0,4,4,323.115,323.115,0.0
24,10,24,30,15,True,E_prob,1.1,1.0,0,4,4,317.585,317.585,0.0
24,10,24,30,15,True,E_prob,1.2,1.0,0,4,4,314.82,314.82,0.0
24,10,24,30,15,True,E_prob,1.3,1.0,0,4,4,312.055,312.055,0.0
25,10,24,30,15,True,C_benefit,0.7,0.75,1,3,4,231.93,230.58,0.005821
25,10,24,30,15,True,C_benefit,0.8,1.0,0,3,3,323.88,323.88,0.0
25,10,24,30,15,True,C_benefit,0.9,1.0,0,3,3,417.18,417.18,0.0
25,10,24,30,15,True,C_benefit,1.1,1.0,0,3,3,603.78,603.78,0.0
25,10,24,30,15,True,C_benefit,1.2,1.0,0,3,3,697.08,697.08,0.0
25,10,24,30,15,True,C_benefit,1.3,0.4,3,3,4,791.4374,790.38,0.001336
25,10,24,30,15,True,P_loss,0.7,1.0,0,3,3,564.936,564.936,0.0
25,10,24,30,15,True,P_loss,0.8,1.0,0,3,3,546.784,546.784,0.0
25,10,24,30,15,True,P_loss,0.9,1.0,0,3,3,528.632,528.632,0.0
25,10,24,30,15,True,P_loss,1.1,0.75,1,3,4,492.803,492.328,0.000964
25,10,24,30,15,True,P_loss,1.2,0.75,1,3,4,481.876,474.176,0.015979
25,10,24,30,15,True,P_loss,1.3,0.75,1,3,4,470.949,456.024,0.031691
25,10,24,30,15,True,D_cost,0.7,0.4,3,3,4,595.8374,582.78,0.021914
25,10,24,30,15,True,D_cost,0.8,0.4,3,3,4,565.2374,558.68,0.011601
25,10,24,30,15,True,D_cost,0.9,0.4,3,3,4,534.6374,534.58,0.000107
25,10,24,30,15,True,D_cost,1.1,1.0,0,3,3,486.38,486.38,0.0
25,10,24,30,15,True,D_cost,1.2,1.0,0,3,3,462.28,462.28,0.0
25,10,24,30,15,True,D_cost,1.3,1.0,0,3,3,438.18,438.18,0.0
25,10,24,30,15,True,E_prob,0.7,1.0,0,3,3,564.936,564.936,0.0
25,10,24,30,15,True,E_prob,0.8,1.0,0,3,3,546.784,546.784,0.0
25,10,24,30,15,True,E_prob,0.9,1.0,0,3,3,528.632,528.632,0.0
25,10,24,30,15,True,E_prob,1.1,0.4,3,3,4,493.3506,492.328,0.002073
25,10,24,30,15,True,E_prob,1.2,0.4,3,3,4,483.2566,474.176,0.01879
25,10,24,30,15,True,E_prob,1.3,0.4,3,3,4,473.7167,456.024,0.037349
26,10,24,30,15,True,C_benefit,0.7,1.0,0,5,5,209.3,209.3,0.0
26,10,24,30,15,True,C_benefit,0.8,1.0,0,5,5,294.2,294.2,0.0
26,10,24,30,15,True,C_benefit,0.9,1.0,0,5,5,379.1,379.1,0.0
26,10,24,30,15,True,C_benefit,1.1,1.0,0,5,5,548.9,548.9,0.0
26,10,24,30,15,True,C_benefit,1.2,1.0,0,5,5,633.8,633.8,0.0
26,10,24,30,15,True,C_benefit,1.3,1.0,0,5,5,718.7,718.7,0.0
26,10,24,30,15,True,P_loss,0.7,1.0,0,5,5,464.0,464.0,0.0
26,10,24,30,15,True,P_loss,0.8,1.0,0,5,5,464.0,464.0,0.0
26,10,24,30,15,True,P_loss,0.9,1.0,0,5,5,464.0,464.0,0.0
26,10,24,30,15,True,P_loss,1.1,1.0,0,5,5,464.0,464.0,0.0
26,10,24,30,15,True,P_loss,1.2,1.0,0,5,5,464.0,464.0,0.0
26,10,24,30,15,True,P_loss,1.3,1.0,0,5,5,464.0,464.0,0.0
26,10,24,30,15,True,D_cost,0.7,1.0,0,5,5,579.5,579.5,0.0
26,10,24,30,15,True,D_cost,0.8,1.0,0,5,5,541.0,541.0,0.0
26,10,24,30,15,True,D_cost,0.9,1.0,0,5,5,502.5,502.5,0.0
26,10,24,30,15,True,D_cost,1.1,1.0,0,5,5,425.5,425.5,0.0
26,10,24,30,15,True,D_cost,1.2,1.0,0,5,5,387.0,387.0,0.0
26,10,24,30,15,True,D_cost,1.3,1.0,0,5,5,348.5,348.5,0.0
26,10,24,30,15,True,E_prob,0.7,1.0,0,5,5,464.0,464.0,0.0
26,10,24,30,15,True,E_prob,0.8,1.0,0,5,5,464.0,464.0,0.0
26,10,24,30,15,True,E_prob,0.9,1.0,0,5,5,464.0,464.0,0.0
26,10,24,30,15,True,E_prob,1.1,1.0,0,5,5,464.0,464.0,0.0
26,10,24,30,15,True,E_prob,1.2,1.0,0,5,5,464.0,464.0,0.0
26,10,24,30,15,True,E_prob,1.3,1.0,0,5,5,464.0,464.0,0.0
27,10,24,30,15,True,C_benefit,0.7,1.0,0,3,3,221.25,221.25,0.0
27,10,24,30,15,True,C_benefit,0.8,1.0,0,3,3,293.25,293.25,0.0
27,10,24,30,15,True,C_benefit,0.9,1.0,0,3,3,365.25,365.25,0.0
27,10,24,30,15,True,C_benefit,1.1,1.0,0,3,3,509.25,509.25,0.0
27,10,24,30,15,True,C_benefit,1.2,1.0,0,3,3,581.25,581.25,0.0
27,10,24,30,15,True,C_benefit,1.3,1.0,0,3,3,653.25,653.25,0.0
27,10,24,30,15,True,P_loss,0.7,0.6667,1,3,2,448.2975,447.375,0.002058
27,10,24,30,15,True,P_loss,0.8,1.0,0,3,3,444.0,444.0,0.0
27,10,24,30,15,True,P_loss,0.9,1.0,0,3,3,440.625,440.625,0.0
27,10,24,30,15,True,P_loss,1.1,1.0,0,3,3,433.875,433.875,0.0
27,10,24,30,15,True,P_loss,1.2,1.0,0,3,3,430.5,430.5,0.0
27,10,24,30,15,True,P_loss,1.3,1.0,0,3,3,427.125,427.125,0.0
27,10,24,30,15,True,D_cost,0.7,1.0,0,3,3,511.95,511.95,0.0
27,10,24,30,15,True,D_cost,0.8,1.0,0,3,3,487.05,487.05,0.0
27,10,24,30,15,True,D_cost,0.9,1.0,0,3,3,462.15,462.15,0.0
27,10,24,30,15,True,D_cost,1.1,1.0,0,3,3,412.35,412.35,0.0
27,10,24,30,15,True,D_cost,1.2,1.0,0,3,3,387.45,387.45,0.0
27,10,24,30,15,True,D_cost,1.3,1.0,0,3,3,362.55,362.55,0.0
27,10,24,30,15,True,E_prob,0.7,1.0,0,3,3,447.375,447.375,0.0
27,10,24,30,15,True,E_prob,0.8,1.0,0,3,3,444.0,444.0,0.0
27,10,24,30,15,True,E_prob,0.9,1.0,0,3,3,440.625,440.625,0.0
27,10,24,30,15,True,E_prob,1.1,1.0,0,3,3,433.875,433.875,0.0
27,10,24,30,15,True,E_prob,1.2,1.0,0,3,3,430.5,430.5,0.0
27,10,24,30,15,True,E_prob,1.3,1.0,0,3,3,427.125,427.125,0.0
28,10,24,30,15,True,C_benefit,0.7,0.25,3,2,3,101.025,124.795,-0.235288
28,10,24,30,15,True,C_benefit,0.8,1.0,0,2,2,190.695,190.695,0.0
28,10,24,30,15,True,C_benefit,0.9,1.0,0,2,2,256.595,256.595,0.0
28,10,24,30,15,True,C_benefit,1.1,1.0,0,2,2,388.395,388.395,0.0
28,10,24,30,15,True,C_benefit,1.2,1.0,0,2,2,454.295,454.295,0.0
28,10,24,30,15,True,C_benefit,1.3,1.0,0,2,2,520.195,520.195,0.0
28,10,24,30,15,True,P_loss,0.7,1.0,0,2,2,368.2465,368.2465,0.0
28,10,24,30,15,True,P_loss,0.8,1.0,0,2,2,352.996,352.996,0.0
28,10,24,30,15,True,P_loss,0.9,1.0,0,2,2,337.7455,337.7455,0.0
28,10,24,30,15,True,P_loss,1.1,1.0,0,2,2,307.2445,307.2445,0.0
28,10,24,30,15,True,P_loss,1.2,0.6667,1,2,3,295.994,291.994,0.013514
28,10,24,30,15,True,P_loss,1.3,0.25,3,2,3,251.0325,276.7435,-0.102421
28,10,24,30,15,True,D_cost,0.7,0.6667,1,2,3,387.895,377.695,0.026296
28,10,24,30,15,True,D_cost,0.8,0.6667,1,2,3,362.095,359.295,0.007733
28,10,24,30,15,True,D_cost,0.9,1.0,0,2,2,340.895,340.895,0.0
28,10,24,30,15,True,D_cost,1.1,1.0,0,2,2,304.095,304.095,0.0
28,10,24,30,15,True,D_cost,1.2,1.0,0,2,2,285.695,285.695,0.0
28,10,24,30,15,True,D_cost,1.3,1.0,0,2,2,267.295,267.295,0.0
28,10,24,30,15,True,E_prob,0.7,1.0,0,2,2,369.8346,369.8346,0.0
28,10,24,30,15,True,E_prob,0.8,1.0,0,2,2,354.2016,354.2016,0.0
28,10,24,30,15,True,E_prob,0.9,1.0,0,2,2,338.4212,338.4212,0.0
28,10,24,30,15,True,E_prob,1.1,1.0,0,2,2,306.4247,306.4247,0.0
28,10,24,30,15,True,E_prob,1.2,0.6667,1,2,3,294.212,290.212,0.013596
28,10,24,30,15,True,E_prob,1.3,0.25,3,2,3,250.2067,273.8585,-0.094529
29,10,24,30,15,True,C_benefit,0.7,1.0,0,4,4,104.9,104.9,0.0
29,10,24,30,15,True,C_benefit,0.8,1.0,0,4,4,160.8,160.8,0.0
29,10,24,30,15,True,C_benefit,0.9,1.0,0,4,4,216.7,216.7,0.0
29,10,24,30,15,True,C_benefit,1.1,1.0,0,4,4,328.5,328.5,0.0
29,10,24,30,15,True,C_benefit,1.2,1.0,0,4,4,384.4,384.4,0.0
29,10,24,30,15,True,C_benefit,1.3,1.0,0,4,4,440.3,440.3,0.0
29,10,24,30,15,True,P_loss,0.7,1.0,0,4,4,282.32,282.32,0.0
29,10,24,30,15,True,P_loss,0.8,1.0,0,4,4,279.08,279.08,0.0
29,10,24,30,15,True,P_loss,0.9,1.0,0,4,4,275.84,275.84,0.0
29,10,24,30,15,True,P_loss,1.1,1.0,0,4,4,269.36,269.36,0.0
29,10,24,30,15,True,P_loss,1.2,1.0,0,4,4,266.12,266.12,0.0
29,10,24,30,15,True,P_loss,1.3,1.0,0,4,4,262.88,262.88,0.0
29,10,24,30,15,True,D_cost,0.7,1.0,0,4,4,348.8,348.8,0.0
29,10,24,30,15,True,D_cost,0.8,1.0,0,4,4,323.4,323.4,0.0
29,10,24,30,15,True,D_cost,0.9,1.0,0,4,4,298.0,298.0,0.0
29,10,24,30,15,True,D_cost,1.1,1.0,0,4,4,247.2,247.2,0.0
29,10,24,30,15,True,D_cost,1.2,1.0,0,4,4,221.8,221.8,0.0
29,10,24,30,15,True,D_cost,1.3,1.0,0,4,4,196.4,196.4,0.0
29,10,24,30,15,True,E_prob,0.7,1.0,0,4,4,282.32,282.32,0.0
29,10,24,30,15,True,E_prob,0.8,1.0,0,4,4,279.08,279.08,0.0
29,10,24,30,15,True,E_prob,0.9,1.0,0,4,4,275.84,275.84,0.0
29,10,24,30,15,True,E_prob,1.1,1.0,0,4,4,269.36,269.36,0.0
29,10,24,30,15,True,E_prob,1.2,1.0,0,4,4,266.12,266.12,0.0
29,10,24,30,15,True,E_prob,1.3,1.0,0,4,4,262.88,262.88,0.0
30,10,24,30,15,True,C_benefit,0.7,0.8,1,4,5,105.9,83.28,0.213598
30,10,24,30,15,True,C_benefit,0.8,0.8,1,4,5,182.1,167.18,0.081933
30,10,24,30,15,True,C_benefit,0.9,0.8,1,4,5,258.3,251.08,0.027952
30,10,24,30,15,True,C_benefit,1.1,1.0,0,4,4,418.88,418.88,0.0
30,10,24,30,15,True,C_benefit,1.2,1.0,0,4,4,502.78,502.78,0.0
30,10,24,30,15,True,C_benefit,1.3,1.0,0,4,4,586.68,586.68,0.0
30,10,24,30,15,True,P_loss,0.7,0.5,2,4,2,406.937,382.086,0.061068
30,10,24,30,15,True,P_loss,0.8,1.0,0,4,4,366.384,366.384,0.0
30,10,24,30,15,True,P_loss,0.9,1.0,0,4,4,350.682,350.682,0.0
30,10,24,30,15,True,P_loss,1.1,0.8,1,4,5,332.25,319.278,0.039043
30,10,24,30,15,True,P_loss,1.2,0.8,1,4,5,330.0,303.576,0.080073
30,10,24,30,15,True,P_loss,1.3,0.8,1,4,5,327.75,287.874,0.121666
30,10,24,30,15,True,D_cost,0.7,0.8,1,4,5,456.0,439.08,0.037105
30,10,24,30,15,True,D_cost,0.8,0.8,1,4,5,415.5,404.38,0.026763
30,10,24,30,15,True,D_cost,0.9,0.8,1,4,5,375.0,369.68,0.014187
30,10,24,30,15,True,D_cost,1.1,1.0,0,4,4,300.28,300.28,0.0
30,10,24,30,15,True,D_cost,1.2,1.0,0,4,4,265.58,265.58,0.0
30,10,24,30,15,True,D_cost,1.3,1.0,0,4,4,230.88,230.88,0.0
30,10,24,30,15,True,E_prob,0.7,0.75,1,4,3,403.5799,382.086,0.053258
30,10,24,30,15,True,E_prob,0.8,1.0,0,4,4,366.384,366.384,0.0
30,10,24,30,15,True,E_prob,0.9,1.0,0,4,4,350.682,350.682,0.0
30,10,24,30,15,True,E_prob,1.1,0.8,1,4,5,332.25,319.278,0.039043
30,10,24,30,15,True,E_prob,1.2,0.8,1,4,5,330.0,303.576,0.080073
30,10,24,30,15,True,E_prob,1.3,0.8,1,4,5,327.75,287.874,0.121666
31,10,24,30,15,True,C_benefit,0.7,1.0,0,4,4,92.0,92.0,0.0
31,10,24,30,15,True,C_benefit,0.8,1.0,0,4,4,163.8,163.8,0.0
31,10,24,30,15,True,C_benefit,0.9,1.0,0,4,4,235.6,235.6,0.0
31,10,24,30,15,True,C_benefit,1.1,1.0,0,4,4,379.2,379.2,0.0
31,10,24,30,15,True,C_benefit,1.2,0.4,3,4,3,451.35,451.0,0.000775
31,10,24,30,15,True,C_benefit,1.3,0.4,3,4,3,530.25,522.8,0.01405
31,10,24,30,15,True,P_loss,0.7,0.4,3,4,3,368.685,338.48,0.081926
31,10,24,30,15,True,P_loss,0.8,0.4,3,4,3,343.64,328.12,0.045164
31,10,24,30,15,True,P_loss,0.9,0.4,3,4,3,318.595,317.76,0.002621
31,10,24,30,15,True,P_loss,1.1,1.0,0,4,4,297.04,297.04,0.0
31,10,24,30,15,True,P_loss,1.2,1.0,0,4,4,286.68,286.68,0.0
31,10,24,30,15,True,P_loss,1.3,1.0,0,4,4,276.32,276.32,0.0
31,10,24,30,15,True,D_cost,0.7,1.0,0,4,4,399.5,399.5,0.0
31,10,24,30,15,True,D_cost,0.8,1.0,0,4,4,368.8,368.8,0.0
31,10,24,30,15,True,D_cost,0.9,1.0,0,4,4,338.1,338.1,0.0
31,10,24,30,15,True,D_cost,1.1,1.0,0,4,4,276.7,276.7,0.0
31,10,24,30,15,True,D_cost,1.2,1.0,0,4,4,246.0,246.0,0.0
31,10,24,30,15,True,D_cost,1.3,0.4,3,4,3,220.05,215.3,0.021586
31,10,24,30,15,True,E_prob,0.7,0.4,3,4,3,358.689,328.484,0.084209
31,10,24,30,15,True,E_prob,0.8,0.4,3,4,3,336.024,320.504,0.046187
31,10,24,30,15,True,E_prob,0.9,0.4,3,4,3,314.311,313.476,0.002657
31,10,24,30,15,True,E_prob,1.1,1.0,0,4,4,302.276,302.276,0.0
31,10,24,30,15,True,E_prob,1.2,1.0,0,4,4,299.0448,299.0448,0.0
31,10,24,30,15,True,E_prob,1.3,1.0,0,4,4,299.0392,299.0392,0.0
32,10,24,30,15,True,C_benefit,0.7,1.0,0,4,4,-26.8,-26.8,0.0
32,10,24,30,15,True,C_benefit,0.8,1.0,0,4,4,20.8,20.8,0.0
32,10,24,30,15,True,C_benefit,0.9,1.0,0,4,4,68.4,68.4,0.0
32,10,24,30,15,True,C_benefit,1.1,1.0,0,4,4,163.6,163.6,0.0
32,10,24,30,15,True,C_benefit,1.2,1.0,0,4,4,211.2,211.2,0.0
32,10,24,30,15,True,C_benefit,1.3,1.0,0,4,4,258.8,258.8,0.0
32,10,24,30,15,True,P_loss,0.7,0.1667,5,4,3,136.764,132.2,0.033371
32,10,24,30,15,True,P_loss,0.8,1.0,0,4,4,126.8,126.8,0.0
32,10,24,30,15,True,P_loss,0.9,1.0,0,4,4,121.4,121.4,0.0
32,10,24,30,15,True,P_loss,1.1,1.0,0,4,4,110.6,110.6,0.0
32,10,24,30,15,True,P_loss,1.2,1.0,0,4,4,105.2,105.2,0.0
32,10,24,30,15,True,P_loss,1.3,1.0,0,4,4,99.8,99.8,0.0
32,10,24,30,15,True,D_cost,0.7,1.0,0,4,4,207.8,207.8,0.0
32,10,24,30,15,True,D_cost,0.8,1.0,0,4,4,177.2,177.2,0.0
32,10,24,30,15,True,D_cost,0.9,1.0,0,4,4,146.6,146.6,0.0
32,10,24,30,15,True,D_cost,1.1,1.0,0,4,4,85.4,85.4,0.0
32,10,24,30,15,True,D_cost,1.2,1.0,0,4,4,54.8,54.8,0.0
32,10,24,30,15,True,D_cost,1.3,1.0,0,4,4,24.2,24.2,0.0
32,10,24,30,15,True,E_prob,0.7,1.0,0,4,4,132.2,132.2,0.0
32,10,24,30,15,True,E_prob,0.8,1.0,0,4,4,126.8,126.8,0.0
32,10,24,30,15,True,E_prob,0.9,1.0,0,4,4,121.4,121.4,0.0
32,10,24,30,15,True,E_prob,1.1,1.0,0,4,4,110.6,110.6,0.0
32,10,24,30,15,True,E_prob,1.2,1.0,0,4,4,105.2,105.2,0.0
32,10,24,30,15,True,E_prob,1.3,1.0,0,4,4,99.8,99.8,0.0
33,10,24,30,15,True,C_benefit,0.7,1.0,0,3,3,246.15,246.15,0.0
33,10,24,30,15,True,C_benefit,0.8,1.0,0,3,3,316.15,316.15,0.0
33,10,24,30,15,True,C_benefit,0.9,1.0,0,3,3,386.15,386.15,0.0
33,10,24,30,15,True,C_benefit,1.1,1.0,0,3,3,526.15,526.15,0.0
33,10,24,30,15,True,C_benefit,1.2,1.0,0,3,3,596.15,596.15,0.0
33,10,24,30,15,True,C_benefit,1.3,1.0,0,3,3,666.15,666.15,0.0
33,10,24,30,15,True,P_loss,0.7,0.6667,1,3,2,490.6935,465.405,0.051536
33,10,24,30,15,True,P_loss,0.8,0.6667,1,3,2,471.364,462.32,0.019187
33,10,24,30,15,True,P_loss,0.9,1.0,0,3,3,459.235,459.235,0.0
33,10,24,30,15,True,P_loss,1.1,1.0,0,3,3,453.065,453.065,0.0
33,10,24,30,15,True,P_loss,1.2,1.0,0,3,3,449.98,449.98,0.0
33,10,24,30,15,True,P_loss,1.3,1.0,0,3,3,446.895,446.895,0.0
33,10,24,30,15,True,D_cost,0.7,1.0,0,3,3,520.05,520.05,0.0
33,10,24,30,15,True,D_cost,0.8,1.0,0,3,3,498.75,498.75,0.0
33,10,24,30,15,True,D_cost,0.9,1.0,0,3,3,477.45,477.45,0.0
33,10,24,30,15,True,D_cost,1.1,1.0,0,3,3,434.85,434.85,0.0
33,10,24,30,15,True,D_cost,1.2,1.0,0,3,3,413.55,413.55,0.0
33,10,24,30,15,True,D_cost,1.3,0.6667,1,3,2,393.105,392.25,0.002175
33,10,24,30,15,True,E_prob,0.7,0.6667,1,3,2,490.1716,465.405,0.050526
33,10,24,30,15,True,E_prob,0.8,0.6667,1,3,2,470.9664,462.32,0.018359
33,10,24,30,15,True,E_prob,0.9,1.0,0,3,3,459.235,459.235,0.0
33,10,24,30,15,True,E_prob,1.1,1.0,0,3,3,453.065,453.065,0.0
33,10,24,30,15,True,E_prob,1.2,1.0,0,3,3,449.98,449.98,0.0
33,10,24,30,15,True,E_prob,1.3,1.0,0,3,3,446.895,446.895,0.0
34,10,24,30,15,True,C_benefit,0.7,1.0,0,3,3,207.7,207.7,0.0
34,10,24,30,15,True,C_benefit,0.8,1.0,0,3,3,270.8,270.8,0.0
34,10,24,30,15,True,C_benefit,0.9,1.0,0,3,3,333.9,333.9,0.0
34,10,24,30,15,True,C_benefit,1.1,1.0,0,3,3,460.1,460.1,0.0
34,10,24,30,15,True,C_benefit,1.2,1.0,0,3,3,523.2,523.2,0.0
34,10,24,30,15,True,C_benefit,1.3,1.0,0,3,3,586.3,586.3,0.0
34,10,24,30,15,True,P_loss,0.7,1.0,0,3,3,397.0,397.0,0.0
34,10,24,30,15,True,P_loss,0.8,1.0,0,3,3,397.0,397.0,0.0
34,10,24,30,15,True,P_loss,0.9,1.0,0,3,3,397.0,397.0,0.0
34,10,24,30,15,True,P_loss,1.1,1.0,0,3,3,397.0,397.0,0.0
34,10,24,30,15,True,P_loss,1.2,1.0,0,3,3,397.0,397.0,0.0
34,10,24,30,15,True,P_loss,1.3,1.0,0,3,3,397.0,397.0,0.0
34,10,24,30,15,True,D_cost,0.7,1.0,0,3,3,467.2,467.2,0.0
34,10,24,30,15,True,D_cost,0.8,1.0,0,3,3,443.8,443.8,0.0
34,10,24,30,15,True,D_cost,0.9,1.0,0,3,3,420.4,420.4,0.0
34,10,24,30,15,True,D_cost,1.1,1.0,0,3,3,373.6,373.6,0.0
34,10,24,30,15,True,D_cost,1.2,1.0,0,3,3,350.2,350.2,0.0
34,10,24,30,15,True,D_cost,1.3,1.0,0,3,3,326.8,326.8,0.0
34,10,24,30,15,True,E_prob,0.7,1.0,0,3,3,397.0,397.0,0.0
34,10,24,30,15,True,E_prob,0.8,1.0,0,3,3,397.0,397.0,0.0
34,10,24,30,15,True,E_prob,0.9,1.0,0,3,3,397.0,397.0,0.0
34,10,24,30,15,True,E_prob,1.1,1.0,0,3,3,397.0,397.0,0.0
34,10,24,30,15,True,E_prob,1.2,1.0,0,3,3,397.0,397.0,0.0
34,10,24,30,15,True,E_prob,1.3,1.0,0,3,3,397.0,397.0,0.0
35,10,24,30,15,True,C_benefit,0.7,1.0,0,4,4,98.2,98.2,0.0
35,10,24,30,15,True,C_benefit,0.8,1.0,0,4,4,162.4,162.4,0.0
35,10,24,30,15,True,C_benefit,0.9,1.0,0,4,4,226.6,226.6,0.0
35,10,24,30,15,True,C_benefit,1.1,0.75,1,4,3,358.45,355.0,0.009625
35,10,24,30,15,True,C_benefit,1.2,0.75,1,4,3,428.85,419.2,0.022502
35,10,24,30,15,True,C_benefit,1.3,0.75,1,4,3,499.25,483.4,0.031748
35,10,24,30,15,True,P_loss,0.7,0.75,1,4,3,339.935,303.76,0.106417
35,10,24,30,15,True,P_loss,0.8,0.75,1,4,3,322.64,299.44,0.071907
35,10,24,30,15,True,P_loss,0.9,0.75,1,4,3,305.345,295.12,0.033487
35,10,24,30,15,True,P_loss,1.1,1.0,0,4,4,286.48,286.48,0.0
35,10,24,30,15,True,P_loss,1.2,1.0,0,4,4,282.16,282.16,0.0
35,10,24,30,15,True,P_loss,1.3,1.0,0,4,4,277.84,277.84,0.0
35,10,24,30,15,True,D_cost,0.7,1.0,0,4,4,383.2,383.2,0.0
35,10,24,30,15,True,D_cost,0.8,1.0,0,4,4,352.4,352.4,0.0
35,10,24,30,15,True,D_cost,0.9,1.0,0,4,4,321.6,321.6,0.0
35,10,24,30,15,True,D_cost,1.1,0.75,1,4,3,263.75,260.0,0.014218
35,10,24,30,15,True,D_cost,1.2,0.75,1,4,3,239.45,229.2,0.042806
35,10,24,30,15,True,D_cost,1.3,0.75,1,4,3,215.15,198.4,0.077853
35,10,24,30,15,True,E_prob,0.7,0.75,1,4,3,339.935,303.76,0.106417
35,10,24,30,15,True,E_prob,0.8,0.75,1,4,3,322.64,299.44,0.071907
35,10,24,30,15,True,E_prob,0.9,0.75,1,4,3,305.345,295.12,0.033487
35,10,24,30,15,True,E_prob,1.1,1.0,0,4,4,286.48,286.48,0.0
35,10,24,30,15,True,E_prob,1.2,1.0,0,4,4,282.16,282.16,0.0
35,10,24,30,15,True,E_prob,1.3,1.0,0,4,4,277.84,277.84,0.0
36,10,24,30,15,True,C_benefit,0.7,1.0,0,4,4,-6.3,-6.3,0.0
36,10,24,30,15,True,C_benefit,0.8,1.0,0,4,4,55.0,55.0,0.0
36,10,24,30,15,True,C_benefit,0.9,1.0,0,4,4,116.3,116.3,0.0
36,10,24,30,15,True,C_benefit,1.1,1.0,0,4,4,238.9,238.9,0.0
36,10,24,30,15,True,C_benefit,1.2,1.0,0,4,4,300.2,300.2,0.0
36,10,24,30,15,True,C_benefit,1.3,1.0,0,4,4,361.5,361.5,0.0
36,10,24,30,15,True,P_loss,0.7,0.5,2,4,2,240.802,195.12,0.189708
36,10,24,30,15,True,P_loss,0.8,0.5,2,4,2,201.7738,189.28,0.06192
36,10,24,30,15,True,P_loss,0.9,1.0,0,4,4,183.44,183.44,0.0
36,10,24,30,15,True,P_loss,1.1,1.0,0,4,4,171.76,171.76,0.0
36,10,24,30,15,True,P_loss,1.2,1.0,0,4,4,165.92,165.92,0.0
36,10,24,30,15,True,P_loss,1.3,1.0,0,4,4,160.08,160.08,0.0
36,10,24,30,15,True,D_cost,0.7,1.0,0,4,4,290.7,290.7,0.0
36,10,24,30,15,True,D_cost,0.8,1.0,0,4,4,253.0,253.0,0.0
36,10,24,30,15,True,D_cost,0.9,1.0,0,4,4,215.3,215.3,0.0
36,10,24,30,15,True,D_cost,1.1,1.0,0,4,4,139.9,139.9,0.0
36,10,24,30,15,True,D_cost,1.2,1.0,0,4,4,102.2,102.2,0.0
36,10,24,30,15,True,D_cost,1.3,0.5,2,4,2,66.4172,64.5,0.028866
36,10,24,30,15,True,E_prob,0.7,0.5,2,4,2,201.5723,195.12,0.03201
36,10,24,30,15,True,E_prob,0.8,1.0,0,4,4,189.28,189.28,0.0
36,10,24,30,15,True,E_prob,0.9,1.0,0,4,4,183.44,183.44,0.0
36,10,24,30,15,True,E_prob,1.1,1.0,0,4,4,171.76,171.76,0.0
36,10,24,30,15,True,E_prob,1.2,1.0,0,4,4,165.92,165.92,0.0
36,10,24,30,15,True,E_prob,1.3,1.0,0,4,4,160.08,160.08,0.0
37,10,24,30,15,True,C_benefit,0.7,1.0,0,3,3,272.5,272.5,0.0
37,10,24,30,15,True,C_benefit,0.8,1.0,0,3,3,341.6,341.6,0.0
37,10,24,30,15,True,C_benefit,0.9,1.0,0,3,3,410.7,410.7,0.0
37,10,24,30,15,True,C_benefit,1.1,1.0,0,3,3,548.9,548.9,0.0
37,10,24,30,15,True,C_benefit,1.2,1.0,0,3,3,618.0,618.0,0.0
37,10,24,30,15,True,C_benefit,1.3,1.0,0,3,3,687.1,687.1,0.0
37,10,24,30,15,True,P_loss,0.7,1.0,0,3,3,490.66,490.66,0.0
37,10,24,30,15,True,P_loss,0.8,1.0,0,3,3,487.04,487.04,0.0
37,10,24,30,15,True,P_loss,0.9,1.0,0,3,3,483.42,483.42,0.0
37,10,24,30,15,True,P_loss,1.1,1.0,0,3,3,476.18,476.18,0.0
37,10,24,30,15,True,P_loss,1.2,1.0,0,3,3,472.56,472.56,0.0
37,10,24,30,15,True,P_loss,1.3,1.0,0,3,3,468.94,468.94,0.0
37,10,24,30,15,True,D_cost,0.7,1.0,0,3,3,532.3,532.3,0.0
37,10,24,30,15,True,D_cost,0.8,1.0,0,3,3,514.8,514.8,0.0
37,10,24,30,15,True,D_cost,0.9,1.0,0,3,3,497.3,497.3,0.0
37,10,24,30,15,True,D_cost,1.1,1.0,0,3,3,462.3,462.3,0.0
37,10,24,30,15,True,D_cost,1.2,1.0,0,3,3,444.8,444.8,0.0
37,10,24,30,15,True,D_cost,1.3,1.0,0,3,3,427.3,427.3,0.0
37,10,24,30,15,True,E_prob,0.7,1.0,0,3,3,490.66,490.66,0.0
37,10,24,30,15,True,E_prob,0.8,1.0,0,3,3,487.04,487.04,0.0
37,10,24,30,15,True,E_prob,0.9,1.0,0,3,3,483.42,483.42,0.0
37,10,24,30,15,True,E_prob,1.1,1.0,0,3,3,476.18,476.18,0.0
37,10,24,30,15,True,E_prob,1.2,1.0,0,3,3,472.56,472.56,0.0
37,10,24,30,15,True,E_prob,1.3,1.0,0,3,3,468.94,468.94,0.0
38,10,24,30,15,True,C_benefit,0.7,0.8333,1,5,6,-39.6,-53.5,0.35101
38,10,24,30,15,True,C_benefit,0.8,0.8333,1,5,6,19.6,12.5,0.362245
38,10,24,30,15,True,C_benefit,0.9,0.8333,1,5,6,78.8,78.5,0.003807
38,10,24,30,15,True,C_benefit,1.1,0.125,7,5,4,212.675,210.5,0.010227
38,10,24,30,15,True,C_benefit,1.2,0.125,7,5,4,285.175,276.5,0.03042
38,10,24,30,15,True,C_benefit,1.3,0.125,7,5,4,357.675,342.5,0.042427
38,10,24,30,15,True,P_loss,0.7,0.125,7,5,4,210.6225,182.15,0.135183
38,10,24,30,15,True,P_loss,0.8,0.125,7,5,4,187.14,169.6,0.093727
38,10,24,30,15,True,P_loss,0.9,0.125,7,5,4,163.6575,157.05,0.040374
38,10,24,30,15,True,P_loss,1.1,0.8333,1,5,6,138.0,131.95,0.043841
38,10,24,30,15,True,P_loss,1.2,0.8333,1,5,6,138.0,119.4,0.134783
38,10,24,30,15,True,P_loss,1.3,0.8333,1,5,6,138.0,106.85,0.225725
38,10,24,30,15,True,D_cost,0.7,0.8333,1,5,6,274.2,261.5,0.046317
38,10,24,30,15,True,D_cost,0.8,0.8333,1,5,6,228.8,222.5,0.027535
38,10,24,30,15,True,D_cost,0.9,1.0,0,5,5,183.5,183.5,0.0
38,10,24,30,15,True,D_cost,1.1,1.0,0,5,5,105.5,105.5,0.0
38,10,24,30,15,True,D_cost,1.2,0.125,7,5,4,70.175,66.5,0.052369
38,10,24,30,15,True,D_cost,1.3,0.125,7,5,4,35.175,27.5,0.218195
38,10,24,30,15,True,E_prob,0.7,0.2857,5,5,4,219.2251,182.15,0.169119
38,10,24,30,15,True,E_prob,0.8,0.125,7,5,4,180.112,169.6,0.058364
38,10,24,30,15,True,E_prob,0.9,0.125,7,5,4,159.7043,157.05,0.01662
38,10,24,30,15,True,E_prob,1.1,0.8333,1,5,6,138.0,131.95,0.043841
38,10,24,30,15,True,E_prob,1.2,0.8333,1,5,6,138.0,119.4,0.134783
38,10,24,30,15,True,E_prob,1.3,0.8333,1,5,6,138.0,106.85,0.225725
39,10,24,30,15,True,C_benefit,0.7,1.0,0,3,3,164.54,164.54,0.0
39,10,24,30,15,True,C_benefit,0.8,1.0,0,3,3,236.84,236.84,0.0
39,10,24,30,15,True,C_benefit,0.9,1.0,0,3,3,309.14,309.14,0.0
39,10,24,30,15,True,C_benefit,1.1,1.0,0,3,3,453.74,453.74,0.0
39,10,24,30,15,True,C_benefit,1.2,1.0,0,3,3,526.04,526.04,0.0
39,10,24,30,15,True,C_benefit,1.3,1.0,0,3,3,598.34,598.34,0.0
39,10,24,30,15,True,P_loss,0.7,1.0,0,3,3,414.908,414.908,0.0
39,10,24,30,15,True,P_loss,0.8,1.0,0,3,3,403.752,403.752,0.0
39,10,24,30,15,True,P_loss,0.9,1.0,0,3,3,392.596,392.596,0.0
39,10,24,30,15,True,P_loss,1.1,1.0,0,3,3,370.284,370.284,0.0
39,10,24,30,15,True,P_loss,1.2,1.0,0,3,3,359.128,359.128,0.0
39,10,24,30,15,True,P_loss,1.3,1.0,0,3,3,347.972,347.972,0.0
39,10,24,30,15,True,D_cost,0.7,1.0,0,3,3,450.44,450.44,0.0
39,10,24,30,15,True,D_cost,0.8,1.0,0,3,3,427.44,427.44,0.0
39,10,24,30,15,True,D_cost,0.9,1.0,0,3,3,404.44,404.44,0.0
39,10,24,30,15,True,D_cost,1.1,1.0,0,3,3,358.44,358.44,0.0
39,10,24,30,15,True,D_cost,1.2,1.0,0,3,3,335.44,335.44,0.0
39,10,24,30,15,True,D_cost,1.3,1.0,0,3,3,312.44,312.44,0.0
39,10,24,30,15,True,E_prob,0.7,1.0,0,3,3,414.908,414.908,0.0
39,10,24,30,15,True,E_prob,0.8,1.0,0,3,3,403.752,403.752,0.0
39,10,24,30,15,True,E_prob,0.9,1.0,0,3,3,392.596,392.596,0.0
39,10,24,30,15,True,E_prob,1.1,1.0,0,3,3,370.284,370.284,0.0
39,10,24,30,15,True,E_prob,1.2,1.0,0,3,3,359.128,359.128,0.0
39,10,24,30,15,True,E_prob,1.3,1.0,0,3,3,347.972,347.972,0.0
40,10,24,30,15,True,C_benefit,0.7,0.3333,4,4,4,32.2,30.74,0.045342
40,10,24,30,15,True,C_benefit,0.8,1.0,0,4,4,79.44,79.44,0.0
40,10,24,30,15,True,C_benefit,0.9,1.0,0,4,4,128.14,128.14,0.0
40,10,24,30,15,True,C_benefit,1.1,1.0,0,4,4,225.54,225.54,0.0
40,10,24,30,15,True,C_benefit,1.2,1.0,0,4,4,274.24,274.24,0.0
40,10,24,30,15,True,C_benefit,1.3,1.0,0,4,4,322.94,322.94,0.0
40,10,24,30,15,True,P_loss,0.7,1.0,0,4,4,180.488,180.488,0.0
40,10,24,30,15,True,P_loss,0.8,1.0,0,4,4,179.272,179.272,0.0
40,10,24,30,15,True,P_loss,0.9,1.0,0,4,4,178.056,178.056,0.0
40,10,24,30,15,True,P_loss,1.1,1.0,0,4,4,175.624,175.624,0.0
40,10,24,30,15,True,P_loss,1.2,1.0,0,4,4,174.408,174.408,0.0
40,10,24,30,15,True,P_loss,1.3,1.0,0,4,4,173.192,173.192,0.0
40,10,24,30,15,True,D_cost,0.7,1.0,0,4,4,266.24,266.24,0.0
40,10,24,30,15,True,D_cost,0.8,1.0,0,4,4,236.44,236.44,0.0
40,10,24,30,15,True,D_cost,0.9,1.0,0,4,4,206.64,206.64,0.0
40,10,24,30,15,True,D_cost,1.1,1.0,0,4,4,147.04,147.04,0.0
40,10,24,30,15,True,D_cost,1.2,1.0,0,4,4,117.24,117.24,0.0
40,10,24,30,15,True,D_cost,1.3,1.0,0,4,4,87.44,87.44,0.0
40,10,24,30,15,True,E_prob,0.7,1.0,0,4,4,180.488,180.488,0.0
40,10,24,30,15,True,E_prob,0.8,1.0,0,4,4,179.272,179.272,0.0
40,10,24,30,15,True,E_prob,0.9,1.0,0,4,4,178.056,178.056,0.0
40,10,24,30,15,True,E_prob,1.1,1.0,0,4,4,175.624,175.624,0.0
40,10,24,30,15,True,E_prob,1.2,1.0,0,4,4,174.408,174.408,0.0
40,10,24,30,15,True,E_prob,1.3,1.0,0,4,4,173.192,173.192,0.0
41,10,24,30,15,True,C_benefit,0.7,1.0,0,4,4,45.4,45.4,0.0
41,10,24,30,15,True,C_benefit,0.8,1.0,0,4,4,83.6,83.6,0.0
41,10,24,30,15,True,C_benefit,0.9,1.0,0,4,4,121.8,121.8,0.0
41,10,24,30,15,True,C_benefit,1.1,1.0,0,4,4,198.2,198.2,0.0
41,10,24,30,15,True,C_benefit,1.2,1.0,0,4,4,236.4,236.4,0.0
41,10,24,30,15,True,C_benefit,1.3,1.0,0,4,4,274.6,274.6,0.0
41,10,24,30,15,True,P_loss,0.7,0.75,1,4,3,173.73,160.0,0.079031
41,10,24,30,15,True,P_loss,0.8,1.0,0,4,4,160.0,160.0,0.0
41,10,24,30,15,True,P_loss,0.9,1.0,0,4,4,160.0,160.0,0.0
41,10,24,30,15,True,P_loss,1.1,1.0,0,4,4,160.0,160.0,0.0
41,10,24,30,15,True,P_loss,1.2,1.0,0,4,4,160.0,160.0,0.0
41,10,24,30,15,True,P_loss,1.3,1.0,0,4,4,160.0,160.0,0.0
41,10,24,30,15,True,D_cost,0.7,1.0,0,4,4,226.6,226.6,0.0
41,10,24,30,15,True,D_cost,0.8,1.0,0,4,4,204.4,204.4,0.0
41,10,24,30,15,True,D_cost,0.9,1.0,0,4,4,182.2,182.2,0.0
41,10,24,30,15,True,D_cost,1.1,1.0,0,4,4,137.8,137.8,0.0
41,10,24,30,15,True,D_cost,1.2,1.0,0,4,4,115.6,115.6,0.0
41,10,24,30,15,True,D_cost,1.3,1.0,0,4,4,93.4,93.4,0.0
41,10,24,30,15,True,E_prob,0.7,0.75,1,4,3,173.73,160.0,0.079031
41,10,24,30,15,True,E_prob,0.8,1.0,0,4,4,160.0,160.0,0.0
41,10,24,30,15,True,E_prob,0.9,1.0,0,4,4,160.0,160.0,0.0
41,10,24,30,15,True,E_prob,1.1,1.0,0,4,4,160.0,160.0,0.0
41,10,24,30,15,True,E_prob,1.2,1.0,0,4,4,160.0,160.0,0.0
41,10,24,30,15,True,E_prob,1.3,1.0,0,4,4,160.0,160.0,0.0
42,10,24,30,15,True,C_benefit,0.7,1.0,0,3,3,173.497,173.497,0.0
42,10,24,30,15,True,C_benefit,0.8,1.0,0,3,3,245.597,245.597,0.0
42,10,24,30,15,True,C_benefit,0.9,1.0,0,3,3,317.697,317.697,0.0
42,10,24,30,15,True,C_benefit,1.1,1.0,0,3,3,461.897,461.897,0.0
42,10,24,30,15,True,C_benefit,1.2,1.0,0,3,3,533.997,533.997,0.0
42,10,24,30,15,True,C_benefit,1.3,1.0,0,3,3,606.097,606.097,0.0
42,10,24,30,15,True,P_loss,0.7,1.0,0,3,3,413.5579,413.5579,0.0
42,10,24,30,15,True,P_loss,0.8,1.0,0,3,3,405.6376,405.6376,0.0
42,10,24,30,15,True,P_loss,0.9,1.0,0,3,3,397.7173,397.7173,0.0
42,10,24,30,15,True,P_loss,1.1,1.0,0,3,3,381.8767,381.8767,0.0
42,10,24,30,15,True,P_loss,1.2,1.0,0,3,3,373.9564,373.9564,0.0
42,10,24,30,15,True,P_loss,1.3,1.0,0,3,3,366.0361,366.0361,0.0
42,10,24,30,15,True,D_cost,0.7,1.0,0,3,3,465.397,465.397,0.0
42,10,24,30,15,True,D_cost,0.8,1.0,0,3,3,440.197,440.197,0.0
42,10,24,30,15,True,D_cost,0.9,1.0,0,3,3,414.997,414.997,0.0
42,10,24,30,15,True,D_cost,1.1,1.0,0,3,3,364.597,364.597,0.0
42,10,24,30,15,True,D_cost,1.2,1.0,0,3,3,339.397,339.397,0.0
42,10,24,30,15,True,D_cost,1.3,1.0,0,3,3,314.197,314.197,0.0
42,10,24,30,15,True,E_prob,0.7,1.0,0,3,3,412.6072,412.6072,0.0
42,10,24,30,15,True,E_prob,0.8,1.0,0,3,3,404.9133,404.9133,0.0
42,10,24,30,15,True,E_prob,0.9,1.0,0,3,3,397.3099,397.3099,0.0
42,10,24,30,15,True,E_prob,1.1,1.0,0,3,3,382.3747,382.3747,0.0
42,10,24,30,15,True,E_prob,1.2,1.0,0,3,3,375.0429,375.0429,0.0
42,10,24,30,15,True,E_prob,1.3,1.0,0,3,3,367.8016,367.8016,0.0
43,10,24,30,15,True,C_benefit,0.7,1.0,0,4,4,40.02,40.02,0.0
43,10,24,30,15,True,C_benefit,0.8,1.0,0,4,4,95.32,95.32,0.0
43,10,24,30,15,True,C_benefit,0.9,1.0,0,4,4,150.62,150.62,0.0
43,10,24,30,15,True,C_benefit,1.1,1.0,0,4,4,261.22,261.22,0.0
43,10,24,30,15,True,C_benefit,1.2,1.0,0,4,4,316.52,316.52,0.0
43,10,24,30,15,True,C_benefit,1.3,1.0,0,4,4,371.82,371.82,0.0
43,10,24,30,15,True,P_loss,0.7,1.0,0,4,4,206.544,206.544,0.0
43,10,24,30,15,True,P_loss,0.8,1.0,0,4,4,206.336,206.336,0.0
43,10,24,30,15,True,P_loss,0.9,1.0,0,4,4,206.128,206.128,0.0
43,10,24,30,15,True,P_loss,1.1,1.0,0,4,4,205.712,205.712,0.0
43,10,24,30,15,True,P_loss,1.2,1.0,0,4,4,205.504,205.504,0.0
43,10,24,30,15,True,P_loss,1.3,1.0,0,4,4,205.296,205.296,0.0
43,10,24,30,15,True,D_cost,0.7,1.0,0,4,4,309.42,309.42,0.0
43,10,24,30,15,True,D_cost,0.8,1.0,0,4,4,274.92,274.92,0.0
43,10,24,30,15,True,D_cost,0.9,1.0,0,4,4,240.42,240.42,0.0
43,10,24,30,15,True,D_cost,1.1,1.0,0,4,4,171.42,171.42,0.0
43,10,24,30,15,True,D_cost,1.2,1.0,0,4,4,136.92,136.92,0.0
43,10,24,30,15,True,D_cost,1.3,1.0,0,4,4,102.42,102.42,0.0
43,10,24,30,15,True,E_prob,0.7,1.0,0,4,4,206.544,206.544,0.0
43,10,24,30,15,True,E_prob,0.8,1.0,0,4,4,206.336,206.336,0.0
43,10,24,30,15,True,E_prob,0.9,1.0,0,4,4,206.128,206.128,0.0
43,10,24,30,15,True,E_prob,1.1,1.0,0,4,4,205.712,205.712,0.0
43,10,24,30,15,True,E_prob,1.2,1.0,0,4,4,205.504,205.504,0.0
43,10,24,30,15,True,E_prob,1.3,1.0,0,4,4,205.296,205.296,0.0
44,10,24,30,15,True,C_benefit,0.7,0.2,8,6,6,-7.8,-8.8,0.128205
44,10,24,30,15,True,C_benefit,0.8,1.0,0,6,6,53.8,53.8,0.0
44,10,24,30,15,True,C_benefit,0.9,1.0,0,6,6,116.4,116.4,0.0
44,10,24,30,15,True,C_benefit,1.1,1.0,0,6,6,241.6,241.6,0.0
44,10,24,30,15,True,C_benefit,1.2,1.0,0,6,6,304.2,304.2,0.0
44,10,24,30,15,True,C_benefit,1.3,1.0,0,6,6,366.8,366.8,0.0
44,10,24,30,15,True,P_loss,0.7,1.0,0,6,6,179.0,179.0,0.0
44,10,24,30,15,True,P_loss,0.8,1.0,0,6,6,179.0,179.0,0.0
44,10,24,30,15,True,P_loss,0.9,1.0,0,6,6,179.0,179.0,0.0
44,10,24,30,15,True,P_loss,1.1,1.0,0,6,6,179.0,179.0,0.0
44,10,24,30,15,True,P_loss,1.2,1.0,0,6,6,179.0,179.0,0.0
44,10,24,30,15,True,P_loss,1.3,1.0,0,6,6,179.0,179.0,0.0
44,10,24,30,15,True,D_cost,0.7,1.0,0,6,6,313.1,313.1,0.0
44,10,24,30,15,True,D_cost,0.8,1.0,0,6,6,268.4,268.4,0.0
44,10,24,30,15,True,D_cost,0.9,1.0,0,6,6,223.7,223.7,0.0
44,10,24,30,15,True,D_cost,1.1,1.0,0,6,6,134.3,134.3,0.0
44,10,24,30,15,True,D_cost,1.2,1.0,0,6,6,89.6,89.6,0.0
44,10,24,30,15,True,D_cost,1.3,1.0,0,6,6,44.9,44.9,0.0
44,10,24,30,15,True,E_prob,0.7,1.0,0,6,6,179.0,179.0,0.0
44,10,24,30,15,True,E_prob,0.8,1.0,0,6,6,179.0,179.0,0.0
44,10,24,30,15,True,E_prob,0.9,1.0,0,6,6,179.0,179.0,0.0
44,10,24,30,15,True,E_prob,1.1,1.0,0,6,6,179.0,179.0,0.0
44,10,24,30,15,True,E_prob,1.2,1.0,0,6,6,179.0,179.0,0.0
44,10,24,30,15,True,E_prob,1.3,1.0,0,6,6,179.0,179.0,0.0
45,10,24,30,15,True,C_benefit,0.7,1.0,0,3,3,210.1,210.1,0.0
45,10,24,30,15,True,C_benefit,0.8,1.0,0,3,3,268.3,268.3,0.0
45,10,24,30,15,True,C_benefit,0.9,1.0,0,3,3,326.5,326.5,0.0
45,10,24,30,15,True,C_benefit,1.1,1.0,0,3,3,442.9,442.9,0.0
45,10,24,30,15,True,C_benefit,1.2,1.0,0,3,3,501.1,501.1,0.0
45,10,24,30,15,True,C_benefit,1.3,1.0,0,3,3,559.3,559.3,0.0
45,10,24,30,15,True,P_loss,0.7,1.0,0,3,3,386.89,386.89,0.0
45,10,24,30,15,True,P_loss,0.8,1.0,0,3,3,386.16,386.16,0.0
45,10,24,30,15,True,P_loss,0.9,1.0,0,3,3,385.43,385.43,0.0
45,10,24,30,15,True,P_loss,1.1,1.0,0,3,3,383.97,383.97,0.0
45,10,24,30,15,True,P_loss,1.2,1.0,0,3,3,383.24,383.24,0.0
45,10,24,30,15,True,P_loss,1.3,1.0,0,3,3,382.51,382.51,0.0
45,10,24,30,15,True,D_cost,0.7,1.0,0,3,3,441.7,441.7,0.0
45,10,24,30,15,True,D_cost,0.8,1.0,0,3,3,422.7,422.7,0.0
45,10,24,30,15,True,D_cost,0.9,1.0,0,3,3,403.7,403.7,0.0
45,10,24,30,15,True,D_cost,1.1,1.0,0,3,3,365.7,365.7,0.0
45,10,24,30,15,True,D_cost,1.2,1.0,0,3,3,346.7,346.7,0.0
45,10,24,30,15,True,D_cost,1.3,1.0,0,3,3,327.7,327.7,0.0
45,10,24,30,15,True,E_prob,0.7,1.0,0,3,3,386.89,386.89,0.0
45,10,24,30,15,True,E_prob,0.8,1.0,0,3,3,386.16,386.16,0.0
45,10,24,30,15,True,E_prob,0.9,1.0,0,3,3,385.43,385.43,0.0
45,10,24,30,15,True,E_prob,1.1,1.0,0,3,3,383.97,383.97,0.0
45,10,24,30,15,True,E_prob,1.2,1.0,0,3,3,383.24,383.24,0.0
45,10,24,30,15,True,E_prob,1.3,1.0,0,3,3,382.51,382.51,0.0
46,10,24,30,15,True,C_benefit,0.7,1.0,0,3,3,224.26,224.26,0.0
46,10,24,30,15,True,C_benefit,0.8,1.0,0,3,3,288.86,288.86,0.0
46,10,24,30,15,True,C_benefit,0.9,1.0,0,3,3,353.46,353.46,0.0
46,10,24,30,15,True,C_benefit,1.1,1.0,0,3,3,482.66,482.66,0.0
46,10,24,30,15,True,C_benefit,1.2,1.0,0,3,3,547.26,547.26,0.0
46,10,24,30,15,True,C_benefit,1.3,1.0,0,3,3,611.86,611.86,0.0
46,10,24,30,15,True,P_loss,0.7,1.0,0,3,3,430.942,430.942,0.0
46,10,24,30,15,True,P_loss,0.8,1.0,0,3,3,426.648,426.648,0.0
46,10,24,30,15,True,P_loss,0.9,1.0,0,3,3,422.354,422.354,0.0
46,10,24,30,15,True,P_loss,1.1,1.0,0,3,3,413.766,413.766,0.0
46,10,24,30,15,True,P_loss,1.2,1.0,0,3,3,409.472,409.472,0.0
46,10,24,30,15,True,P_loss,1.3,1.0,0,3,3,405.178,405.178,0.0
46,10,24,30,15,True,D_cost,0.7,1.0,0,3,3,473.56,473.56,0.0
46,10,24,30,15,True,D_cost,0.8,1.0,0,3,3,455.06,455.06,0.0
46,10,24,30,15,True,D_cost,0.9,1.0,0,3,3,436.56,436.56,0.0
46,10,24,30,15,True,D_cost,1.1,1.0,0,3,3,399.56,399.56,0.0
46,10,24,30,15,True,D_cost,1.2,1.0,0,3,3,381.06,381.06,0.0
46,10,24,30,15,True,D_cost,1.3,1.0,0,3,3,362.56,362.56,0.0
46,10,24,30,15,True,E_prob,0.7,1.0,0,3,3,430.942,430.942,0.0
46,10,24,30,15,True,E_prob,0.8,1.0,0,3,3,426.648,426.648,0.0
46,10,24,30,15,True,E_prob,0.9,1.0,0,3,3,422.354,422.354,0.0
46,10,24,30,15,True,E_prob,1.1,1.0,0,3,3,413.766,413.766,0.0
46,10,24,30,15,True,E_prob,1.2,1.0,0,3,3,409.472,409.472,0.0
46,10,24,30,15,True,E_prob,1.3,1.0,0,3,3,405.178,405.178,0.0
47,10,24,30,15,True,C_benefit,0.7,1.0,0,4,4,75.78,75.78,0.0
47,10,24,30,15,True,C_benefit,0.8,1.0,0,4,4,133.58,133.58,0.0
47,10,24,30,15,True,C_benefit,0.9,1.0,0,4,4,191.38,191.38,0.0
47,10,24,30,15,True,C_benefit,1.1,1.0,0,4,4,306.98,306.98,0.0
47,10,24,30,15,True,C_benefit,1.2,1.0,0,4,4,364.78,364.78,0.0
47,10,24,30,15,True,C_benefit,1.3,1.0,0,4,4,422.58,422.58,0.0
47,10,24,30,15,True,P_loss,0.7,1.0,0,4,4,249.726,249.726,0.0
47,10,24,30,15,True,P_loss,0.8,1.0,0,4,4,249.544,249.544,0.0
47,10,24,30,15,True,P_loss,0.9,1.0,0,4,4,249.362,249.362,0.0
47,10,24,30,15,True,P_loss,1.1,1.0,0,4,4,248.998,248.998,0.0
47,10,24,30,15,True,P_loss,1.2,1.0,0,4,4,248.816,248.816,0.0
47,10,24,30,15,True,P_loss,1.3,1.0,0,4,4,248.634,248.634,0.0
47,10,24,30,15,True,D_cost,0.7,1.0,0,4,4,347.28,347.28,0.0
47,10,24,30,15,True,D_cost,0.8,1.0,0,4,4,314.58,314.58,0.0
47,10,24,30,15,True,D_cost,0.9,1.0,0,4,4,281.88,281.88,0.0
47,10,24,30,15,True,D_cost,1.1,1.0,0,4,4,216.48,216.48,0.0
47,10,24,30,15,True,D_cost,1.2,1.0,0,4,4,183.78,183.78,0.0
47,10,24,30,15,True,D_cost,1.3,1.0,0,4,4,151.08,151.08,0.0
47,10,24,30,15,True,E_prob,0.7,1.0,0,4,4,249.726,249.726,0.0
47,10,24,30,15,True,E_prob,0.8,1.0,0,4,4,249.544,249.544,0.0
47,10,24,30,15,True,E_prob,0.9,1.0,0,4,4,249.362,249.362,0.0
47,10,24,30,15,True,E_prob,1.1,1.0,0,4,4,248.998,248.998,0.0
47,10,24,30,15,True,E_prob,1.2,1.0,0,4,4,248.816,248.816,0.0
47,10,24,30,15,True,E_prob,1.3,1.0,0,4,4,248.634,248.634,0.0
48,10,24,30,15,True,C_benefit,0.7,1.0,0,4,4,317.0,317.0,0.0
48,10,24,30,15,True,C_benefit,0.8,1.0,0,4,4,406.0,406.0,0.0
48,10,24,30,15,True,C_benefit,0.9,1.0,0,4,4,495.0,495.0,0.0
48,10,24,30,15,True,C_benefit,1.1,1.0,0,4,4,673.0,673.0,0.0
48,10,24,30,15,True,C_benefit,1.2,1.0,0,4,4,762.0,762.0,0.0
48,10,24,30,15,True,C_benefit,1.3,1.0,0,4,4,851.0,851.0,0.0
48,10,24,30,15,True,P_loss,0.7,0.5,2,4,2,602.409,584.0,0.030559
48,10,24,30,15,True,P_loss,0.8,1.0,0,4,4,584.0,584.0,0.0
48,10,24,30,15,True,P_loss,0.9,1.0,0,4,4,584.0,584.0,0.0
48,10,24,30,15,True,P_loss,1.1,1.0,0,4,4,584.0,584.0,0.0
48,10,24,30,15,True,P_loss,1.2,1.0,0,4,4,584.0,584.0,0.0
48,10,24,30,15,True,P_loss,1.3,1.0,0,4,4,584.0,584.0,0.0
48,10,24,30,15,True,D_cost,0.7,1.0,0,4,4,675.8,675.8,0.0
48,10,24,30,15,True,D_cost,0.8,1.0,0,4,4,645.2,645.2,0.0
48,10,24,30,15,True,D_cost,0.9,1.0,0,4,4,614.6,614.6,0.0
48,10,24,30,15,True,D_cost,1.1,1.0,0,4,4,553.4,553.4,0.0
48,10,24,30,15,True,D_cost,1.2,1.0,0,4,4,522.8,522.8,0.0
48,10,24,30,15,True,D_cost,1.3,1.0,0,4,4,492.2,492.2,0.0
48,10,24,30,15,True,E_prob,0.7,0.5,2,4,2,593.5155,584.0,0.016032
48,10,24,30,15,True,E_prob,0.8,1.0,0,4,4,584.0,584.0,0.0
48,10,24,30,15,True,E_prob,0.9,1.0,0,4,4,584.0,584.0,0.0
48,10,24,30,15,True,E_prob,1.1,1.0,0,4,4,584.0,584.0,0.0
48,10,24,30,15,True,E_prob,1.2,1.0,0,4,4,584.0,584.0,0.0
48,10,24,30,15,True,E_prob,1.3,1.0,0,4,4,584.0,584.0,0.0
49,10,24,30,15,True,C_benefit,0.7,1.0,0,4,4,55.432,55.432,0.0
49,10,24,30,15,True,C_benefit,0.8,1.0,0,4,4,122.032,122.032,0.0
49,10,24,30,15,True,C_benefit,0.9,1.0,0,4,4,188.632,188.632,0.0
49,10,24,30,15,True,C_benefit,1.1,0.75,1,4,3,329.9553,321.832,0.024619
49,10,24,30,15,True,C_benefit,1.2,0.75,1,4,3,408.0553,388.432,0.04809
49,10,24,30,15,True,C_benefit,1.3,0.75,1,4,3,486.1553,455.032,0.064019
49,10,24,30,15,True,P_loss,0.7,0.75,1,4,3,345.7987,287.2624,0.169279
49,10,24,30,15,True,P_loss,0.8,0.75,1,4,3,314.4842,276.5856,0.12051
49,10,24,30,15,True,P_loss,0.9,0.75,1,4,3,283.1698,265.9088,0.060956
49,10,24,30,15,True,P_loss,1.1,1.0,0,4,4,244.5552,244.5552,0.0
49,10,24,30,15,True,P_loss,1.2,1.0,0,4,4,233.8784,233.8784,0.0
49,10,24,30,15,True,P_loss,1.3,1.0,0,4,4,223.2016,223.2016,0.0
49,10,24,30,15,True,D_cost,0.7,1.0,0,4,4,346.432,346.432,0.0
49,10,24,30,15,True,D_cost,0.8,1.0,0,4,4,316.032,316.032,0.0
49,10,24,30,15,True,D_cost,0.9,1.0,0,4,4,285.632,285.632,0.0
49,10,24,30,15,True,D_cost,1.1,0.75,1,4,3,230.2553,224.832,0.023553
49,10,24,30,15,True,D_cost,1.2,0.75,1,4,3,208.6553,194.432,0.068166
49,10,24,30,15,True,D_cost,1.3,0.75,1,4,3,187.0553,164.032,0.123083
49,10,24,30,15,True,E_prob,0.7,0.75,1,4,3,346.8143,288.1231,0.16923
49,10,24,30,15,True,E_prob,0.8,0.75,1,4,3,315.2183,277.2215,0.120541
49,10,24,30,15,True,E_prob,0.9,0.75,1,4,3,283.5606,266.2553,0.061028
49,10,24,30,15,True,E_prob,1.1,1.0,0,4,4,244.159,244.159,0.0
49,10,24,30,15,True,E_prob,1.2,1.0,0,4,4,233.0438,233.0438,0.0
49,10,24,30,15,True,E_prob,1.3,1.0,0,4,4,221.8938,221.8938,0.0
50,10,24,30,15,True,C_benefit,0.7,1.0,0,3,3,250.32,250.32,0.0
50,10,24,30,15,True,C_benefit,0.8,1.0,0,3,3,326.42,326.42,0.0
50,10,24,30,15,True,C_benefit,0.9,1.0,0,3,3,402.52,402.52,0.0
50,10,24,30,15,True,C_benefit,1.1,1.0,0,3,3,554.72,554.72,0.0
50,10,24,30,15,True,C_benefit,1.2,1.0,0,3,3,630.82,630.82,0.0
50,10,24,30,15,True,C_benefit,1.3,1.0,0,3,3,706.92,706.92,0.0
50,10,24,30,15,True,P_loss,0.7,1.0,0,3,3,505.134,505.134,0.0
50,10,24,30,15,True,P_loss,0.8,1.0,0,3,3,496.296,496.296,0.0
50,10,24,30,15,True,P_loss,0.9,1.0,0,3,3,487.458,487.458,0.0
50,10,24,30,15,True,P_loss,1.1,1.0,0,3,3,469.782,469.782,0.0
50,10,24,30,15,True,P_loss,1.2,1.0,0,3,3,460.944,460.944,0.0
50,10,24,30,15,True,P_loss,1.3,1.0,0,3,3,452.106,452.106,0.0
50,10,24,30,15,True,D_cost,0.7,1.0,0,3,3,536.82,536.82,0.0
50,10,24,30,15,True,D_cost,0.8,1.0,0,3,3,517.42,517.42,0.0
50,10,24,30,15,True,D_cost,0.9,1.0,0,3,3,498.02,498.02,0.0
50,10,24,30,15,True,D_cost,1.1,1.0,0,3,3,459.22,459.22,0.0
50,10,24,30,15,True,D_cost,1.2,1.0,0,3,3,439.82,439.82,0.0
50,10,24,30,15,True,D_cost,1.3,1.0,0,3,3,420.42,420.42,0.0
50,10,24,30,15,True,E_prob,0.7,1.0,0,3,3,505.134,505.134,0.0
50,10,24,30,15,True,E_prob,0.8,1.0,0,3,3,496.296,496.296,0.0
50,10,24,30,15,True,E_prob,0.9,1.0,0,3,3,487.458,487.458,0.0
50,10,24,30,15,True,E_prob,1.1,1.0,0,3,3,469.782,469.782,0.0
50,10,24,30,15,True,E_prob,1.2,1.0,0,3,3,460.944,460.944,0.0
50,10,24,30,15,True,E_prob,1.3,1.0,0,3,3,452.106,452.106,0.0
51,10,24,30,15,True,C_benefit,0.7,1.0,0,5,5,-132.6,-132.6,0.0
51,10,24,30,15,True,C_benefit,0.8,1.0,0,5,5,-89.6,-89.6,0.0
51,10,24,30,15,True,C_benefit,0.9,1.0,0,5,5,-46.6,-46.6,0.0
51,10,24,30,15,True,C_benefit,1.1,1.0,0,5,5,39.4,39.4,0.0
51,10,24,30,15,True,C_benefit,1.2,1.0,0,5,5,82.4,82.4,0.0
51,10,24,30,15,True,C_benefit,1.3,1.0,0,5,5,125.4,125.4,0.0
51,10,24,30,15,True,P_loss,0.7,0.8,1,5,4,19.065,18.18,0.04642
51,10,24,30,15,True,P_loss,0.8,1.0,0,5,5,10.92,10.92,0.0
51,10,24,30,15,True,P_loss,0.9,1.0,0,5,5,3.66,3.66,0.0
51,10,24,30,15,True,P_loss,1.1,1.0,0,5,5,-10.86,-10.86,0.0
51,10,24,30,15,True,P_loss,1.2,1.0,0,5,5,-18.12,-18.12,0.0
51,10,24,30,15,True,P_loss,1.3,1.0,0,5,5,-25.38,-25.38,0.0
51,10,24,30,15,True,D_cost,0.7,1.0,0,5,5,104.7,104.7,0.0
51,10,24,30,15,True,D_cost,0.8,1.0,0,5,5,68.6,68.6,0.0
51,10,24,30,15,True,D_cost,0.9,1.0,0,5,5,32.5,32.5,0.0
51,10,24,30,15,True,D_cost,1.1,1.0,0,5,5,-39.7,-39.7,0.0
51,10,24,30,15,True,D_cost,1.2,1.0,0,5,5,-75.8,-75.8,0.0
51,10,24,30,15,True,D_cost,1.3,1.0,0,5,5,-111.9,-111.9,0.0
51,10,24,30,15,True,E_prob,0.7,0.8,1,5,4,19.065,18.18,0.04642
51,10,24,30,15,True,E_prob,0.8,1.0,0,5,5,10.92,10.92,0.0
51,10,24,30,15,True,E_prob,0.9,1.0,0,5,5,3.66,3.66,0.0
51,10,24,30,15,True,E_prob,1.1,1.0,0,5,5,-10.86,-10.86,0.0
51,10,24,30,15,True,E_prob,1.2,1.0,0,5,5,-18.12,-18.12,0.0
51,10,24,30,15,True,E_prob,1.3,1.0,0,5,5,-25.38,-25.38,0.0
52,10,24,30,15,True,C_benefit,0.7,0.5,2,3,3,190.05,176.97,0.068824
52,10,24,30,15,True,C_benefit,0.8,0.5,2,3,3,259.35,254.07,0.020359
52,10,24,30,15,True,C_benefit,0.9,1.0,0,3,3,331.17,331.17,0.0
52,10,24,30,15,True,C_benefit,1.1,1.0,0,3,3,485.37,485.37,0.0
52,10,24,30,15,True,C_benefit,1.2,1.0,0,3,3,562.47,562.47,0.0
52,10,24,30,15,True,C_benefit,1.3,1.0,0,3,3,639.57,639.57,0.0
52,10,24,30,15,True,P_loss,0.7,1.0,0,3,3,445.689,445.689,0.0
52,10,24,30,15,True,P_loss,0.8,1.0,0,3,3,433.216,433.216,0.0
52,10,24,30,15,True,P_loss,0.9,1.0,0,3,3,420.743,420.743,0.0
52,10,24,30,15,True,P_loss,1.1,1.0,0,3,3,395.797,395.797,0.0
52,10,24,30,15,True,P_loss,1.2,0.5,2,3,3,387.94,383.324,0.011899
52,10,24,30,15,True,P_loss,1.3,0.5,2,3,3,382.935,370.851,0.031556
52,10,24,30,15,True,D_cost,0.7,1.0,0,3,3,479.67,479.67,0.0
52,10,24,30,15,True,D_cost,0.8,1.0,0,3,3,455.87,455.87,0.0
52,10,24,30,15,True,D_cost,0.9,1.0,0,3,3,432.07,432.07,0.0
52,10,24,30,15,True,D_cost,1.1,1.0,0,3,3,384.47,384.47,0.0
52,10,24,30,15,True,D_cost,1.2,1.0,0,3,3,360.67,360.67,0.0
52,10,24,30,15,True,D_cost,1.3,1.0,0,3,3,336.87,336.87,0.0
52,10,24,30,15,True,E_prob,0.7,1.0,0,3,3,445.689,445.689,0.0
52,10,24,30,15,True,E_prob,0.8,1.0,0,3,3,433.216,433.216,0.0
52,10,24,30,15,True,E_prob,0.9,1.0,0,3,3,420.743,420.743,0.0
52,10,24,30,15,True,E_prob,1.1,1.0,0,3,3,395.797,395.797,0.0
52,10,24,30,15,True,E_prob,1.2,1.0,0,3,3,392.477,392.477,0.0
52,10,24,30,15,True,E_prob,1.3,1.0,0,3,3,390.174,390.174,0.0
53,10,24,30,15,True,C_benefit,0.7,0.75,1,3,4,142.4,140.7,0.011938
53,10,24,30,15,True,C_benefit,0.8,1.0,0,3,3,213.2,213.2,0.0
53,10,24,30,15,True,C_benefit,0.9,1.0,0,3,3,285.7,285.7,0.0
53,10,24,30,15,True,C_benefit,1.1,1.0,0,3,3,430.7,430.7,0.0
53,10,24,30,15,True,C_benefit,1.2,1.0,0,3,3,503.2,503.2,0.0
53,10,24,30,15,True,C_benefit,1.3,1.0,0,3,3,575.7,575.7,0.0
53,10,24,30,15,True,P_loss,0.7,1.0,0,3,3,416.04,416.04,0.0
53,10,24,30,15,True,P_loss,0.8,1.0,0,3,3,396.76,396.76,0.0
53,10,24,30,15,True,P_loss,0.9,1.0,0,3,3,377.48,377.48,0.0
53,10,24,30,15,True,P_loss,1.1,1.0,0,3,3,338.92,338.92,0.0
53,10,24,30,15,True,P_loss,1.2,0.1429,6,3,5,335.952,319.64,0.048555
53,10,24,30,15,True,P_loss,1.3,0.1429,6,3,5,334.448,300.36,0.101923
53,10,24,30,15,True,D_cost,0.7,0.1429,6,3,5,443.66,410.4,0.074967
53,10,24,30,15,True,D_cost,0.8,0.1429,6,3,5,408.76,393.0,0.038556
53,10,24,30,15,True,D_cost,0.9,1.0,0,3,3,375.6,375.6,0.0
53,10,24,30,15,True,D_cost,1.1,1.0,0,3,3,340.8,340.8,0.0
53,10,24,30,15,True,D_cost,1.2,1.0,0,3,3,323.4,323.4,0.0
53,10,24,30,15,True,D_cost,1.3,1.0,0,3,3,306.0,306.0,0.0
53,10,24,30,15,True,E_prob,0.7,1.0,0,3,3,416.04,416.04,0.0
53,10,24,30,15,True,E_prob,0.8,1.0,0,3,3,396.76,396.76,0.0
53,10,24,30,15,True,E_prob,0.9,1.0,0,3,3,377.48,377.48,0.0
53,10,24,30,15,True,E_prob,1.1,1.0,0,3,3,338.92,338.92,0.0
53,10,24,30,15,True,E_prob,1.2,0.1429,6,3,5,335.952,319.64,0.048555
53,10,24,30,15,True,E_prob,1.3,0.1429,6,3,5,334.448,300.36,0.101923
54,10,24,30,15,True,C_benefit,0.7,0.5,2,3,3,29.7,29.3,0.013468
54,10,24,30,15,True,C_benefit,0.8,1.0,0,3,3,71.8,71.8,0.0
54,10,24,30,15,True,C_benefit,0.9,1.0,0,3,3,114.3,114.3,0.0
54,10,24,30,15,True,C_benefit,1.1,1.0,0,3,3,199.3,199.3,0.0
54,10,24,30,15,True,C_benefit,1.2,1.0,0,3,3,241.8,241.8,0.0
54,10,24,30,15,True,C_benefit,1.3,1.0,0,3,3,284.3,284.3,0.0
54,10,24,30,15,True,P_loss,0.7,1.0,0,3,3,164.36,164.36,0.0
54,10,24,30,15,True,P_loss,0.8,1.0,0,3,3,161.84,161.84,0.0
54,10,24,30,15,True,P_loss,0.9,1.0,0,3,3,159.32,159.32,0.0
54,10,24,30,15,True,P_loss,1.1,1.0,0,3,3,154.28,154.28,0.0
54,10,24,30,15,True,P_loss,1.2,1.0,0,3,3,151.76,151.76,0.0
54,10,24,30,15,True,P_loss,1.3,1.0,0,3,3,149.24,149.24,0.0
54,10,24,30,15,True,D_cost,0.7,1.0,0,3,3,229.7,229.7,0.0
54,10,24,30,15,True,D_cost,0.8,1.0,0,3,3,205.4,205.4,0.0
54,10,24,30,15,True,D_cost,0.9,1.0,0,3,3,181.1,181.1,0.0
54,10,24,30,15,True,D_cost,1.1,1.0,0,3,3,132.5,132.5,0.0
54,10,24,30,15,True,D_cost,1.2,1.0,0,3,3,108.2,108.2,0.0
54,10,24,30,15,True,D_cost,1.3,1.0,0,3,3,83.9,83.9,0.0
54,10,24,30,15,True,E_prob,0.7,1.0,0,3,3,164.36,164.36,0.0
54,10,24,30,15,True,E_prob,0.8,1.0,0,3,3,161.84,161.84,0.0
54,10,24,30,15,True,E_prob,0.9,1.0,0,3,3,159.32,159.32,0.0
54,10,24,30,15,True,E_prob,1.1,1.0,0,3,3,154.28,154.28,0.0
54,10,24,30,15,True,E_prob,1.2,1.0,0,3,3,151.76,151.76,0.0
54,10,24,30,15,True,E_prob,1.3,1.0,0,3,3,149.24,149.24,0.0
55,10,24,30,15,True,C_benefit,0.7,0.6,2,4,4,43.7762,40.5962,0.072642
55,10,24,30,15,True,C_benefit,0.8,0.6,2,4,4,98.3762,97.7962,0.005896
55,10,24,30,15,True,C_benefit,0.9,1.0,0,4,4,154.9962,154.9962,0.0
55,10,24,30,15,True,C_benefit,1.1,1.0,0,4,4,269.3962,269.3962,0.0
55,10,24,30,15,True,C_benefit,1.2,1.0,0,4,4,326.5962,326.5962,0.0
55,10,24,30,15,True,C_benefit,1.3,1.0,0,4,4,383.7962,383.7962,0.0
55,10,24,30,15,True,P_loss,0.7,1.0,0,4,4,240.3373,240.3373,0.0
55,10,24,30,15,True,P_loss,0.8,1.0,0,4,4,230.957,230.957,0.0
55,10,24,30,15,True,P_loss,0.9,1.0,0,4,4,221.5766,221.5766,0.0
55,10,24,30,15,True,P_loss,1.1,1.0,0,4,4,202.8158,202.8158,0.0
55,10,24,30,15,True,P_loss,1.2,0.2857,5,4,5,176.18,193.4354,-0.097942
55,10,24,30,15,True,P_loss,1.3,0.125,7,4,5,176.0,184.0551,-0.045767
55,10,24,30,15,True,D_cost,0.7,1.0,0,4,4,291.9962,291.9962,0.0
55,10,24,30,15,True,D_cost,0.8,1.0,0,4,4,265.3962,265.3962,0.0
55,10,24,30,15,True,D_cost,0.9,1.0,0,4,4,238.7962,238.7962,0.0
55,10,24,30,15,True,D_cost,1.1,1.0,0,4,4,185.5962,185.5962,0.0
55,10,24,30,15,True,D_cost,1.2,1.0,0,4,4,158.9962,158.9962,0.0
55,10,24,30,15,True,D_cost,1.3,0.6,2,4,4,132.5762,132.3962,0.001358
55,10,24,30,15,True,E_prob,0.7,1.0,0,4,4,240.6546,240.6546,0.0
55,10,24,30,15,True,E_prob,0.8,1.0,0,4,4,231.1938,231.1938,0.0
55,10,24,30,15,True,E_prob,0.9,1.0,0,4,4,221.7071,221.7071,0.0
55,10,24,30,15,True,E_prob,1.1,1.0,0,4,4,202.663,202.663,0.0
55,10,24,30,15,True,E_prob,1.2,0.2857,5,4,5,176.18,193.1093,-0.096091
55,10,24,30,15,True,E_prob,1.3,0.125,7,4,5,176.0,183.537,-0.042824
56,10,24,30,15,True,C_benefit,0.7,1.0,0,3,3,326.9,326.9,0.0
56,10,24,30,15,True,C_benefit,0.8,1.0,0,3,3,405.6,405.6,0.0
56,10,24,30,15,True,C_benefit,0.9,1.0,0,3,3,484.3,484.3,0.0
56,10,24,30,15,True,C_benefit,1.1,1.0,0,3,3,641.7,641.7,0.0
56,10,24,30,15,True,C_benefit,1.2,1.0,0,3,3,720.4,720.4,0.0
56,10,24,30,15,True,C_benefit,1.3,1.0,0,3,3,799.1,799.1,0.0
56,10,24,30,15,True,P_loss,0.7,1.0,0,3,3,563.0,563.0,0.0
56,10,24,30,15,True,P_loss,0.8,1.0,0,3,3,563.0,563.0,0.0
56,10,24,30,15,True,P_loss,0.9,1.0,0,3,3,563.0,563.0,0.0
56,10,24,30,15,True,P_loss,1.1,1.0,0,3,3,563.0,563.0,0.0
56,10,24,30,15,True,P_loss,1.2,1.0,0,3,3,563.0,563.0,0.0
56,10,24,30,15,True,P_loss,1.3,1.0,0,3,3,563.0,563.0,0.0
56,10,24,30,15,True,D_cost,0.7,1.0,0,3,3,630.2,630.2,0.0
56,10,24,30,15,True,D_cost,0.8,1.0,0,3,3,607.8,607.8,0.0
56,10,24,30,15,True,D_cost,0.9,1.0,0,3,3,585.4,585.4,0.0
56,10,24,30,15,True,D_cost,1.1,1.0,0,3,3,540.6,540.6,0.0
56,10,24,30,15,True,D_cost,1.2,1.0,0,3,3,518.2,518.2,0.0
56,10,24,30,15,True,D_cost,1.3,1.0,0,3,3,495.8,495.8,0.0
56,10,24,30,15,True,E_prob,0.7,1.0,0,3,3,563.0,563.0,0.0
56,10,24,30,15,True,E_prob,0.8,1.0,0,3,3,563.0,563.0,0.0
56,10,24,30,15,True,E_prob,0.9,1.0,0,3,3,563.0,563.0,0.0
56,10,24,30,15,True,E_prob,1.1,1.0,0,3,3,563.0,563.0,0.0
56,10,24,30,15,True,E_prob,1.2,1.0,0,3,3,563.0,563.0,0.0
56,10,24,30,15,True,E_prob,1.3,1.0,0,3,3,563.0,563.0,0.0
57,10,24,30,15,True,C_benefit,0.7,0.4,3,3,4,-9.9,-15.38,0.553535
57,10,24,30,15,True,C_benefit,0.8,1.0,0,3,3,35.82,35.82,0.0
57,10,24,30,15,True,C_benefit,0.9,1.0,0,3,3,87.02,87.02,0.0
57,10,24,30,15,True,C_benefit,1.1,1.0,0,3,3,189.42,189.42,0.0
57,10,24,30,15,True,C_benefit,1.2,1.0,0,3,3,240.62,240.62,0.0
57,10,24,30,15,True,C_benefit,1.3,1.0,0,3,3,291.82,291.82,0.0
57,10,24,30,15,True,P_loss,0.7,0.6667,1,3,2,209.1224,178.054,0.148566
57,10,24,30,15,True,P_loss,0.8,1.0,0,3,3,164.776,164.776,0.0
57,10,24,30,15,True,P_loss,0.9,1.0,0,3,3,151.498,151.498,0.0
57,10,24,30,15,True,P_loss,1.1,0.4,3,3,4,126.0,124.942,0.008397
57,10,24,30,15,True,P_loss,1.2,0.4,3,3,4,126.0,111.664,0.113778
57,10,24,30,15,True,P_loss,1.3,0.4,3,3,4,126.0,98.386,0.219159
57,10,24,30,15,True,D_cost,0.7,0.4,3,3,4,224.1,210.52,0.060598
57,10,24,30,15,True,D_cost,0.8,0.4,3,3,4,191.4,186.42,0.026019
57,10,24,30,15,True,D_cost,0.9,1.0,0,3,3,162.32,162.32,0.0
57,10,24,30,15,True,D_cost,1.1,1.0,0,3,3,114.12,114.12,0.0
57,10,24,30,15,True,D_cost,1.2,1.0,0,3,3,90.02,90.02,0.0
57,10,24,30,15,True,D_cost,1.3,1.0,0,3,3,65.92,65.92,0.0
57,10,24,30,15,True,E_prob,0.7,0.6667,1,3,2,210.3983,178.054,0.153729
57,10,24,30,15,True,E_prob,0.8,1.0,0,3,3,164.776,164.776,0.0
57,10,24,30,15,True,E_prob,0.9,1.0,0,3,3,151.498,151.498,0.0
57,10,24,30,15,True,E_prob,1.1,0.4,3,3,4,126.0,124.942,0.008397
57,10,24,30,15,True,E_prob,1.2,0.4,3,3,4,126.0,111.664,0.113778
57,10,24,30,15,True,E_prob,1.3,0.4,3,3,4,126.0,98.386,0.219159
58,10,24,30,15,True,C_benefit,0.7,1.0,0,5,5,62.18,62.18,0.0
58,10,24,30,15,True,C_benefit,0.8,1.0,0,5,5,128.48,128.48,0.0
58,10,24,30,15,True,C_benefit,0.9,1.0,0,5,5,194.78,194.78,0.0
58,10,24,30,15,True,C_benefit,1.1,1.0,0,5,5,327.38,327.38,0.0
58,10,24,30,15,True,C_benefit,1.2,1.0,0,5,5,393.68,393.68,0.0
58,10,24,30,15,True,C_benefit,1.3,1.0,0,5,5,459.98,459.98,0.0
58,10,24,30,15,True,P_loss,0.7,1.0,0,5,5,278.756,278.756,0.0
58,10,24,30,15,True,P_loss,0.8,1.0,0,5,5,272.864,272.864,0.0
58,10,24,30,15,True,P_loss,0.9,1.0,0,5,5,266.972,266.972,0.0
58,10,24,30,15,True,P_loss,1.1,1.0,0,5,5,255.188,255.188,0.0
58,10,24,30,15,True,P_loss,1.2,1.0,0,5,5,249.296,249.296,0.0
58,10,24,30,15,True,P_loss,1.3,1.0,0,5,5,243.404,243.404,0.0
58,10,24,30,15,True,D_cost,0.7,1.0,0,5,5,363.98,363.98,0.0
58,10,24,30,15,True,D_cost,0.8,1.0,0,5,5,329.68,329.68,0.0
58,10,24,30,15,True,D_cost,0.9,1.0,0,5,5,295.38,295.38,0.0
58,10,24,30,15,True,D_cost,1.1,1.0,0,5,5,226.78,226.78,0.0
58,10,24,30,15,True,D_cost,1.2,1.0,0,5,5,192.48,192.48,0.0
58,10,24,30,15,True,D_cost,1.3,1.0,0,5,5,158.18,158.18,0.0
58,10,24,30,15,True,E_prob,0.7,1.0,0,5,5,278.756,278.756,0.0
58,10,24,30,15,True,E_prob,0.8,1.0,0,5,5,272.864,272.864,0.0
58,10,24,30,15,True,E_prob,0.9,1.0,0,5,5,266.972,266.972,0.0
58,10,24,30,15,True,E_prob,1.1,1.0,0,5,5,255.188,255.188,0.0
58,10,24,30,15,True,E_prob,1.2,1.0,0,5,5,249.296,249.296,0.0
58,10,24,30,15,True,E_prob,1.3,1.0,0,5,5,243.404,243.404,0.0
59,10,24,30,15,True,C_benefit,0.7,0.4,3,3,4,101.0,94.25,0.066832
59,10,24,30,15,True,C_benefit,0.8,1.0,0,3,3,167.35,167.35,0.0
59,10,24,30,15,True,C_benefit,0.9,1.0,0,3,3,240.45,240.45,0.0
59,10,24,30,15,True,C_benefit,1.1,1.0,0,3,3,386.65,386.65,0.0
59,10,24,30,15,True,C_benefit,1.2,1.0,0,3,3,459.75,459.75,0.0
59,10,24,30,15,True,C_benefit,1.3,1.0,0,3,3,532.85,532.85,0.0
59,10,24,30,15,True,P_loss,0.7,1.0,0,3,3,369.785,369.785,0.0
59,10,24,30,15,True,P_loss,0.8,1.0,0,3,3,351.04,351.04,0.0
59,10,24,30,15,True,P_loss,0.9,1.0,0,3,3,332.295,332.295,0.0
59,10,24,30,15,True,P_loss,1.1,1.0,0,3,3,294.805,294.805,0.0
59,10,24,30,15,True,P_loss,1.2,0.4,3,3,4,285.72,276.06,0.033809
59,10,24,30,15,True,P_loss,1.3,0.4,3,3,4,283.28,257.315,0.091658
59,10,24,30,15,True,D_cost,0.7,0.4,3,3,4,385.7,382.55,0.008167
59,10,24,30,15,True,D_cost,0.8,1.0,0,3,3,359.55,359.55,0.0
59,10,24,30,15,True,D_cost,0.9,1.0,0,3,3,336.55,336.55,0.0
59,10,24,30,15,True,D_cost,1.1,1.0,0,3,3,290.55,290.55,0.0
59,10,24,30,15,True,D_cost,1.2,1.0,0,3,3,267.55,267.55,0.0
59,10,24,30,15,True,D_cost,1.3,1.0,0,3,3,244.55,244.55,0.0
59,10,24,30,15,True,E_prob,0.7,1.0,0,3,3,364.6505,364.6505,0.0
59,10,24,30,15,True,E_prob,0.8,1.0,0,3,3,347.128,347.128,0.0
59,10,24,30,15,True,E_prob,0.9,1.0,0,3,3,330.0945,330.0945,0.0
59,10,24,30,15,True,E_prob,1.1,1.0,0,3,3,297.4945,297.4945,0.0
59,10,24,30,15,True,E_prob,1.2,0.4,3,3,4,285.72,281.928,0.013272
59,10,24,30,15,True,E_prob,1.3,0.4,3,3,4,283.28,266.8505,0.057997
60,10,24,30,15,True,C_benefit,0.7,1.0,0,3,3,114.67,114.67,0.0
60,10,24,30,15,True,C_benefit,0.8,1.0,0,3,3,186.57,186.57,0.0
60,10,24,30,15,True,C_benefit,0.9,1.0,0,3,3,258.47,258.47,0.0
60,10,24,30,15,True,C_benefit,1.1,1.0,0,3,3,402.27,402.27,0.0
60,10,24,30,15,True,C_benefit,1.2,1.0,0,3,3,474.17,474.17,0.0
60,10,24,30,15,True,C_benefit,1.3,1.0,0,3,3,546.07,546.07,0.0
60,10,24,30,15,True,P_loss,0.7,1.0,0,3,3,374.659,374.659,0.0
60,10,24,30,15,True,P_loss,0.8,1.0,0,3,3,359.896,359.896,0.0
60,10,24,30,15,True,P_loss,0.9,1.0,0,3,3,345.133,345.133,0.0
60,10,24,30,15,True,P_loss,1.1,1.0,0,3,3,315.607,315.607,0.0
60,10,24,30,15,True,P_loss,1.2,1.0,0,3,3,300.844,300.844,0.0
60,10,24,30,15,True,P_loss,1.3,1.0,0,3,3,286.081,286.081,0.0
60,10,24,30,15,True,D_cost,0.7,1.0,0,3,3,402.67,402.67,0.0
60,10,24,30,15,True,D_cost,0.8,1.0,0,3,3,378.57,378.57,0.0
60,10,24,30,15,True,D_cost,0.9,1.0,0,3,3,354.47,354.47,0.0
60,10,24,30,15,True,D_cost,1.1,1.0,0,3,3,306.27,306.27,0.0
60,10,24,30,15,True,D_cost,1.2,1.0,0,3,3,282.17,282.17,0.0
60,10,24,30,15,True,D_cost,1.3,1.0,0,3,3,258.07,258.07,0.0
60,10,24,30,15,True,E_prob,0.7,1.0,0,3,3,374.1697,374.1697,0.0
60,10,24,30,15,True,E_prob,0.8,1.0,0,3,3,359.5232,359.5232,0.0
60,10,24,30,15,True,E_prob,0.9,1.0,0,3,3,344.9233,344.9233,0.0
60,10,24,30,15,True,E_prob,1.1,1.0,0,3,3,315.8633,315.8633,0.0
60,10,24,30,15,True,E_prob,1.2,1.0,0,3,3,301.4032,301.4032,0.0
60,10,24,30,15,True,E_prob,1.3,1.0,0,3,3,286.9897,286.9897,0.0
61,10,24,30,15,True,C_benefit,0.7,1.0,0,6,6,-69.0,-69.0,0.0
61,10,24,30,15,True,C_benefit,0.8,1.0,0,6,6,-10.3,-10.3,0.0
61,10,24,30,15,True,C_benefit,0.9,1.0,0,6,6,48.4,48.4,0.0
61,10,24,30,15,True,C_benefit,1.1,1.0,0,6,6,165.8,165.8,0.0
61,10,24,30,15,True,C_benefit,1.2,1.0,0,6,6,224.5,224.5,0.0
61,10,24,30,15,True,C_benefit,1.3,1.0,0,6,6,283.2,283.2,0.0
61,10,24,30,15,True,P_loss,0.7,0.375,5,6,5,135.63,126.27,0.069011
61,10,24,30,15,True,P_loss,0.8,0.375,5,6,5,120.72,119.88,0.006958
61,10,24,30,15,True,P_loss,0.9,1.0,0,6,6,113.49,113.49,0.0
61,10,24,30,15,True,P_loss,1.1,1.0,0,6,6,100.71,100.71,0.0
61,10,24,30,15,True,P_loss,1.2,1.0,0,6,6,94.32,94.32,0.0
61,10,24,30,15,True,P_loss,1.3,1.0,0,6,6,87.93,87.93,0.0
61,10,24,30,15,True,D_cost,0.7,1.0,0,6,6,231.9,231.9,0.0
61,10,24,30,15,True,D_cost,0.8,1.0,0,6,6,190.3,190.3,0.0
61,10,24,30,15,True,D_cost,0.9,1.0,0,6,6,148.7,148.7,0.0
61,10,24,30,15,True,D_cost,1.1,1.0,0,6,6,65.5,65.5,0.0
61,10,24,30,15,True,D_cost,1.2,1.0,0,6,6,23.9,23.9,0.0
61,10,24,30,15,True,D_cost,1.3,0.25,6,6,4,-9.7,-17.7,0.824742
61,10,24,30,15,True,E_prob,0.7,0.375,5,6,5,135.63,126.27,0.069011
61,10,24,30,15,True,E_prob,0.8,0.375,5,6,5,120.72,119.88,0.006958
61,10,24,30,15,True,E_prob,0.9,1.0,0,6,6,113.49,113.49,0.0
61,10,24,30,15,True,E_prob,1.1,1.0,0,6,6,100.71,100.71,0.0
61,10,24,30,15,True,E_prob,1.2,1.0,0,6,6,94.32,94.32,0.0
61,10,24,30,15,True,E_prob,1.3,1.0,0,6,6,87.93,87.93,0.0
62,10,24,30,15,True,C_benefit,0.7,1.0,0,4,4,167.7,167.7,0.0
62,10,24,30,15,True,C_benefit,0.8,1.0,0,4,4,222.8,222.8,0.0
62,10,24,30,15,True,C_benefit,0.9,1.0,0,4,4,277.9,277.9,0.0
62,10,24,30,15,True,C_benefit,1.1,1.0,0,4,4,388.1,388.1,0.0
62,10,24,30,15,True,C_benefit,1.2,1.0,0,4,4,443.2,443.2,0.0
62,10,24,30,15,True,C_benefit,1.3,1.0,0,4,4,498.3,498.3,0.0
62,10,24,30,15,True,P_loss,0.7,1.0,0,4,4,333.0,333.0,0.0
62,10,24,30,15,True,P_loss,0.8,1.0,0,4,4,333.0,333.0,0.0
62,10,24,30,15,True,P_loss,0.9,1.0,0,4,4,333.0,333.0,0.0
62,10,24,30,15,True,P_loss,1.1,1.0,0,4,4,333.0,333.0,0.0
62,10,24,30,15,True,P_loss,1.2,1.0,0,4,4,333.0,333.0,0.0
62,10,24,30,15,True,P_loss,1.3,1.0,0,4,4,333.0,333.0,0.0
62,10,24,30,15,True,D_cost,0.7,1.0,0,4,4,398.4,398.4,0.0
62,10,24,30,15,True,D_cost,0.8,1.0,0,4,4,376.6,376.6,0.0
62,10,24,30,15,True,D_cost,0.9,1.0,0,4,4,354.8,354.8,0.0
62,10,24,30,15,True,D_cost,1.1,1.0,0,4,4,311.2,311.2,0.0
62,10,24,30,15,True,D_cost,1.2,1.0,0,4,4,289.4,289.4,0.0
62,10,24,30,15,True,D_cost,1.3,1.0,0,4,4,267.6,267.6,0.0
62,10,24,30,15,True,E_prob,0.7,1.0,0,4,4,333.0,333.0,0.0
62,10,24,30,15,True,E_prob,0.8,1.0,0,4,4,333.0,333.0,0.0
62,10,24,30,15,True,E_prob,0.9,1.0,0,4,4,333.0,333.0,0.0
62,10,24,30,15,True,E_prob,1.1,1.0,0,4,4,333.0,333.0,0.0
62,10,24,30,15,True,E_prob,1.2,1.0,0,4,4,333.0,333.0,0.0
62,10,24,30,15,True,E_prob,1.3,1.0,0,4,4,333.0,333.0,0.0
63,10,24,30,15,True,C_benefit,0.7,1.0,0,4,4,139.4,139.4,0.0
63,10,24,30,15,True,C_benefit,0.8,1.0,0,4,4,198.6,198.6,0.0
63,10,24,30,15,True,C_benefit,0.9,1.0,0,4,4,257.8,257.8,0.0
63,10,24,30,15,True,C_benefit,1.1,1.0,0,4,4,376.2,376.2,0.0
63,10,24,30,15,True,C_benefit,1.2,1.0,0,4,4,435.4,435.4,0.0
63,10,24,30,15,True,C_benefit,1.3,1.0,0,4,4,494.6,494.6,0.0
63,10,24,30,15,True,P_loss,0.7,1.0,0,4,4,317.0,317.0,0.0
63,10,24,30,15,True,P_loss,0.8,1.0,0,4,4,317.0,317.0,0.0
63,10,24,30,15,True,P_loss,0.9,1.0,0,4,4,317.0,317.0,0.0
63,10,24,30,15,True,P_loss,1.1,1.0,0,4,4,317.0,317.0,0.0
63,10,24,30,15,True,P_loss,1.2,1.0,0,4,4,317.0,317.0,0.0
63,10,24,30,15,True,P_loss,1.3,1.0,0,4,4,317.0,317.0,0.0
63,10,24,30,15,True,D_cost,0.7,1.0,0,4,4,399.5,399.5,0.0
63,10,24,30,15,True,D_cost,0.8,1.0,0,4,4,372.0,372.0,0.0
63,10,24,30,15,True,D_cost,0.9,1.0,0,4,4,344.5,344.5,0.0
63,10,24,30,15,True,D_cost,1.1,1.0,0,4,4,289.5,289.5,0.0
63,10,24,30,15,True,D_cost,1.2,1.0,0,4,4,262.0,262.0,0.0
63,10,24,30,15,True,D_cost,1.3,1.0,0,4,4,234.5,234.5,0.0
63,10,24,30,15,True,E_prob,0.7,1.0,0,4,4,317.0,317.0,0.0
63,10,24,30,15,True,E_prob,0.8,1.0,0,4,4,317.0,317.0,0.0
63,10,24,30,15,True,E_prob,0.9,1.0,0,4,4,317.0,317.0,0.0
63,10,24,30,15,True,E_prob,1.1,1.0,0,4,4,317.0,317.0,0.0
63,10,24,30,15,True,E_prob,1.2,1.0,0,4,4,317.0,317.0,0.0
63,10,24,30,15,True,E_prob,1.3,1.0,0,4,4,317.0,317.0,0.0
64,10,24,30,15,True,C_benefit,0.7,1.0,0,3,3,63.7,63.7,0.0
64,10,24,30,15,True,C_benefit,0.8,1.0,0,3,3,110.2,110.2,0.0
64,10,24,30,15,True,C_benefit,0.9,1.0,0,3,3,156.7,156.7,0.0
64,10,24,30,15,True,C_benefit,1.1,1.0,0,3,3,249.7,249.7,0.0
64,10,24,30,15,True,C_benefit,1.2,1.0,0,3,3,296.2,296.2,0.0
64,10,24,30,15,True,C_benefit,1.3,1.0,0,3,3,342.7,342.7,0.0
64,10,24,30,15,True,P_loss,0.7,1.0,0,3,3,213.64,213.64,0.0
64,10,24,30,15,True,P_loss,0.8,1.0,0,3,3,210.16,210.16,0.0
64,10,24,30,15,True,P_loss,0.9,1.0,0,3,3,206.68,206.68,0.0
64,10,24,30,15,True,P_loss,1.1,1.0,0,3,3,199.72,199.72,0.0
64,10,24,30,15,True,P_loss,1.2,1.0,0,3,3,196.24,196.24,0.0
64,10,24,30,15,True,P_loss,1.3,1.0,0,3,3,192.76,192.76,0.0
64,10,24,30,15,True,D_cost,0.7,1.0,0,3,3,271.3,271.3,0.0
64,10,24,30,15,True,D_cost,0.8,1.0,0,3,3,248.6,248.6,0.0
64,10,24,30,15,True,D_cost,0.9,1.0,0,3,3,225.9,225.9,0.0
64,10,24,30,15,True,D_cost,1.1,1.0,0,3,3,180.5,180.5,0.0
64,10,24,30,15,True,D_cost,1.2,1.0,0,3,3,157.8,157.8,0.0
64,10,24,30,15,True,D_cost,1.3,1.0,0,3,3,135.1,135.1,0.0
64,10,24,30,15,True,E_prob,0.7,1.0,0,3,3,213.64,213.64,0.0
64,10,24,30,15,True,E_prob,0.8,1.0,0,3,3,210.16,210.16,0.0
64,10,24,30,15,True,E_prob,0.9,1.0,0,3,3,206.68,206.68,0.0
64,10,24,30,15,True,E_prob,1.1,1.0,0,3,3,199.72,199.72,0.0
64,10,24,30,15,True,E_prob,1.2,1.0,0,3,3,196.24,196.24,0.0
64,10,24,30,15,True,E_prob,1.3,1.0,0,3,3,192.76,192.76,0.0
65,10,24,30,15,True,C_benefit,0.7,1.0,0,4,4,223.0,223.0,0.0
65,10,24,30,15,True,C_benefit,0.8,1.0,0,4,4,289.0,289.0,0.0
65,10,24,30,15,True,C_benefit,0.9,1.0,0,4,4,355.0,355.0,0.0
65,10,24,30,15,True,C_benefit,1.1,0.6,2,4,4,488.1,487.0,0.002254
65,10,24,30,15,True,C_benefit,1.2,0.6,2,4,4,555.2,553.0,0.003963
65,10,24,30,15,True,C_benefit,1.3,0.6,2,4,4,622.3,619.0,0.005303
65,10,24,30,15,True,P_loss,0.7,0.75,1,4,3,434.44,421.0,0.030936
65,10,24,30,15,True,P_loss,0.8,1.0,0,4,4,421.0,421.0,0.0
65,10,24,30,15,True,P_loss,0.9,1.0,0,4,4,421.0,421.0,0.0
65,10,24,30,15,True,P_loss,1.1,1.0,0,4,4,421.0,421.0,0.0
65,10,24,30,15,True,P_loss,1.2,1.0,0,4,4,421.0,421.0,0.0
65,10,24,30,15,True,P_loss,1.3,1.0,0,4,4,421.0,421.0,0.0
65,10,24,30,15,True,D_cost,0.7,0.6,2,4,4,496.0,492.7,0.006653
65,10,24,30,15,True,D_cost,0.8,0.6,2,4,4,471.0,468.8,0.004671
65,10,24,30,15,True,D_cost,0.9,0.6,2,4,4,446.0,444.9,0.002466
65,10,24,30,15,True,D_cost,1.1,1.0,0,4,4,397.1,397.1,0.0
65,10,24,30,15,True,D_cost,1.2,1.0,0,4,4,373.2,373.2,0.0
65,10,24,30,15,True,D_cost,1.3,1.0,0,4,4,349.3,349.3,0.0
65,10,24,30,15,True,E_prob,0.7,0.75,1,4,3,434.44,421.0,0.030936
65,10,24,30,15,True,E_prob,0.8,1.0,0,4,4,421.0,421.0,0.0
65,10,24,30,15,True,E_prob,0.9,1.0,0,4,4,421.0,421.0,0.0
65,10,24,30,15,True,E_prob,1.1,1.0,0,4,4,421.0,421.0,0.0
65,10,24,30,15,True,E_prob,1.2,1.0,0,4,4,421.0,421.0,0.0
65,10,24,30,15,True,E_prob,1.3,1.0,0,4,4,421.0,421.0,0.0
66,10,24,30,15,True,C_benefit,0.7,1.0,0,4,4,125.45,125.45,0.0
66,10,24,30,15,True,C_benefit,0.8,1.0,0,4,4,184.55,184.55,0.0
66,10,24,30,15,True,C_benefit,0.9,1.0,0,4,4,243.65,243.65,0.0
66,10,24,30,15,True,C_benefit,1.1,1.0,0,4,4,361.85,361.85,0.0
66,10,24,30,15,True,C_benefit,1.2,1.0,0,4,4,420.95,420.95,0.0
66,10,24,30,15,True,C_benefit,1.3,1.0,0,4,4,480.05,480.05,0.0
66,10,24,30,15,True,P_loss,0.7,1.0,0,4,4,309.725,309.725,0.0
66,10,24,30,15,True,P_loss,0.8,1.0,0,4,4,307.4,307.4,0.0
66,10,24,30,15,True,P_loss,0.9,1.0,0,4,4,305.075,305.075,0.0
66,10,24,30,15,True,P_loss,1.1,1.0,0,4,4,300.425,300.425,0.0
66,10,24,30,15,True,P_loss,1.2,1.0,0,4,4,298.1,298.1,0.0
66,10,24,30,15,True,P_loss,1.3,1.0,0,4,4,295.775,295.775,0.0
66,10,24,30,15,True,D_cost,0.7,1.0,0,4,4,382.25,382.25,0.0
66,10,24,30,15,True,D_cost,0.8,1.0,0,4,4,355.75,355.75,0.0
66,10,24,30,15,True,D_cost,0.9,1.0,0,4,4,329.25,329.25,0.0
66,10,24,30,15,True,D_cost,1.1,1.0,0,4,4,276.25,276.25,0.0
66,10,24,30,15,True,D_cost,1.2,1.0,0,4,4,249.75,249.75,0.0
66,10,24,30,15,True,D_cost,1.3,1.0,0,4,4,223.25,223.25,0.0
66,10,24,30,15,True,E_prob,0.7,1.0,0,4,4,309.725,309.725,0.0
66,10,24,30,15,True,E_prob,0.8,1.0,0,4,4,307.4,307.4,0.0
66,10,24,30,15,True,E_prob,0.9,1.0,0,4,4,305.075,305.075,0.0
66,10,24,30,15,True,E_prob,1.1,1.0,0,4,4,300.425,300.425,0.0
66,10,24,30,15,True,E_prob,1.2,1.0,0,4,4,298.1,298.1,0.0
66,10,24,30,15,True,E_prob,1.3,1.0,0,4,4,295.775,295.775,0.0
67,10,24,30,15,True,C_benefit,0.7,1.0,0,4,4,111.2,111.2,0.0
67,10,24,30,15,True,C_benefit,0.8,1.0,0,4,4,176.1,176.1,0.0
67,10,24,30,15,True,C_benefit,0.9,1.0,0,4,4,241.0,241.0,0.0
67,10,24,30,15,True,C_benefit,1.1,1.0,0,4,4,370.8,370.8,0.0
67,10,24,30,15,True,C_benefit,1.2,1.0,0,4,4,435.7,435.7,0.0
67,10,24,30,15,True,C_benefit,1.3,1.0,0,4,4,500.6,500.6,0.0
67,10,24,30,15,True,P_loss,0.7,1.0,0,4,4,320.93,320.93,0.0
67,10,24,30,15,True,P_loss,0.8,1.0,0,4,4,315.92,315.92,0.0
67,10,24,30,15,True,P_loss,0.9,1.0,0,4,4,310.91,310.91,0.0
67,10,24,30,15,True,P_loss,1.1,1.0,0,4,4,300.89,300.89,0.0
67,10,24,30,15,True,P_loss,1.2,1.0,0,4,4,295.88,295.88,0.0
67,10,24,30,15,True,P_loss,1.3,1.0,0,4,4,290.87,290.87,0.0
67,10,24,30,15,True,D_cost,0.7,1.0,0,4,4,393.8,393.8,0.0
67,10,24,30,15,True,D_cost,0.8,1.0,0,4,4,364.5,364.5,0.0
67,10,24,30,15,True,D_cost,0.9,1.0,0,4,4,335.2,335.2,0.0
67,10,24,30,15,True,D_cost,1.1,1.0,0,4,4,276.6,276.6,0.0
67,10,24,30,15,True,D_cost,1.2,1.0,0,4,4,247.3,247.3,0.0
67,10,24,30,15,True,D_cost,1.3,1.0,0,4,4,218.0,218.0,0.0
67,10,24,30,15,True,E_prob,0.7,1.0,0,4,4,320.93,320.93,0.0
67,10,24,30,15,True,E_prob,0.8,1.0,0,4,4,315.92,315.92,0.0
67,10,24,30,15,True,E_prob,0.9,1.0,0,4,4,310.91,310.91,0.0
67,10,24,30,15,True,E_prob,1.1,1.0,0,4,4,300.89,300.89,0.0
67,10,24,30,15,True,E_prob,1.2,1.0,0,4,4,295.88,295.88,0.0
67,10,24,30,15,True,E_prob,1.3,1.0,0,4,4,290.87,290.87,0.0
68,10,24,30,15,True,C_benefit,0.7,1.0,0,4,4,187.61,187.61,0.0
68,10,24,30,15,True,C_benefit,0.8,1.0,0,4,4,274.61,274.61,0.0
68,10,24,30,15,True,C_benefit,0.9,1.0,0,4,4,361.61,361.61,0.0
68,10,24,30,15,True,C_benefit,1.1,1.0,0,4,4,535.61,535.61,0.0
68,10,24,30,15,True,C_benefit,1.2,1.0,0,4,4,622.61,622.61,0.0
68,10,24,30,15,True,C_benefit,1.3,1.0,0,4,4,709.61,709.61,0.0
68,10,24,30,15,True,P_loss,0.7,1.0,0,4,4,484.427,484.427,0.0
68,10,24,30,15,True,P_loss,0.8,1.0,0,4,4,472.488,472.488,0.0
68,10,24,30,15,True,P_loss,0.9,1.0,0,4,4,460.549,460.549,0.0
68,10,24,30,15,True,P_loss,1.1,1.0,0,4,4,436.671,436.671,0.0
68,10,24,30,15,True,P_loss,1.2,1.0,0,4,4,424.732,424.732,0.0
68,10,24,30,15,True,P_loss,1.3,0.8,1,4,5,401.68,412.793,-0.027666
68,10,24,30,15,True,D_cost,0.7,1.0,0,4,4,539.21,539.21,0.0
68,10,24,30,15,True,D_cost,0.8,1.0,0,4,4,509.01,509.01,0.0
68,10,24,30,15,True,D_cost,0.9,1.0,0,4,4,478.81,478.81,0.0
68,10,24,30,15,True,D_cost,1.1,1.0,0,4,4,418.41,418.41,0.0
68,10,24,30,15,True,D_cost,1.2,1.0,0,4,4,388.21,388.21,0.0
68,10,24,30,15,True,D_cost,1.3,1.0,0,4,4,358.01,358.01,0.0
68,10,24,30,15,True,E_prob,0.7,1.0,0,4,4,485.1154,485.1154,0.0
68,10,24,30,15,True,E_prob,0.8,1.0,0,4,4,473.0019,473.0019,0.0
68,10,24,30,15,True,E_prob,0.9,1.0,0,4,4,460.8321,460.8321,0.0
68,10,24,30,15,True,E_prob,1.1,1.0,0,4,4,436.3395,436.3395,0.0
68,10,24,30,15,True,E_prob,1.2,1.0,0,4,4,424.0245,424.0245,0.0
68,10,24,30,15,True,E_prob,1.3,0.8,1,4,5,401.68,411.669,-0.024868
69,10,24,30,15,True,C_benefit,0.7,1.0,0,5,5,219.6,219.6,0.0
69,10,24,30,15,True,C_benefit,0.8,1.0,0,5,5,302.5,302.5,0.0
69,10,24,30,15,True,C_benefit,0.9,1.0,0,5,5,385.4,385.4,0.0
69,10,24,30,15,True,C_benefit,1.1,1.0,0,5,5,551.2,551.2,0.0
69,10,24,30,15,True,C_benefit,1.2,1.0,0,5,5,634.1,634.1,0.0
69,10,24,30,15,True,C_benefit,1.3,1.0,0,5,5,717.0,717.0,0.0
69,10,24,30,15,True,P_loss,0.7,0.8,1,5,4,489.87,475.41,0.029518
69,10,24,30,15,True,P_loss,0.8,0.8,1,5,4,473.28,473.04,0.000507
69,10,24,30,15,True,P_loss,0.9,1.0,0,5,5,470.67,470.67,0.0
69,10,24,30,15,True,P_loss,1.1,1.0,0,5,5,465.93,465.93,0.0
69,10,24,30,15,True,P_loss,1.2,1.0,0,5,5,463.56,463.56,0.0
69,10,24,30,15,True,P_loss,1.3,1.0,0,5,5,461.19,461.19,0.0
69,10,24,30,15,True,D_cost,0.7,1.0,0,5,5,569.4,569.4,0.0
69,10,24,30,15,True,D_cost,0.8,1.0,0,5,5,535.7,535.7,0.0
69,10,24,30,15,True,D_cost,0.9,1.0,0,5,5,502.0,502.0,0.0
69,10,24,30,15,True,D_cost,1.1,1.0,0,5,5,434.6,434.6,0.0
69,10,24,30,15,True,D_cost,1.2,1.0,0,5,5,400.9,400.9,0.0
69,10,24,30,15,True,D_cost,1.3,1.0,0,5,5,367.2,367.2,0.0
69,10,24,30,15,True,E_prob,0.7,0.8,1,5,4,489.87,475.41,0.029518
69,10,24,30,15,True,E_prob,0.8,0.8,1,5,4,473.28,473.04,0.000507
69,10,24,30,15,True,E_prob,0.9,1.0,0,5,5,470.67,470.67,0.0
69,10,24,30,15,True,E_prob,1.1,1.0,0,5,5,465.93,465.93,0.0
69,10,24,30,15,True,E_prob,1.2,1.0,0,5,5,463.56,463.56,0.0
69,10,24,30,15,True,E_prob,1.3,1.0,0,5,5,461.19,461.19,0.0
70,10,24,30,15,True,C_benefit,0.7,1.0,0,4,4,171.5,171.5,0.0
70,10,24,30,15,True,C_benefit,0.8,1.0,0,4,4,233.0,233.0,0.0
70,10,24,30,15,True,C_benefit,0.9,1.0,0,4,4,294.5,294.5,0.0
70,10,24,30,15,True,C_benefit,1.1,1.0,0,4,4,417.5,417.5,0.0
70,10,24,30,15,True,C_benefit,1.2,1.0,0,4,4,479.0,479.0,0.0
70,10,24,30,15,True,C_benefit,1.3,1.0,0,4,4,540.5,540.5,0.0
70,10,24,30,15,True,P_loss,0.7,0.75,1,4,3,383.01,356.0,0.07052
70,10,24,30,15,True,P_loss,0.8,0.75,1,4,3,367.44,356.0,0.031134
70,10,24,30,15,True,P_loss,0.9,1.0,0,4,4,356.0,356.0,0.0
70,10,24,30,15,True,P_loss,1.1,1.0,0,4,4,356.0,356.0,0.0
70,10,24,30,15,True,P_loss,1.2,1.0,0,4,4,356.0,356.0,0.0
70,10,24,30,15,True,P_loss,1.3,1.0,0,4,4,356.0,356.0,0.0
70,10,24,30,15,True,D_cost,0.7,1.0,0,4,4,433.7,433.7,0.0
70,10,24,30,15,True,D_cost,0.8,1.0,0,4,4,407.8,407.8,0.0
70,10,24,30,15,True,D_cost,0.9,1.0,0,4,4,381.9,381.9,0.0
70,10,24,30,15,True,D_cost,1.1,1.0,0,4,4,330.1,330.1,0.0
70,10,24,30,15,True,D_cost,1.2,1.0,0,4,4,304.2,304.2,0.0
70,10,24,30,15,True,D_cost,1.3,0.75,1,4,3,280.8,278.3,0.008903
70,10,24,30,15,True,E_prob,0.7,0.75,1,4,3,383.01,356.0,0.07052
70,10,24,30,15,True,E_prob,0.8,0.75,1,4,3,367.44,356.0,0.031134
70,10,24,30,15,True,E_prob,0.9,1.0,0,4,4,356.0,356.0,0.0
70,10,24,30,15,True,E_prob,1.1,1.0,0,4,4,356.0,356.0,0.0
70,10,24,30,15,True,E_prob,1.2,1.0,0,4,4,356.0,356.0,0.0
70,10,24,30,15,True,E_prob,1.3,1.0,0,4,4,356.0,356.0,0.0
71,10,24,30,15,True,C_benefit,0.7,1.0,0,5,5,129.2,129.2,0.0
71,10,24,30,15,True,C_benefit,0.8,1.0,0,5,5,191.8,191.8,0.0
71,10,24,30,15,True,C_benefit,0.9,1.0,0,5,5,254.4,254.4,0.0
71,10,24,30,15,True,C_benefit,1.1,1.0,0,5,5,379.6,379.6,0.0
71,10,24,30,15,True,C_benefit,1.2,0.6667,2,5,5,443.4,442.2,0.002706
71,10,24,30,15,True,C_benefit,1.3,0.6667,2,5,5,507.6,504.8,0.005516
71,10,24,30,15,True,P_loss,0.7,1.0,0,5,5,317.0,317.0,0.0
71,10,24,30,15,True,P_loss,0.8,1.0,0,5,5,317.0,317.0,0.0
71,10,24,30,15,True,P_loss,0.9,1.0,0,5,5,317.0,317.0,0.0
71,10,24,30,15,True,P_loss,1.1,1.0,0,5,5,317.0,317.0,0.0
71,10,24,30,15,True,P_loss,1.2,1.0,0,5,5,317.0,317.0,0.0
71,10,24,30,15,True,P_loss,1.3,1.0,0,5,5,317.0,317.0,0.0
71,10,24,30,15,True,D_cost,0.7,0.6667,2,5,5,413.1,409.7,0.00823
71,10,24,30,15,True,D_cost,0.8,0.6667,2,5,5,380.4,378.8,0.004206
71,10,24,30,15,True,D_cost,0.9,1.0,0,5,5,347.9,347.9,0.0
71,10,24,30,15,True,D_cost,1.1,1.0,0,5,5,286.1,286.1,0.0
71,10,24,30,15,True,D_cost,1.2,1.0,0,5,5,255.2,255.2,0.0
71,10,24,30,15,True,D_cost,1.3,1.0,0,5,5,224.3,224.3,0.0
71,10,24,30,15,True,E_prob,0.7,1.0,0,5,5,317.0,317.0,0.0
71,10,24,30,15,True,E_prob,0.8,1.0,0,5,5,317.0,317.0,0.0
71,10,24,30,15,True,E_prob,0.9,1.0,0,5,5,317.0,317.0,0.0
71,10,24,30,15,True,E_prob,1.1,1.0,0,5,5,317.0,317.0,0.0
71,10,24,30,15,True,E_prob,1.2,1.0,0,5,5,317.0,317.0,0.0
71,10,24,30,15,True,E_prob,1.3,1.0,0,5,5,317.0,317.0,0.0
72,10,24,30,15,True,C_benefit,0.7,1.0,0,3,3,286.55,286.55,0.0
72,10,24,30,15,True,C_benefit,0.8,1.0,0,3,3,363.05,363.05,0.0
72,10,24,30,15,True,C_benefit,0.9,1.0,0,3,3,439.55,439.55,0.0
72,10,24,30,15,True,C_benefit,1.1,1.0,0,3,3,592.55,592.55,0.0
72,10,24,30,15,True,C_benefit,1.2,1.0,0,3,3,669.05,669.05,0.0
72,10,24,30,15,True,C_benefit,1.3,1.0,0,3,3,745.55,745.55,0.0
72,10,24,30,15,True,P_loss,0.7,1.0,0,3,3,523.835,523.835,0.0
72,10,24,30,15,True,P_loss,0.8,1.0,0,3,3,521.24,521.24,0.0
72,10,24,30,15,True,P_loss,0.9,1.0,0,3,3,518.645,518.645,0.0
72,10,24,30,15,True,P_loss,1.1,1.0,0,3,3,513.455,513.455,0.0
72,10,24,30,15,True,P_loss,1.2,1.0,0,3,3,510.86,510.86,0.0
72,10,24,30,15,True,P_loss,1.3,1.0,0,3,3,508.265,508.265,0.0
72,10,24,30,15,True,D_cost,0.7,1.0,0,3,3,582.95,582.95,0.0
72,10,24,30,15,True,D_cost,0.8,1.0,0,3,3,560.65,560.65,0.0
72,10,24,30,15,True,D_cost,0.9,1.0,0,3,3,538.35,538.35,0.0
72,10,24,30,15,True,D_cost,1.1,1.0,0,3,3,493.75,493.75,0.0
72,10,24,30,15,True,D_cost,1.2,1.0,0,3,3,471.45,471.45,0.0
72,10,24,30,15,True,D_cost,1.3,1.0,0,3,3,449.15,449.15,0.0
72,10,24,30,15,True,E_prob,0.7,1.0,0,3,3,523.835,523.835,0.0
72,10,24,30,15,True,E_prob,0.8,1.0,0,3,3,521.24,521.24,0.0
72,10,24,30,15,True,E_prob,0.9,1.0,0,3,3,518.645,518.645,0.0
72,10,24,30,15,True,E_prob,1.1,1.0,0,3,3,513.455,513.455,0.0
72,10,24,30,15,True,E_prob,1.2,1.0,0,3,3,510.86,510.86,0.0
72,10,24,30,15,True,E_prob,1.3,1.0,0,3,3,508.265,508.265,0.0
73,10,24,30,15,True,C_benefit,0.7,1.0,0,4,4,175.8,175.8,0.0
73,10,24,30,15,True,C_benefit,0.8,1.0,0,4,4,260.7,260.7,0.0
73,10,24,30,15,True,C_benefit,0.9,1.0,0,4,4,345.6,345.6,0.0
73,10,24,30,15,True,C_benefit,1.1,0.3333,4,4,4,516.0,515.4,0.001163
73,10,24,30,15,True,C_benefit,1.2,0.3333,4,4,4,603.0,600.3,0.004478
73,10,24,30,15,True,C_benefit,1.3,0.3333,4,4,4,690.0,685.2,0.006957
73,10,24,30,15,True,P_loss,0.7,0.3333,4,4,4,480.3,475.05,0.010931
73,10,24,30,15,True,P_loss,0.8,0.3333,4,4,4,463.2,460.2,0.006477
73,10,24,30,15,True,P_loss,0.9,0.3333,4,4,4,446.1,445.35,0.001681
73,10,24,30,15,True,P_loss,1.1,1.0,0,4,4,415.65,415.65,0.0
73,10,24,30,15,True,P_loss,1.2,1.0,0,4,4,400.8,400.8,0.0
73,10,24,30,15,True,P_loss,1.3,1.0,0,4,4,385.95,385.95,0.0
73,10,24,30,15,True,D_cost,0.7,1.0,0,4,4,511.5,511.5,0.0
73,10,24,30,15,True,D_cost,0.8,1.0,0,4,4,484.5,484.5,0.0
73,10,24,30,15,True,D_cost,0.9,1.0,0,4,4,457.5,457.5,0.0
73,10,24,30,15,True,D_cost,1.1,1.0,0,4,4,403.5,403.5,0.0
73,10,24,30,15,True,D_cost,1.2,1.0,0,4,4,376.5,376.5,0.0
73,10,24,30,15,True,D_cost,1.3,1.0,0,4,4,349.5,349.5,0.0
73,10,24,30,15,True,E_prob,0.7,0.3333,4,4,4,480.3,475.05,0.010931
73,10,24,30,15,True,E_prob,0.8,0.3333,4,4,4,463.2,460.2,0.006477
73,10,24,30,15,True,E_prob,0.9,0.3333,4,4,4,446.1,445.35,0.001681
73,10,24,30,15,True,E_prob,1.1,1.0,0,4,4,415.65,415.65,0.0
73,10,24,30,15,True,E_prob,1.2,1.0,0,4,4,400.8,400.8,0.0
73,10,24,30,15,True,E_prob,1.3,1.0,0,4,4,385.95,385.95,0.0
74,10,24,30,15,True,C_benefit,0.7,1.0,0,5,5,-120.7,-120.7,0.0
74,10,24,30,15,True,C_benefit,0.8,1.0,0,5,5,-81.3,-81.3,0.0
74,10,24,30,15,True,C_benefit,0.9,1.0,0,5,5,-41.9,-41.9,0.0
74,10,24,30,15,True,C_benefit,1.1,1.0,0,5,5,36.9,36.9,0.0
74,10,24,30,15,True,C_benefit,1.2,1.0,0,5,5,76.3,76.3,0.0
74,10,24,30,15,True,C_benefit,1.3,0.4286,4,5,5,117.12,115.7,0.012124
74,10,24,30,15,True,P_loss,0.7,0.8,1,5,4,27.56,4.55,0.834906
74,10,24,30,15,True,P_loss,0.8,0.8,1,5,4,12.64,2.2,0.825949
74,10,24,30,15,True,P_loss,0.9,1.0,0,5,5,-0.15,-0.15,0.0
74,10,24,30,15,True,P_loss,1.1,1.0,0,5,5,-4.85,-4.85,0.0
74,10,24,30,15,True,P_loss,1.2,1.0,0,5,5,-7.2,-7.2,0.0
74,10,24,30,15,True,P_loss,1.3,1.0,0,5,5,-9.55,-9.55,0.0
74,10,24,30,15,True,D_cost,0.7,0.1,9,5,6,115.6,109.4,0.053633
74,10,24,30,15,True,D_cost,0.8,0.6667,2,5,5,72.5,72.1,0.005517
74,10,24,30,15,True,D_cost,0.9,1.0,0,5,5,34.8,34.8,0.0
74,10,24,30,15,True,D_cost,1.1,1.0,0,5,5,-39.8,-39.8,0.0
74,10,24,30,15,True,D_cost,1.2,1.0,0,5,5,-77.1,-77.1,0.0
74,10,24,30,15,True,D_cost,1.3,0.8,1,5,4,-109.6,-114.4,0.043796
74,10,24,30,15,True,E_prob,0.7,0.8,1,5,4,27.56,4.55,0.834906
74,10,24,30,15,True,E_prob,0.8,0.8,1,5,4,12.64,2.2,0.825949
74,10,24,30,15,True,E_prob,0.9,1.0,0,5,5,-0.15,-0.15,0.0
74,10,24,30,15,True,E_prob,1.1,1.0,0,5,5,-4.85,-4.85,0.0
74,10,24,30,15,True,E_prob,1.2,1.0,0,5,5,-7.2,-7.2,0.0
74,10,24,30,15,True,E_prob,1.3,1.0,0,5,5,-9.55,-9.55,0.0
75,10,24,30,15,True,C_benefit,0.7,1.0,0,2,2,153.146,153.146,0.0
75,10,24,30,15,True,C_benefit,0.8,1.0,0,2,2,223.346,223.346,0.0
75,10,24,30,15,True,C_benefit,0.9,1.0,0,2,2,293.546,293.546,0.0
75,10,24,30,15,True,C_benefit,1.1,1.0,0,2,2,433.946,433.946,0.0
75,10,24,30,15,True,C_benefit,1.2,1.0,0,2,2,504.146,504.146,0.0
75,10,24,30,15,True,C_benefit,1.3,1.0,0,2,2,574.346,574.346,0.0
75,10,24,30,15,True,P_loss,0.7,1.0,0,2,2,416.6222,416.6222,0.0
75,10,24,30,15,True,P_loss,0.8,1.0,0,2,2,398.9968,398.9968,0.0
75,10,24,30,15,True,P_loss,0.9,1.0,0,2,2,381.3714,381.3714,0.0
75,10,24,30,15,True,P_loss,1.1,1.0,0,2,2,346.1206,346.1206,0.0
75,10,24,30,15,True,P_loss,1.2,1.0,0,2,2,328.4952,328.4952,0.0
75,10,24,30,15,True,P_loss,1.3,1.0,0,2,2,310.8698,310.8698,0.0
75,10,24,30,15,True,D_cost,0.7,1.0,0,2,2,412.346,412.346,0.0
75,10,24,30,15,True,D_cost,0.8,1.0,0,2,2,396.146,396.146,0.0
75,10,24,30,15,True,D_cost,0.9,1.0,0,2,2,379.946,379.946,0.0
75,10,24,30,15,True,D_cost,1.1,1.0,0,2,2,347.546,347.546,0.0
75,10,24,30,15,True,D_cost,1.2,1.0,0,2,2,331.346,331.346,0.0
75,10,24,30,15,True,D_cost,1.3,1.0,0,2,2,315.146,315.146,0.0
75,10,24,30,15,True,E_prob,0.7,1.0,0,2,2,412.6561,412.6561,0.0
75,10,24,30,15,True,E_prob,0.8,1.0,0,2,2,395.975,395.975,0.0
75,10,24,30,15,True,E_prob,0.9,1.0,0,2,2,379.6717,379.6717,0.0
75,10,24,30,15,True,E_prob,1.1,1.0,0,2,2,348.1981,348.1981,0.0
75,10,24,30,15,True,E_prob,1.2,1.0,0,2,2,333.0278,333.0278,0.0
75,10,24,30,15,True,E_prob,1.3,1.0,0,2,2,318.2353,318.2353,0.0
76,10,24,30,15,True,C_benefit,0.7,1.0,0,4,4,49.75,49.75,0.0
76,10,24,30,15,True,C_benefit,0.8,1.0,0,4,4,107.75,107.75,0.0
76,10,24,30,15,True,C_benefit,0.9,1.0,0,4,4,165.75,165.75,0.0
76,10,24,30,15,True,C_benefit,1.1,1.0,0,4,4,281.75,281.75,0.0
76,10,24,30,15,True,C_benefit,1.2,1.0,0,4,4,339.75,339.75,0.0
76,10,24,30,15,True,C_benefit,1.3,1.0,0,4,4,397.75,397.75,0.0
76,10,24,30,15,True,P_loss,0.7,1.0,0,4,4,251.425,251.425,0.0
76,10,24,30,15,True,P_loss,0.8,1.0,0,4,4,242.2,242.2,0.0
76,10,24,30,15,True,P_loss,0.9,1.0,0,4,4,232.975,232.975,0.0
76,10,24,30,15,True,P_loss,1.1,1.0,0,4,4,214.525,214.525,0.0
76,10,24,30,15,True,P_loss,1.2,1.0,0,4,4,205.3,205.3,0.0
76,10,24,30,15,True,P_loss,1.3,1.0,0,4,4,196.075,196.075,0.0
76,10,24,30,15,True,D_cost,0.7,1.0,0,4,4,302.95,302.95,0.0
76,10,24,30,15,True,D_cost,0.8,1.0,0,4,4,276.55,276.55,0.0
76,10,24,30,15,True,D_cost,0.9,1.0,0,4,4,250.15,250.15,0.0
76,10,24,30,15,True,D_cost,1.1,1.0,0,4,4,197.35,197.35,0.0
76,10,24,30,15,True,D_cost,1.2,1.0,0,4,4,170.95,170.95,0.0
76,10,24,30,15,True,D_cost,1.3,1.0,0,4,4,144.55,144.55,0.0
76,10,24,30,15,True,E_prob,0.7,1.0,0,4,4,251.425,251.425,0.0
76,10,24,30,15,True,E_prob,0.8,1.0,0,4,4,242.2,242.2,0.0
76,10,24,30,15,True,E_prob,0.9,1.0,0,4,4,232.975,232.975,0.0
76,10,24,30,15,True,E_prob,1.1,1.0,0,4,4,214.525,214.525,0.0
76,10,24,30,15,True,E_prob,1.2,1.0,0,4,4,205.3,205.3,0.0
76,10,24,30,15,True,E_prob,1.3,1.0,0,4,4,196.075,196.075,0.0
77,10,24,30,15,True,C_benefit,0.7,0.1667,5,3,4,197.2,188.42,0.044523
77,10,24,30,15,True,C_benefit,0.8,1.0,0,3,3,261.72,261.72,0.0
77,10,24,30,15,True,C_benefit,0.9,1.0,0,3,3,335.02,335.02,0.0
77,10,24,30,15,True,C_benefit,1.1,1.0,0,3,3,481.62,481.62,0.0
77,10,24,30,15,True,C_benefit,1.2,1.0,0,3,3,554.92,554.92,0.0
77,10,24,30,15,True,C_benefit,1.3,1.0,0,3,3,628.22,628.22,0.0
77,10,24,30,15,True,P_loss,0.7,1.0,0,3,3,450.224,450.224,0.0
77,10,24,30,15,True,P_loss,0.8,1.0,0,3,3,436.256,436.256,0.0
77,10,24,30,15,True,P_loss,0.9,1.0,0,3,3,422.288,422.288,0.0
77,10,24,30,15,True,P_loss,1.1,1.0,0,3,3,394.352,394.352,0.0
77,10,24,30,15,True,P_loss,1.2,0.1667,5,3,4,388.0,380.384,0.019629
77,10,24,30,15,True,P_loss,1.3,0.1667,5,3,4,388.0,366.416,0.055629
77,10,24,30,15,True,D_cost,0.7,0.75,1,3,4,471.3,463.82,0.015871
77,10,24,30,15,True,D_cost,0.8,0.75,1,3,4,446.7,445.32,0.003089
77,10,24,30,15,True,D_cost,0.9,1.0,0,3,3,426.82,426.82,0.0
77,10,24,30,15,True,D_cost,1.1,1.0,0,3,3,389.82,389.82,0.0
77,10,24,30,15,True,D_cost,1.2,1.0,0,3,3,371.32,371.32,0.0
77,10,24,30,15,True,D_cost,1.3,1.0,0,3,3,352.82,352.82,0.0
77,10,24,30,15,True,E_prob,0.7,1.0,0,3,3,450.224,450.224,0.0
77,10,24,30,15,True,E_prob,0.8,1.0,0,3,3,436.256,436.256,0.0
77,10,24,30,15,True,E_prob,0.9,1.0,0,3,3,422.288,422.288,0.0
77,10,24,30,15,True,E_prob,1.1,1.0,0,3,3,394.352,394.352,0.0
77,10,24,30,15,True,E_prob,1.2,0.1667,5,3,4,388.0,380.384,0.019629
77,10,24,30,15,True,E_prob,1.3,0.1667,5,3,4,388.0,366.416,0.055629
78,10,24,30,15,True,C_benefit,0.7,0.6,2,4,4,99.7,93.0,0.067202
78,10,24,30,15,True,C_benefit,0.8,0.6,2,4,4,155.1,151.5,0.023211
78,10,24,30,15,True,C_benefit,0.9,0.6,2,4,4,210.5,210.0,0.002375
78,10,24,30,15,True,C_benefit,1.1,1.0,0,4,4,327.0,327.0,0.0
78,10,24,30,15,True,C_benefit,1.2,1.0,0,4,4,385.5,385.5,0.0
78,10,24,30,15,True,C_benefit,1.3,1.0,0,4,4,444.0,444.0,0.0
78,10,24,30,15,True,P_loss,0.7,0.75,1,4,3,285.27,284.25,0.003576
78,10,24,30,15,True,P_loss,0.8,1.0,0,4,4,279.0,279.0,0.0
78,10,24,30,15,True,P_loss,0.9,1.0,0,4,4,273.75,273.75,0.0
78,10,24,30,15,True,P_loss,1.1,0.6,2,4,4,263.29,263.25,0.000152
78,10,24,30,15,True,P_loss,1.2,0.6,2,4,4,260.68,258.0,0.010281
78,10,24,30,15,True,P_loss,1.3,0.6,2,4,4,258.07,252.75,0.020615
78,10,24,30,15,True,D_cost,0.7,1.0,0,4,4,347.7,347.7,0.0
78,10,24,30,15,True,D_cost,0.8,1.0,0,4,4,321.3,321.3,0.0
78,10,24,30,15,True,D_cost,0.9,1.0,0,4,4,294.9,294.9,0.0
78,10,24,30,15,True,D_cost,1.1,1.0,0,4,4,242.1,242.1,0.0
78,10,24,30,15,True,D_cost,1.2,1.0,0,4,4,215.7,215.7,0.0
78,10,24,30,15,True,D_cost,1.3,1.0,0,4,4,189.3,189.3,0.0
78,10,24,30,15,True,E_prob,0.7,0.75,1,4,3,285.27,284.25,0.003576
78,10,24,30,15,True,E_prob,0.8,1.0,0,4,4,279.0,279.0,0.0
78,10,24,30,15,True,E_prob,0.9,1.0,0,4,4,273.75,273.75,0.0
78,10,24,30,15,True,E_prob,1.1,0.6,2,4,4,263.29,263.25,0.000152
78,10,24,30,15,True,E_prob,1.2,0.6,2,4,4,260.68,258.0,0.010281
78,10,24,30,15,True,E_prob,1.3,0.6,2,4,4,258.07,252.75,0.020615
79,10,24,30,15,True,C_benefit,0.7,0.6667,2,5,5,154.3,153.7,0.003889
79,10,24,30,15,True,C_benefit,0.8,1.0,0,5,5,230.4,230.4,0.0
79,10,24,30,15,True,C_benefit,0.9,1.0,0,5,5,307.1,307.1,0.0
79,10,24,30,15,True,C_benefit,1.1,1.0,0,5,5,460.5,460.5,0.0
79,10,24,30,15,True,C_benefit,1.2,1.0,0,5,5,537.2,537.2,0.0
79,10,24,30,15,True,C_benefit,1.3,1.0,0,5,5,613.9,613.9,0.0
79,10,24,30,15,True,P_loss,0.7,0.0,8,5,3,450.3793,393.46,0.126381
79,10,24,30,15,True,P_loss,0.8,0.0,8,5,3,404.4334,390.24,0.035095
79,10,24,30,15,True,P_loss,0.9,1.0,0,5,5,387.02,387.02,0.0
79,10,24,30,15,True,P_loss,1.1,1.0,0,5,5,380.58,380.58,0.0
79,10,24,30,15,True,P_loss,1.2,1.0,0,5,5,377.36,377.36,0.0
79,10,24,30,15,True,P_loss,1.3,1.0,0,5,5,374.14,374.14,0.0
79,10,24,30,15,True,D_cost,0.7,1.0,0,5,5,489.1,489.1,0.0
79,10,24,30,15,True,D_cost,0.8,1.0,0,5,5,454.0,454.0,0.0
79,10,24,30,15,True,D_cost,0.9,1.0,0,5,5,418.9,418.9,0.0
79,10,24,30,15,True,D_cost,1.1,1.0,0,5,5,348.7,348.7,0.0
79,10,24,30,15,True,D_cost,1.2,1.0,0,5,5,313.6,313.6,0.0
79,10,24,30,15,True,D_cost,1.3,1.0,0,5,5,278.5,278.5,0.0
79,10,24,30,15,True,E_prob,0.7,0.0,8,5,3,448.0407,393.46,0.121821
79,10,24,30,15,True,E_prob,0.8,1.0,0,5,5,390.24,390.24,0.0
79,10,24,30,15,True,E_prob,0.9,1.0,0,5,5,387.02,387.02,0.0
79,10,24,30,15,True,E_prob,1.1,1.0,0,5,5,380.58,380.58,0.0
79,10,24,30,15,True,E_prob,1.2,1.0,0,5,5,377.36,377.36,0.0
79,10,24,30,15,True,E_prob,1.3,1.0,0,5,5,374.14,374.14,0.0
80,10,24,30,15,True,C_benefit,0.7,1.0,0,4,4,207.5,207.5,0.0
80,10,24,30,15,True,C_benefit,0.8,1.0,0,4,4,276.0,276.0,0.0
80,10,24,30,15,True,C_benefit,0.9,1.0,0,4,4,344.5,344.5,0.0
80,10,24,30,15,True,C_benefit,1.1,1.0,0,4,4,481.5,481.5,0.0
80,10,24,30,15,True,C_benefit,1.2,1.0,0,4,4,550.0,550.0,0.0
80,10,24,30,15,True,C_benefit,1.3,1.0,0,4,4,618.5,618.5,0.0
80,10,24,30,15,True,P_loss,0.7,1.0,0,4,4,413.0,413.0,0.0
80,10,24,30,15,True,P_loss,0.8,1.0,0,4,4,413.0,413.0,0.0
80,10,24,30,15,True,P_loss,0.9,1.0,0,4,4,413.0,413.0,0.0
80,10,24,30,15,True,P_loss,1.1,1.0,0,4,4,413.0,413.0,0.0
80,10,24,30,15,True,P_loss,1.2,1.0,0,4,4,413.0,413.0,0.0
80,10,24,30,15,True,P_loss,1.3,1.0,0,4,4,413.0,413.0,0.0
80,10,24,30,15,True,D_cost,0.7,1.0,0,4,4,494.6,494.6,0.0
80,10,24,30,15,True,D_cost,0.8,1.0,0,4,4,467.4,467.4,0.0
80,10,24,30,15,True,D_cost,0.9,1.0,0,4,4,440.2,440.2,0.0
80,10,24,30,15,True,D_cost,1.1,1.0,0,4,4,385.8,385.8,0.0
80,10,24,30,15,True,D_cost,1.2,1.0,0,4,4,358.6,358.6,0.0
80,10,24,30,15,True,D_cost,1.3,1.0,0,4,4,331.4,331.4,0.0
80,10,24,30,15,True,E_prob,0.7,1.0,0,4,4,413.0,413.0,0.0
80,10,24,30,15,True,E_prob,0.8,1.0,0,4,4,413.0,413.0,0.0
80,10,24,30,15,True,E_prob,0.9,1.0,0,4,4,413.0,413.0,0.0
80,10,24,30,15,True,E_prob,1.1,1.0,0,4,4,413.0,413.0,0.0
80,10,24,30,15,True,E_prob,1.2,1.0,0,4,4,413.0,413.0,0.0
80,10,24,30,15,True,E_prob,1.3,1.0,0,4,4,413.0,413.0,0.0
81,10,24,30,15,True,C_benefit,0.7,1.0,0,3,3,184.3,184.3,0.0
81,10,24,30,15,True,C_benefit,0.8,1.0,0,3,3,246.5,246.5,0.0
81,10,24,30,15,True,C_benefit,0.9,1.0,0,3,3,308.7,308.7,0.0
81,10,24,30,15,True,C_benefit,1.1,1.0,0,3,3,433.1,433.1,0.0
81,10,24,30,15,True,C_benefit,1.2,1.0,0,3,3,495.3,495.3,0.0
81,10,24,30,15,True,C_benefit,1.3,1.0,0,3,3,557.5,557.5,0.0
81,10,24,30,15,True,P_loss,0.7,1.0,0,3,3,387.73,387.73,0.0
81,10,24,30,15,True,P_loss,0.8,1.0,0,3,3,382.12,382.12,0.0
81,10,24,30,15,True,P_loss,0.9,1.0,0,3,3,376.51,376.51,0.0
81,10,24,30,15,True,P_loss,1.1,1.0,0,3,3,365.29,365.29,0.0
81,10,24,30,15,True,P_loss,1.2,1.0,0,3,3,359.68,359.68,0.0
81,10,24,30,15,True,P_loss,1.3,1.0,0,3,3,354.07,354.07,0.0
81,10,24,30,15,True,D_cost,0.7,1.0,0,3,3,429.4,429.4,0.0
81,10,24,30,15,True,D_cost,0.8,1.0,0,3,3,409.9,409.9,0.0
81,10,24,30,15,True,D_cost,0.9,1.0,0,3,3,390.4,390.4,0.0
81,10,24,30,15,True,D_cost,1.1,1.0,0,3,3,351.4,351.4,0.0
81,10,24,30,15,True,D_cost,1.2,1.0,0,3,3,331.9,331.9,0.0
81,10,24,30,15,True,D_cost,1.3,1.0,0,3,3,312.4,312.4,0.0
81,10,24,30,15,True,E_prob,0.7,1.0,0,3,3,387.73,387.73,0.0
81,10,24,30,15,True,E_prob,0.8,1.0,0,3,3,382.12,382.12,0.0
81,10,24,30,15,True,E_prob,0.9,1.0,0,3,3,376.51,376.51,0.0
81,10,24,30,15,True,E_prob,1.1,1.0,0,3,3,365.29,365.29,0.0
81,10,24,30,15,True,E_prob,1.2,1.0,0,3,3,359.68,359.68,0.0
81,10,24,30,15,True,E_prob,1.3,1.0,0,3,3,354.07,354.07,0.0
82,10,24,30,15,True,C_benefit,0.7,1.0,0,4,4,161.1,161.1,0.0
82,10,24,30,15,True,C_benefit,0.8,1.0,0,4,4,218.4,218.4,0.0
82,10,24,30,15,True,C_benefit,0.9,1.0,0,4,4,275.7,275.7,0.0
82,10,24,30,15,True,C_benefit,1.1,0.4,3,4,3,393.4,390.3,0.00788
82,10,24,30,15,True,C_benefit,1.2,0.4,3,4,3,455.8,447.6,0.01799
82,10,24,30,15,True,C_benefit,1.3,0.4,3,4,3,518.2,504.9,0.025666
82,10,24,30,15,True,P_loss,0.7,0.4,3,4,3,367.6,333.0,0.094124
82,10,24,30,15,True,P_loss,0.8,0.4,3,4,3,355.4,333.0,0.063028
82,10,24,30,15,True,P_loss,0.9,0.4,3,4,3,343.2,333.0,0.02972
82,10,24,30,15,True,P_loss,1.1,1.0,0,4,4,333.0,333.0,0.0
82,10,24,30,15,True,P_loss,1.2,1.0,0,4,4,333.0,333.0,0.0
82,10,24,30,15,True,P_loss,1.3,1.0,0,4,4,333.0,333.0,0.0
82,10,24,30,15,True,D_cost,0.7,1.0,0,4,4,405.0,405.0,0.0
82,10,24,30,15,True,D_cost,0.8,1.0,0,4,4,381.0,381.0,0.0
82,10,24,30,15,True,D_cost,0.9,1.0,0,4,4,357.0,357.0,0.0
82,10,24,30,15,True,D_cost,1.1,0.4,3,4,3,313.9,309.0,0.01561
82,10,24,30,15,True,D_cost,1.2,0.4,3,4,3,296.8,285.0,0.039757
82,10,24,30,15,True,D_cost,1.3,0.4,3,4,3,279.7,261.0,0.066857
82,10,24,30,15,True,E_prob,0.7,0.4,3,4,3,367.6,333.0,0.094124
82,10,24,30,15,True,E_prob,0.8,0.4,3,4,3,355.4,333.0,0.063028
82,10,24,30,15,True,E_prob,0.9,0.4,3,4,3,343.2,333.0,0.02972
82,10,24,30,15,True,E_prob,1.1,1.0,0,4,4,333.0,333.0,0.0
82,10,24,30,15,True,E_prob,1.2,1.0,0,4,4,333.0,333.0,0.0
82,10,24,30,15,True,E_prob,1.3,1.0,0,4,4,333.0,333.0,0.0
83,10,24,30,15,True,C_benefit,0.7,1.0,0,4,4,118.99,118.99,0.0
83,10,24,30,15,True,C_benefit,0.8,1.0,0,4,4,183.59,183.59,0.0
83,10,24,30,15,True,C_benefit,0.9,1.0,0,4,4,248.19,248.19,0.0
83,10,24,30,15,True,C_benefit,1.1,1.0,0,4,4,377.39,377.39,0.0
83,10,24,30,15,True,C_benefit,1.2,1.0,0,4,4,441.99,441.99,0.0
83,10,24,30,15,True,C_benefit,1.3,0.6,2,4,4,506.64,506.59,9.9e-05
83,10,24,30,15,True,P_loss,0.7,0.75,1,4,3,334.6793,329.653,0.015018
83,10,24,30,15,True,P_loss,0.8,1.0,0,4,4,324.032,324.032,0.0
83,10,24,30,15,True,P_loss,0.9,1.0,0,4,4,318.411,318.411,0.0
83,10,24,30,15,True,P_loss,1.1,1.0,0,4,4,307.169,307.169,0.0
83,10,24,30,15,True,P_loss,1.2,0.6,2,4,4,302.328,301.548,0.00258
83,10,24,30,15,True,P_loss,1.3,0.6,2,4,4,299.022,295.927,0.01035
83,10,24,30,15,True,D_cost,0.7,0.6,2,4,4,404.04,395.89,0.020171
83,10,24,30,15,True,D_cost,0.8,0.6,2,4,4,372.34,368.19,0.011146
83,10,24,30,15,True,D_cost,0.9,0.6,2,4,4,340.64,340.49,0.00044
83,10,24,30,15,True,D_cost,1.1,1.0,0,4,4,285.09,285.09,0.0
83,10,24,30,15,True,D_cost,1.2,1.0,0,4,4,257.39,257.39,0.0
83,10,24,30,15,True,D_cost,1.3,1.0,0,4,4,229.69,229.69,0.0
83,10,24,30,15,True,E_prob,0.7,0.75,1,4,3,333.0985,329.2876,0.011441
83,10,24,30,15,True,E_prob,0.8,1.0,0,4,4,323.7536,323.7536,0.0
83,10,24,30,15,True,E_prob,0.9,1.0,0,4,4,318.2544,318.2544,0.0
83,10,24,30,15,True,E_prob,1.1,1.0,0,4,4,307.3604,307.3604,0.0
83,10,24,30,15,True,E_prob,1.2,0.6,2,4,4,302.7456,301.9656,0.002576
83,10,24,30,15,True,E_prob,1.3,0.6,2,4,4,299.7006,296.6056,0.010327
84,10,24,30,15,True,C_benefit,0.7,1.0,0,3,3,190.0,190.0,0.0
84,10,24,30,15,True,C_benefit,0.8,1.0,0,3,3,250.2,250.2,0.0
84,10,24,30,15,True,C_benefit,0.9,1.0,0,3,3,310.4,310.4,0.0
84,10,24,30,15,True,C_benefit,1.1,1.0,0,3,3,430.8,430.8,0.0
84,10,24,30,15,True,C_benefit,1.2,1.0,0,3,3,491.0,491.0,0.0
84,10,24,30,15,True,C_benefit,1.3,1.0,0,3,3,551.2,551.2,0.0
84,10,24,30,15,True,P_loss,0.7,1.0,0,3,3,374.92,374.92,0.0
84,10,24,30,15,True,P_loss,0.8,1.0,0,3,3,373.48,373.48,0.0
84,10,24,30,15,True,P_loss,0.9,1.0,0,3,3,372.04,372.04,0.0
84,10,24,30,15,True,P_loss,1.1,1.0,0,3,3,369.16,369.16,0.0
84,10,24,30,15,True,P_loss,1.2,1.0,0,3,3,367.72,367.72,0.0
84,10,24,30,15,True,P_loss,1.3,1.0,0,3,3,366.28,366.28,0.0
84,10,24,30,15,True,D_cost,0.7,1.0,0,3,3,435.7,435.7,0.0
84,10,24,30,15,True,D_cost,0.8,1.0,0,3,3,414.0,414.0,0.0
84,10,24,30,15,True,D_cost,0.9,1.0,0,3,3,392.3,392.3,0.0
84,10,24,30,15,True,D_cost,1.1,1.0,0,3,3,348.9,348.9,0.0
84,10,24,30,15,True,D_cost,1.2,1.0,0,3,3,327.2,327.2,0.0
84,10,24,30,15,True,D_cost,1.3,1.0,0,3,3,305.5,305.5,0.0
84,10,24,30,15,True,E_prob,0.7,1.0,0,3,3,374.92,374.92,0.0
84,10,24,30,15,True,E_prob,0.8,1.0,0,3,3,373.48,373.48,0.0
84,10,24,30,15,True,E_prob,0.9,1.0,0,3,3,372.04,372.04,0.0
84,10,24,30,15,True,E_prob,1.1,1.0,0,3,3,369.16,369.16,0.0
84,10,24,30,15,True,E_prob,1.2,1.0,0,3,3,367.72,367.72,0.0
84,10,24,30,15,True,E_prob,1.3,1.0,0,3,3,366.28,366.28,0.0
85,10,24,30,15,True,C_benefit,0.7,1.0,0,4,4,-35.0,-35.0,0.0
85,10,24,30,15,True,C_benefit,0.8,1.0,0,4,4,12.0,12.0,0.0
85,10,24,30,15,True,C_benefit,0.9,1.0,0,4,4,59.0,59.0,0.0
85,10,24,30,15,True,C_benefit,1.1,1.0,0,4,4,153.0,153.0,0.0
85,10,24,30,15,True,C_benefit,1.2,1.0,0,4,4,200.0,200.0,0.0
85,10,24,30,15,True,C_benefit,1.3,1.0,0,4,4,247.0,247.0,0.0
85,10,24,30,15,True,P_loss,0.7,1.0,0,4,4,116.8,116.8,0.0
85,10,24,30,15,True,P_loss,0.8,1.0,0,4,4,113.2,113.2,0.0
85,10,24,30,15,True,P_loss,0.9,1.0,0,4,4,109.6,109.6,0.0
85,10,24,30,15,True,P_loss,1.1,1.0,0,4,4,102.4,102.4,0.0
85,10,24,30,15,True,P_loss,1.2,1.0,0,4,4,98.8,98.8,0.0
85,10,24,30,15,True,P_loss,1.3,1.0,0,4,4,95.2,95.2,0.0
85,10,24,30,15,True,D_cost,0.7,1.0,0,4,4,204.4,204.4,0.0
85,10,24,30,15,True,D_cost,0.8,1.0,0,4,4,171.6,171.6,0.0
85,10,24,30,15,True,D_cost,0.9,1.0,0,4,4,138.8,138.8,0.0
85,10,24,30,15,True,D_cost,1.1,1.0,0,4,4,73.2,73.2,0.0
85,10,24,30,15,True,D_cost,1.2,1.0,0,4,4,40.4,40.4,0.0
85,10,24,30,15,True,D_cost,1.3,1.0,0,4,4,7.6,7.6,0.0
85,10,24,30,15,True,E_prob,0.7,1.0,0,4,4,116.8,116.8,0.0
85,10,24,30,15,True,E_prob,0.8,1.0,0,4,4,113.2,113.2,0.0
85,10,24,30,15,True,E_prob,0.9,1.0,0,4,4,109.6,109.6,0.0
85,10,24,30,15,True,E_prob,1.1,1.0,0,4,4,102.4,102.4,0.0
85,10,24,30,15,True,E_prob,1.2,1.0,0,4,4,98.8,98.8,0.0
85,10,24,30,15,True,E_prob,1.3,1.0,0,4,4,95.2,95.2,0.0
86,10,24,30,15,True,C_benefit,0.7,1.0,0,3,3,128.76,128.76,0.0
86,10,24,30,15,True,C_benefit,0.8,1.0,0,3,3,186.76,186.76,0.0
86,10,24,30,15,True,C_benefit,0.9,1.0,0,3,3,244.76,244.76,0.0
86,10,24,30,15,True,C_benefit,1.1,1.0,0,3,3,360.76,360.76,0.0
86,10,24,30,15,True,C_benefit,1.2,1.0,0,3,3,418.76,418.76,0.0
86,10,24,30,15,True,C_benefit,1.3,1.0,0,3,3,476.76,476.76,0.0
86,10,24,30,15,True,P_loss,0.7,1.0,0,3,3,311.532,311.532,0.0
86,10,24,30,15,True,P_loss,0.8,1.0,0,3,3,308.608,308.608,0.0
86,10,24,30,15,True,P_loss,0.9,1.0,0,3,3,305.684,305.684,0.0
86,10,24,30,15,True,P_loss,1.1,1.0,0,3,3,299.836,299.836,0.0
86,10,24,30,15,True,P_loss,1.2,1.0,0,3,3,296.912,296.912,0.0
86,10,24,30,15,True,P_loss,1.3,0.75,1,3,4,255.0,293.988,-0.152894
86,10,24,30,15,True,D_cost,0.7,0.75,1,3,4,349.2,377.16,-0.080069
86,10,24,30,15,True,D_cost,0.8,1.0,0,3,3,352.36,352.36,0.0
86,10,24,30,15,True,D_cost,0.9,1.0,0,3,3,327.56,327.56,0.0
86,10,24,30,15,True,D_cost,1.1,1.0,0,3,3,277.96,277.96,0.0
86,10,24,30,15,True,D_cost,1.2,1.0,0,3,3,253.16,253.16,0.0
86,10,24,30,15,True,D_cost,1.3,1.0,0,3,3,228.36,228.36,0.0
86,10,24,30,15,True,E_prob,0.7,1.0,0,3,3,312.2754,312.2754,0.0
86,10,24,30,15,True,E_prob,0.8,1.0,0,3,3,309.1744,309.1744,0.0
86,10,24,30,15,True,E_prob,0.9,1.0,0,3,3,306.0026,306.0026,0.0
86,10,24,30,15,True,E_prob,1.1,1.0,0,3,3,299.4466,299.4466,0.0
86,10,24,30,15,True,E_prob,1.2,1.0,0,3,3,296.0624,296.0624,0.0
86,10,24,30,15,True,E_prob,1.3,0.75,1,3,4,255.0,292.6074,-0.14748
87,10,24,30,15,True,C_benefit,0.7,1.0,0,5,5,169.2,169.2,0.0
87,10,24,30,15,True,C_benefit,0.8,1.0,0,5,5,244.8,244.8,0.0
87,10,24,30,15,True,C_benefit,0.9,1.0,0,5,5,320.4,320.4,0.0
87,10,24,30,15,True,C_benefit,1.1,1.0,0,5,5,471.6,471.6,0.0
87,10,24,30,15,True,C_benefit,1.2,1.0,0,5,5,547.2,547.2,0.0
87,10,24,30,15,True,C_benefit,1.3,1.0,0,5,5,622.8,622.8,0.0
87,10,24,30,15,True,P_loss,0.7,1.0,0,5,5,396.0,396.0,0.0
87,10,24,30,15,True,P_loss,0.8,1.0,0,5,5,396.0,396.0,0.0
87,10,24,30,15,True,P_loss,0.9,1.0,0,5,5,396.0,396.0,0.0
87,10,24,30,15,True,P_loss,1.1,1.0,0,5,5,396.0,396.0,0.0
87,10,24,30,15,True,P_loss,1.2,1.0,0,5,5,396.0,396.0,0.0
87,10,24,30,15,True,P_loss,1.3,1.0,0,5,5,396.0,396.0,0.0
87,10,24,30,15,True,D_cost,0.7,1.0,0,5,5,504.0,504.0,0.0
87,10,24,30,15,True,D_cost,0.8,1.0,0,5,5,468.0,468.0,0.0
87,10,24,30,15,True,D_cost,0.9,1.0,0,5,5,432.0,432.0,0.0
87,10,24,30,15,True,D_cost,1.1,1.0,0,5,5,360.0,360.0,0.0
87,10,24,30,15,True,D_cost,1.2,1.0,0,5,5,324.0,324.0,0.0
87,10,24,30,15,True,D_cost,1.3,1.0,0,5,5,288.0,288.0,0.0
87,10,24,30,15,True,E_prob,0.7,1.0,0,5,5,396.0,396.0,0.0
87,10,24,30,15,True,E_prob,0.8,1.0,0,5,5,396.0,396.0,0.0
87,10,24,30,15,True,E_prob,0.9,1.0,0,5,5,396.0,396.0,0.0
87,10,24,30,15,True,E_prob,1.1,1.0,0,5,5,396.0,396.0,0.0
87,10,24,30,15,True,E_prob,1.2,1.0,0,5,5,396.0,396.0,0.0
87,10,24,30,15,True,E_prob,1.3,1.0,0,5,5,396.0,396.0,0.0
88,10,24,30,15,True,C_benefit,0.7,1.0,0,3,3,170.2,170.2,0.0
88,10,24,30,15,True,C_benefit,0.8,1.0,0,3,3,232.0,232.0,0.0
88,10,24,30,15,True,C_benefit,0.9,1.0,0,3,3,293.8,293.8,0.0
88,10,24,30,15,True,C_benefit,1.1,1.0,0,3,3,417.4,417.4,0.0
88,10,24,30,15,True,C_benefit,1.2,1.0,0,3,3,479.2,479.2,0.0
88,10,24,30,15,True,C_benefit,1.3,1.0,0,3,3,541.0,541.0,0.0
88,10,24,30,15,True,P_loss,0.7,1.0,0,3,3,369.82,369.82,0.0
88,10,24,30,15,True,P_loss,0.8,1.0,0,3,3,365.08,365.08,0.0
88,10,24,30,15,True,P_loss,0.9,1.0,0,3,3,360.34,360.34,0.0
88,10,24,30,15,True,P_loss,1.1,1.0,0,3,3,350.86,350.86,0.0
88,10,24,30,15,True,P_loss,1.2,1.0,0,3,3,346.12,346.12,0.0
88,10,24,30,15,True,P_loss,1.3,1.0,0,3,3,341.38,341.38,0.0
88,10,24,30,15,True,D_cost,0.7,1.0,0,3,3,420.1,420.1,0.0
88,10,24,30,15,True,D_cost,0.8,1.0,0,3,3,398.6,398.6,0.0
88,10,24,30,15,True,D_cost,0.9,1.0,0,3,3,377.1,377.1,0.0
88,10,24,30,15,True,D_cost,1.1,1.0,0,3,3,334.1,334.1,0.0
88,10,24,30,15,True,D_cost,1.2,1.0,0,3,3,312.6,312.6,0.0
88,10,24,30,15,True,D_cost,1.3,1.0,0,3,3,291.1,291.1,0.0
88,10,24,30,15,True,E_prob,0.7,1.0,0,3,3,369.82,369.82,0.0
88,10,24,30,15,True,E_prob,0.8,1.0,0,3,3,365.08,365.08,0.0
88,10,24,30,15,True,E_prob,0.9,1.0,0,3,3,360.34,360.34,0.0
88,10,24,30,15,True,E_prob,1.1,1.0,0,3,3,350.86,350.86,0.0
88,10,24,30,15,True,E_prob,1.2,1.0,0,3,3,346.12,346.12,0.0
88,10,24,30,15,True,E_prob,1.3,1.0,0,3,3,341.38,341.38,0.0
89,10,24,30,15,True,C_benefit,0.7,1.0,0,3,3,131.62,131.62,0.0
89,10,24,30,15,True,C_benefit,0.8,1.0,0,3,3,194.02,194.02,0.0
89,10,24,30,15,True,C_benefit,0.9,1.0,0,3,3,256.42,256.42,0.0
89,10,24,30,15,True,C_benefit,1.1,1.0,0,3,3,381.22,381.22,0.0
89,10,24,30,15,True,C_benefit,1.2,1.0,0,3,3,443.62,443.62,0.0
89,10,24,30,15,True,C_benefit,1.3,1.0,0,3,3,506.02,506.02,0.0
89,10,24,30,15,True,P_loss,0.7,1.0,0,3,3,336.574,336.574,0.0
89,10,24,30,15,True,P_loss,0.8,1.0,0,3,3,330.656,330.656,0.0
89,10,24,30,15,True,P_loss,0.9,1.0,0,3,3,324.738,324.738,0.0
89,10,24,30,15,True,P_loss,1.1,1.0,0,3,3,312.902,312.902,0.0
89,10,24,30,15,True,P_loss,1.2,0.75,1,3,4,308.744,306.984,0.005701
89,10,24,30,15,True,P_loss,1.3,0.75,1,3,4,308.556,301.066,0.024274
89,10,24,30,15,True,D_cost,0.7,0.75,1,3,4,399.72,392.62,0.017762
89,10,24,30,15,True,D_cost,0.8,0.75,1,3,4,369.52,368.02,0.004059
89,10,24,30,15,True,D_cost,0.9,1.0,0,3,3,343.42,343.42,0.0
89,10,24,30,15,True,D_cost,1.1,1.0,0,3,3,294.22,294.22,0.0
89,10,24,30,15,True,D_cost,1.2,1.0,0,3,3,269.62,269.62,0.0
89,10,24,30,15,True,D_cost,1.3,1.0,0,3,3,245.02,245.02,0.0
89,10,24,30,15,True,E_prob,0.7,1.0,0,3,3,336.574,336.574,0.0
89,10,24,30,15,True,E_prob,0.8,1.0,0,3,3,330.656,330.656,0.0
89,10,24,30,15,True,E_prob,0.9,1.0,0,3,3,324.738,324.738,0.0
89,10,24,30,15,True,E_prob,1.1,1.0,0,3,3,312.902,312.902,0.0
89,10,24,30,15,True,E_prob,1.2,0.75,1,3,4,308.744,306.984,0.005701
89,10,24,30,15,True,E_prob,1.3,0.75,1,3,4,308.556,301.066,0.024274
90,10,24,30,15,True,C_benefit,0.7,1.0,0,3,3,176.38,176.38,0.0
90,10,24,30,15,True,C_benefit,0.8,1.0,0,3,3,235.58,235.58,0.0
90,10,24,30,15,True,C_benefit,0.9,1.0,0,3,3,294.78,294.78,0.0
90,10,24,30,15,True,C_benefit,1.1,1.0,0,3,3,413.18,413.18,0.0
90,10,24,30,15,True,C_benefit,1.2,1.0,0,3,3,472.38,472.38,0.0
90,10,24,30,15,True,C_benefit,1.3,1.0,0,3,3,531.58,531.58,0.0
90,10,24,30,15,True,P_loss,0.7,1.0,0,3,3,368.686,368.686,0.0
90,10,24,30,15,True,P_loss,0.8,1.0,0,3,3,363.784,363.784,0.0
90,10,24,30,15,True,P_loss,0.9,1.0,0,3,3,358.882,358.882,0.0
90,10,24,30,15,True,P_loss,1.1,1.0,0,3,3,349.078,349.078,0.0
90,10,24,30,15,True,P_loss,1.2,1.0,0,3,3,344.176,344.176,0.0
90,10,24,30,15,True,P_loss,1.3,1.0,0,3,3,339.274,339.274,0.0
90,10,24,30,15,True,D_cost,0.7,1.0,0,3,3,410.68,410.68,0.0
90,10,24,30,15,True,D_cost,0.8,1.0,0,3,3,391.78,391.78,0.0
90,10,24,30,15,True,D_cost,0.9,1.0,0,3,3,372.88,372.88,0.0
90,10,24,30,15,True,D_cost,1.1,1.0,0,3,3,335.08,335.08,0.0
90,10,24,30,15,True,D_cost,1.2,1.0,0,3,3,316.18,316.18,0.0
90,10,24,30,15,True,D_cost,1.3,1.0,0,3,3,297.28,297.28,0.0
90,10,24,30,15,True,E_prob,0.7,1.0,0,3,3,368.686,368.686,0.0
90,10,24,30,15,True,E_prob,0.8,1.0,0,3,3,363.784,363.784,0.0
90,10,24,30,15,True,E_prob,0.9,1.0,0,3,3,358.882,358.882,0.0
90,10,24,30,15,True,E_prob,1.1,1.0,0,3,3,349.078,349.078,0.0
90,10,24,30,15,True,E_prob,1.2,1.0,0,3,3,344.176,344.176,0.0
90,10,24,30,15,True,E_prob,1.3,1.0,0,3,3,339.274,339.274,0.0
91,10,24,30,15,True,C_benefit,0.7,1.0,0,6,6,37.6,37.6,0.0
91,10,24,30,15,True,C_benefit,0.8,1.0,0,6,6,97.4,97.4,0.0
91,10,24,30,15,True,C_benefit,0.9,1.0,0,6,6,157.2,157.2,0.0
91,10,24,30,15,True,C_benefit,1.1,1.0,0,6,6,276.8,276.8,0.0
91,10,24,30,15,True,C_benefit,1.2,1.0,0,6,6,336.6,336.6,0.0
91,10,24,30,15,True,C_benefit,1.3,1.0,0,6,6,396.4,396.4,0.0
91,10,24,30,15,True,P_loss,0.7,1.0,0,6,6,217.0,217.0,0.0
91,10,24,30,15,True,P_loss,0.8,1.0,0,6,6,217.0,217.0,0.0
91,10,24,30,15,True,P_loss,0.9,1.0,0,6,6,217.0,217.0,0.0
91,10,24,30,15,True,P_loss,1.1,1.0,0,6,6,217.0,217.0,0.0
91,10,24,30,15,True,P_loss,1.2,1.0,0,6,6,217.0,217.0,0.0
91,10,24,30,15,True,P_loss,1.3,1.0,0,6,6,217.0,217.0,0.0
91,10,24,30,15,True,D_cost,0.7,1.0,0,6,6,331.3,331.3,0.0
91,10,24,30,15,True,D_cost,0.8,1.0,0,6,6,293.2,293.2,0.0
91,10,24,30,15,True,D_cost,0.9,1.0,0,6,6,255.1,255.1,0.0
91,10,24,30,15,True,D_cost,1.1,1.0,0,6,6,178.9,178.9,0.0
91,10,24,30,15,True,D_cost,1.2,1.0,0,6,6,140.8,140.8,0.0
91,10,24,30,15,True,D_cost,1.3,1.0,0,6,6,102.7,102.7,0.0
91,10,24,30,15,True,E_prob,0.7,1.0,0,6,6,217.0,217.0,0.0
91,10,24,30,15,True,E_prob,0.8,1.0,0,6,6,217.0,217.0,0.0
91,10,24,30,15,True,E_prob,0.9,1.0,0,6,6,217.0,217.0,0.0
91,10,24,30,15,True,E_prob,1.1,1.0,0,6,6,217.0,217.0,0.0
91,10,24,30,15,True,E_prob,1.2,1.0,0,6,6,217.0,217.0,0.0
91,10,24,30,15,True,E_prob,1.3,1.0,0,6,6,217.0,217.0,0.0
92,10,24,30,15,True,C_benefit,0.7,0.6,2,4,4,-13.65,-13.82,0.012454
92,10,24,30,15,True,C_benefit,0.8,1.0,0,4,4,32.68,32.68,0.0
92,10,24,30,15,True,C_benefit,0.9,1.0,0,4,4,79.18,79.18,0.0
92,10,24,30,15,True,C_benefit,1.1,1.0,0,4,4,172.18,172.18,0.0
92,10,24,30,15,True,C_benefit,1.2,1.0,0,4,4,218.68,218.68,0.0
92,10,24,30,15,True,C_benefit,1.3,1.0,0,4,4,265.18,265.18,0.0
92,10,24,30,15,True,P_loss,0.7,0.6,2,4,4,146.411,140.176,0.042586
92,10,24,30,15,True,P_loss,0.8,1.0,0,4,4,135.344,135.344,0.0
92,10,24,30,15,True,P_loss,0.9,1.0,0,4,4,130.512,130.512,0.0
92,10,24,30,15,True,P_loss,1.1,1.0,0,4,4,120.848,120.848,0.0
92,10,24,30,15,True,P_loss,1.2,1.0,0,4,4,116.016,116.016,0.0
92,10,24,30,15,True,P_loss,1.3,0.6,2,4,4,111.225,111.184,0.000369
92,10,24,30,15,True,D_cost,0.7,0.25,6,4,6,213.0,212.98,9.4e-05
92,10,24,30,15,True,D_cost,0.8,1.0,0,4,4,183.88,183.88,0.0
92,10,24,30,15,True,D_cost,0.9,1.0,0,4,4,154.78,154.78,0.0
92,10,24,30,15,True,D_cost,1.1,1.0,0,4,4,96.58,96.58,0.0
92,10,24,30,15,True,D_cost,1.2,1.0,0,4,4,67.48,67.48,0.0
92,10,24,30,15,True,D_cost,1.3,1.0,0,4,4,38.38,38.38,0.0
92,10,24,30,15,True,E_prob,0.7,0.6,2,4,4,146.411,140.176,0.042586
92,10,24,30,15,True,E_prob,0.8,1.0,0,4,4,135.344,135.344,0.0
92,10,24,30,15,True,E_prob,0.9,1.0,0,4,4,130.512,130.512,0.0
92,10,24,30,15,True,E_prob,1.1,1.0,0,4,4,120.848,120.848,0.0
92,10,24,30,15,True,E_prob,1.2,1.0,0,4,4,116.016,116.016,0.0
92,10,24,30,15,True,E_prob,1.3,0.6,2,4,4,111.225,111.184,0.000369
93,10,24,30,15,True,C_benefit,0.7,1.0,0,5,5,147.1,147.1,0.0
93,10,24,30,15,True,C_benefit,0.8,1.0,0,5,5,216.9,216.9,0.0
93,10,24,30,15,True,C_benefit,0.9,1.0,0,5,5,286.7,286.7,0.0
93,10,24,30,15,True,C_benefit,1.1,1.0,0,5,5,426.3,426.3,0.0
93,10,24,30,15,True,C_benefit,1.2,1.0,0,5,5,496.1,496.1,0.0
93,10,24,30,15,True,C_benefit,1.3,1.0,0,5,5,565.9,565.9,0.0
93,10,24,30,15,True,P_loss,0.7,1.0,0,5,5,362.05,362.05,0.0
93,10,24,30,15,True,P_loss,0.8,1.0,0,5,5,360.2,360.2,0.0
93,10,24,30,15,True,P_loss,0.9,1.0,0,5,5,358.35,358.35,0.0
93,10,24,30,15,True,P_loss,1.1,1.0,0,5,5,354.65,354.65,0.0
93,10,24,30,15,True,P_loss,1.2,1.0,0,5,5,352.8,352.8,0.0
93,10,24,30,15,True,P_loss,1.3,1.0,0,5,5,350.95,350.95,0.0
93,10,24,30,15,True,D_cost,0.7,1.0,0,5,5,453.4,453.4,0.0
93,10,24,30,15,True,D_cost,0.8,1.0,0,5,5,421.1,421.1,0.0
93,10,24,30,15,True,D_cost,0.9,1.0,0,5,5,388.8,388.8,0.0
93,10,24,30,15,True,D_cost,1.1,1.0,0,5,5,324.2,324.2,0.0
93,10,24,30,15,True,D_cost,1.2,1.0,0,5,5,291.9,291.9,0.0
93,10,24,30,15,True,D_cost,1.3,1.0,0,5,5,259.6,259.6,0.0
93,10,24,30,15,True,E_prob,0.7,1.0,0,5,5,362.05,362.05,0.0
93,10,24,30,15,True,E_prob,0.8,1.0,0,5,5,360.2,360.2,0.0
93,10,24,30,15,True,E_prob,0.9,1.0,0,5,5,358.35,358.35,0.0
93,10,24,30,15,True,E_prob,1.1,1.0,0,5,5,354.65,354.65,0.0
93,10,24,30,15,True,E_prob,1.2,1.0,0,5,5,352.8,352.8,0.0
93,10,24,30,15,True,E_prob,1.3,1.0,0,5,5,350.95,350.95,0.0
94,10,24,30,15,True,C_benefit,0.7,1.0,0,3,3,136.8496,136.8496,0.0
94,10,24,30,15,True,C_benefit,0.8,1.0,0,3,3,188.3496,188.3496,0.0
94,10,24,30,15,True,C_benefit,0.9,1.0,0,3,3,239.8496,239.8496,0.0
94,10,24,30,15,True,C_benefit,1.1,1.0,0,3,3,342.8496,342.8496,0.0
94,10,24,30,15,True,C_benefit,1.2,1.0,0,3,3,394.3496,394.3496,0.0
94,10,24,30,15,True,C_benefit,1.3,1.0,0,3,3,445.8496,445.8496,0.0
94,10,24,30,15,True,P_loss,0.7,1.0,0,3,3,309.2447,309.2447,0.0
94,10,24,30,15,True,P_loss,0.8,1.0,0,3,3,303.2797,303.2797,0.0
94,10,24,30,15,True,P_loss,0.9,1.0,0,3,3,297.3146,297.3146,0.0
94,10,24,30,15,True,P_loss,1.1,1.0,0,3,3,285.3846,285.3846,0.0
94,10,24,30,15,True,P_loss,1.2,0.75,1,3,4,255.0,279.4195,-0.095763
94,10,24,30,15,True,P_loss,1.3,0.75,1,3,4,255.0,273.4545,-0.072371
94,10,24,30,15,True,D_cost,0.7,0.75,1,3,4,322.2,340.5496,-0.056951
94,10,24,30,15,True,D_cost,0.8,1.0,0,3,3,324.1496,324.1496,0.0
94,10,24,30,15,True,D_cost,0.9,1.0,0,3,3,307.7496,307.7496,0.0
94,10,24,30,15,True,D_cost,1.1,1.0,0,3,3,274.9496,274.9496,0.0
94,10,24,30,15,True,D_cost,1.2,1.0,0,3,3,258.5496,258.5496,0.0
94,10,24,30,15,True,D_cost,1.3,1.0,0,3,3,242.1496,242.1496,0.0
94,10,24,30,15,True,E_prob,0.7,1.0,0,3,3,309.3193,309.3193,0.0
94,10,24,30,15,True,E_prob,0.8,1.0,0,3,3,303.3348,303.3348,0.0
94,10,24,30,15,True,E_prob,0.9,1.0,0,3,3,297.3447,297.3447,0.0
94,10,24,30,15,True,E_prob,1.1,1.0,0,3,3,285.3502,285.3502,0.0
94,10,24,30,15,True,E_prob,1.2,1.0,0,3,3,279.3472,279.3472,0.0
94,10,24,30,15,True,E_prob,1.3,0.75,1,3,4,255.0,273.3412,-0.071926
95,10,24,30,15,True,C_benefit,0.7,0.6667,1,2,3,9.375,10.255,-0.093867
95,10,24,30,15,True,C_benefit,0.8,0.6667,1,2,3,73.475,82.655,-0.12494
95,10,24,30,15,True,C_benefit,0.9,0.6667,1,2,3,137.575,155.055,-0.127058
95,10,24,30,15,True,C_benefit,1.1,1.0,0,2,2,299.855,299.855,0.0
95,10,24,30,15,True,C_benefit,1.2,1.0,0,2,2,372.255,372.255,0.0
95,10,24,30,15,True,C_benefit,1.3,1.0,0,2,2,444.655,444.655,0.0
95,10,24,30,15,True,P_loss,0.7,1.0,0,2,2,326.6185,326.6185,0.0
95,10,24,30,15,True,P_loss,0.8,1.0,0,2,2,293.564,293.564,0.0
95,10,24,30,15,True,P_loss,0.9,1.0,0,2,2,260.5095,260.5095,0.0
95,10,24,30,15,True,P_loss,1.1,0.6667,1,2,3,181.8425,194.4005,-0.06906
95,10,24,30,15,True,P_loss,1.2,0.6667,1,2,3,162.01,161.346,0.004099
95,10,24,30,15,True,P_loss,1.3,0.5,2,2,4,146.77,128.2915,0.125901
95,10,24,30,15,True,D_cost,0.7,0.6667,1,2,3,273.975,277.255,-0.011972
95,10,24,30,15,True,D_cost,0.8,0.6667,1,2,3,249.875,260.655,-0.043142
95,10,24,30,15,True,D_cost,0.9,0.6667,1,2,3,225.775,244.055,-0.080966
95,10,24,30,15,True,D_cost,1.1,1.0,0,2,2,210.855,210.855,0.0
95,10,24,30,15,True,D_cost,1.2,1.0,0,2,2,194.255,194.255,0.0
95,10,24,30,15,True,D_cost,1.3,1.0,0,2,2,177.655,177.655,0.0
95,10,24,30,15,True,E_prob,0.7,1.0,0,2,2,316.4975,316.4975,0.0
95,10,24,30,15,True,E_prob,0.8,1.0,0,2,2,285.8528,285.8528,0.0
95,10,24,30,15,True,E_prob,0.9,1.0,0,2,2,256.1719,256.1719,0.0
95,10,24,30,15,True,E_prob,1.1,0.6667,1,2,3,191.0533,203.7191,-0.066295
95,10,24,30,15,True,E_prob,1.2,0.6667,1,2,3,184.9544,195.7943,-0.058609
95,10,24,30,15,True,E_prob,1.3,0.6667,1,2,3,178.8554,189.0146,-0.056801
96,10,24,30,15,True,C_benefit,0.7,1.0,0,4,4,137.622,137.622,0.0
96,10,24,30,15,True,C_benefit,0.8,1.0,0,4,4,197.722,197.722,0.0
96,10,24,30,15,True,C_benefit,0.9,1.0,0,4,4,257.822,257.822,0.0
96,10,24,30,15,True,C_benefit,1.1,1.0,0,4,4,378.022,378.022,0.0
96,10,24,30,15,True,C_benefit,1.2,1.0,0,4,4,438.122,438.122,0.0
96,10,24,30,15,True,C_benefit,1.3,1.0,0,4,4,498.222,498.222,0.0
96,10,24,30,15,True,P_loss,0.7,1.0,0,4,4,318.8454,318.8454,0.0
96,10,24,30,15,True,P_loss,0.8,1.0,0,4,4,318.5376,318.5376,0.0
96,10,24,30,15,True,P_loss,0.9,1.0,0,4,4,318.2298,318.2298,0.0
96,10,24,30,15,True,P_loss,1.1,1.0,0,4,4,317.6142,317.6142,0.0
96,10,24,30,15,True,P_loss,1.2,1.0,0,4,4,317.3064,317.3064,0.0
96,10,24,30,15,True,P_loss,1.3,1.0,0,4,4,316.9986,316.9986,0.0
96,10,24,30,15,True,D_cost,0.7,1.0,0,4,4,401.922,401.922,0.0
96,10,24,30,15,True,D_cost,0.8,1.0,0,4,4,373.922,373.922,0.0
96,10,24,30,15,True,D_cost,0.9,1.0,0,4,4,345.922,345.922,0.0
96,10,24,30,15,True,D_cost,1.1,1.0,0,4,4,289.922,289.922,0.0
96,10,24,30,15,True,D_cost,1.2,1.0,0,4,4,261.922,261.922,0.0
96,10,24,30,15,True,D_cost,1.3,1.0,0,4,4,233.922,233.922,0.0
96,10,24,30,15,True,E_prob,0.7,1.0,0,4,4,318.866,318.866,0.0
96,10,24,30,15,True,E_prob,0.8,1.0,0,4,4,318.5533,318.5533,0.0
96,10,24,30,15,True,E_prob,0.9,1.0,0,4,4,318.2386,318.2386,0.0
96,10,24,30,15,True,E_prob,1.1,1.0,0,4,4,317.6034,317.6034,0.0
96,10,24,30,15,True,E_prob,1.2,1.0,0,4,4,317.2829,317.2829,0.0
96,10,24,30,15,True,E_prob,1.3,1.0,0,4,4,316.9604,316.9604,0.0
97,10,24,30,15,True,C_benefit,0.7,1.0,0,4,4,117.6,117.6,0.0
97,10,24,30,15,True,C_benefit,0.8,1.0,0,4,4,183.7,183.7,0.0
97,10,24,30,15,True,C_benefit,0.9,1.0,0,4,4,249.8,249.8,0.0
97,10,24,30,15,True,C_benefit,1.1,1.0,0,4,4,382.0,382.0,0.0
97,10,24,30,15,True,C_benefit,1.2,1.0,0,4,4,448.1,448.1,0.0
97,10,24,30,15,True,C_benefit,1.3,1.0,0,4,4,514.2,514.2,0.0
97,10,24,30,15,True,P_loss,0.7,1.0,0,4,4,326.73,326.73,0.0
97,10,24,30,15,True,P_loss,0.8,1.0,0,4,4,323.12,323.12,0.0
97,10,24,30,15,True,P_loss,0.9,1.0,0,4,4,319.51,319.51,0.0
97,10,24,30,15,True,P_loss,1.1,1.0,0,4,4,312.29,312.29,0.0
97,10,24,30,15,True,P_loss,1.2,1.0,0,4,4,308.68,308.68,0.0
97,10,24,30,15,True,P_loss,1.3,1.0,0,4,4,305.07,305.07,0.0
97,10,24,30,15,True,D_cost,0.7,1.0,0,4,4,408.6,408.6,0.0
97,10,24,30,15,True,D_cost,0.8,1.0,0,4,4,377.7,377.7,0.0
97,10,24,30,15,True,D_cost,0.9,1.0,0,4,4,346.8,346.8,0.0
97,10,24,30,15,True,D_cost,1.1,1.0,0,4,4,285.0,285.0,0.0
97,10,24,30,15,True,D_cost,1.2,1.0,0,4,4,254.1,254.1,0.0
97,10,24,30,15,True,D_cost,1.3,1.0,0,4,4,223.2,223.2,0.0
97,10,24,30,15,True,E_prob,0.7,1.0,0,4,4,326.73,326.73,0.0
97,10,24,30,15,True,E_prob,0.8,1.0,0,4,4,323.12,323.12,0.0
97,10,24,30,15,True,E_prob,0.9,1.0,0,4,4,319.51,319.51,0.0
97,10,24,30,15,True,E_prob,1.1,1.0,0,4,4,312.29,312.29,0.0
97,10,24,30,15,True,E_prob,1.2,1.0,0,4,4,308.68,308.68,0.0
97,10,24,30,15,True,E_prob,1.3,1.0,0,4,4,305.07,305.07,0.0
98,10,24,30,15,True,C_benefit,0.7,1.0,0,4,4,-97.35,-97.35,0.0
98,10,24,30,15,True,C_benefit,0.8,1.0,0,4,4,-55.65,-55.65,0.0
98,10,24,30,15,True,C_benefit,0.9,1.0,0,4,4,-13.95,-13.95,0.0
98,10,24,30,15,True,C_benefit,1.1,1.0,0,4,4,69.45,69.45,0.0
98,10,24,30,15,True,C_benefit,1.2,1.0,0,4,4,111.15,111.15,0.0
98,10,24,30,15,True,C_benefit,1.3,1.0,0,4,4,152.85,152.85,0.0
98,10,24,30,15,True,P_loss,0.7,1.0,0,4,4,48.225,48.225,0.0
98,10,24,30,15,True,P_loss,0.8,1.0,0,4,4,41.4,41.4,0.0
98,10,24,30,15,True,P_loss,0.9,1.0,0,4,4,34.575,34.575,0.0
98,10,24,30,15,True,P_loss,1.1,1.0,0,4,4,20.925,20.925,0.0
98,10,24,30,15,True,P_loss,1.2,1.0,0,4,4,14.1,14.1,0.0
98,10,24,30,15,True,P_loss,1.3,1.0,0,4,4,7.275,7.275,0.0
98,10,24,30,15,True,D_cost,0.7,1.0,0,4,4,124.05,124.05,0.0
98,10,24,30,15,True,D_cost,0.8,1.0,0,4,4,91.95,91.95,0.0
98,10,24,30,15,True,D_cost,0.9,1.0,0,4,4,59.85,59.85,0.0
98,10,24,30,15,True,D_cost,1.1,1.0,0,4,4,-4.35,-4.35,0.0
98,10,24,30,15,True,D_cost,1.2,1.0,0,4,4,-36.45,-36.45,0.0
98,10,24,30,15,True,D_cost,1.3,1.0,0,4,4,-68.55,-68.55,0.0
98,10,24,30,15,True,E_prob,0.7,1.0,0,4,4,48.225,48.225,0.0
98,10,24,30,15,True,E_prob,0.8,1.0,0,4,4,41.4,41.4,0.0
98,10,24,30,15,True,E_prob,0.9,1.0,0,4,4,34.575,34.575,0.0
98,10,24,30,15,True,E_prob,1.1,1.0,0,4,4,20.925,20.925,0.0
98,10,24,30,15,True,E_prob,1.2,1.0,0,4,4,14.1,14.1,0.0
98,10,24,30,15,True,E_prob,1.3,1.0,0,4,4,7.275,7.275,0.0
99,10,24,30,15,True,C_benefit,0.7,1.0,0,3,3,319.9,319.9,0.0
99,10,24,30,15,True,C_benefit,0.8,1.0,0,3,3,399.0,399.0,0.0
99,10,24,30,15,True,C_benefit,0.9,1.0,0,3,3,478.1,478.1,0.0
99,10,24,30,15,True,C_benefit,1.1,1.0,0,3,3,636.3,636.3,0.0
99,10,24,30,15,True,C_benefit,1.2,1.0,0,3,3,715.4,715.4,0.0
99,10,24,30,15,True,C_benefit,1.3,1.0,0,3,3,794.5,794.5,0.0
99,10,24,30,15,True,P_loss,0.7,1.0,0,3,3,559.54,559.54,0.0
99,10,24,30,15,True,P_loss,0.8,1.0,0,3,3,558.76,558.76,0.0
99,10,24,30,15,True,P_loss,0.9,1.0,0,3,3,557.98,557.98,0.0
99,10,24,30,15,True,P_loss,1.1,1.0,0,3,3,556.42,556.42,0.0
99,10,24,30,15,True,P_loss,1.2,1.0,0,3,3,555.64,555.64,0.0
99,10,24,30,15,True,P_loss,1.3,1.0,0,3,3,554.86,554.86,0.0
99,10,24,30,15,True,D_cost,0.7,1.0,0,3,3,625.0,625.0,0.0
99,10,24,30,15,True,D_cost,0.8,1.0,0,3,3,602.4,602.4,0.0
99,10,24,30,15,True,D_cost,0.9,1.0,0,3,3,579.8,579.8,0.0
99,10,24,30,15,True,D_cost,1.1,1.0,0,3,3,534.6,534.6,0.0
99,10,24,30,15,True,D_cost,1.2,1.0,0,3,3,512.0,512.0,0.0
99,10,24,30,15,True,D_cost,1.3,1.0,0,3,3,489.4,489.4,0.0
99,10,24,30,15,True,E_prob,0.7,1.0,0,3,3,559.54,559.54,0.0
99,10,24,30,15,True,E_prob,0.8,1.0,0,3,3,558.76,558.76,0.0
99,10,24,30,15,True,E_prob,0.9,1.0,0,3,3,557.98,557.98,0.0
99,10,24,30,15,True,E_prob,1.1,1.0,0,3,3,556.42,556.42,0.0
99,10,24,30,15,True,E_prob,1.2,1.0,0,3,3,555.64,555.64,0.0
99,10,24,30,15,True,E_prob,1.3,1.0,0,3,3,554.86,554.86,0.0
100,10,24,30,15,True,C_benefit,0.7,1.0,0,5,5,120.5,120.5,0.0
100,10,24,30,15,True,C_benefit,0.8,1.0,0,5,5,182.0,182.0,0.0
100,10,24,30,15,True,C_benefit,0.9,1.0,0,5,5,243.5,243.5,0.0
100,10,24,30,15,True,C_benefit,1.1,0.2857,5,5,4,367.3,366.5,0.002178
100,10,24,30,15,True,C_benefit,1.2,0.2857,5,5,4,432.3,428.0,0.009947
100,10,24,30,15,True,C_benefit,1.3,0.5,3,5,4,499.7,489.5,0.020412
100,10,24,30,15,True,P_loss,0.7,0.0,7,5,2,350.0954,305.0,0.128809
100,10,24,30,15,True,P_loss,0.8,0.2857,5,5,4,320.24,305.0,0.047589
100,10,24,30,15,True,P_loss,0.9,0.2857,5,5,4,311.27,305.0,0.020143
100,10,24,30,15,True,P_loss,1.1,1.0,0,5,5,305.0,305.0,0.0
100,10,24,30,15,True,P_loss,1.2,1.0,0,5,5,305.0,305.0,0.0
100,10,24,30,15,True,P_loss,1.3,1.0,0,5,5,305.0,305.0,0.0
100,10,24,30,15,True,D_cost,0.7,0.6667,2,5,5,401.2,398.0,0.007976
100,10,24,30,15,True,D_cost,0.8,1.0,0,5,5,367.0,367.0,0.0
100,10,24,30,15,True,D_cost,0.9,1.0,0,5,5,336.0,336.0,0.0
100,10,24,30,15,True,D_cost,1.1,0.2857,5,5,4,276.5,274.0,0.009042
100,10,24,30,15,True,D_cost,1.2,0.2857,5,5,4,250.7,243.0,0.030714
100,10,24,30,15,True,D_cost,1.3,0.2857,5,5,4,224.9,212.0,0.057359
100,10,24,30,15,True,E_prob,0.7,0.1429,6,5,3,347.1807,305.0,0.121495
100,10,24,30,15,True,E_prob,0.8,0.2857,5,5,4,320.24,305.0,0.047589
100,10,24,30,15,True,E_prob,0.9,0.2857,5,5,4,311.27,305.0,0.020143
100,10,24,30,15,True,E_prob,1.1,1.0,0,5,5,305.0,305.0,0.0
100,10,24,30,15,True,E_prob,1.2,1.0,0,5,5,305.0,305.0,0.0
100,10,24,30,15,True,E_prob,1.3,1.0,0,5,5,305.0,305.0,0.0
